field,refinement,time_s,radius_cm,coarse_raw,fine_raw,coarse_4dp,fine_4dp
T,time,159,1.9,28.28465008280606,28.28464976665884,28.2847,28.2846
T,time,186,1.7,28.232150264466775,28.23214986518916,28.2322,28.2321
T,time,190,0.4,28.00785017444861,28.00784998543769,28.0079,28.0078
T,time,202,0.2,28.00715005141027,28.007149853314637,28.0072,28.0071
T,time,215,1.9,28.439650100674932,28.439649771324053,28.4397,28.4396
T,time,223,1.2,28.107850367647412,28.107849901386885,28.1079,28.1078
T,time,230,0.2,28.01365024765005,28.013649951173367,28.0137,28.0136
T,time,238,1.4,28.193950345815818,28.19394987837647,28.1940,28.1939
T,time,246,0.7,28.046050045916836,28.046049606147964,28.0461,28.0460
T,time,259,0.2,28.02365006736691,28.02364966605869,28.0237,28.0236
T,time,266,1.8,28.497950360303584,28.497949743680355,28.4980,28.4979
T,time,271,1.8,28.513350100922093,28.513349453439297,28.5134,28.5133
T,time,285,0.5,28.052850223785942,28.05284970688844,28.0529,28.0528
T,time,291,1.4,28.290750013108248,28.29074934554119,28.2908,28.2907
T,time,296,1.3,28.252150499793668,28.25214983328887,28.2522,28.2521
T,time,300,0.8,28.105450126852507,28.10544953615926,28.1055,28.1054
T,time,306,1.3,28.27095019110932,28.27094947347522,28.2710,28.2709
T,time,317,0.2,28.05505040399884,28.05504981513335,28.0551,28.0550
T,time,319,0.5,28.078550505862136,28.078549889958992,28.0786,28.0785
T,time,320,1.4,28.353950709520916,28.35394990911798,28.3540,28.3539
T,time,321,1.3,28.30085008918557,28.300849304900538,28.3009,28.3008
T,time,333,0.7,28.121550007991747,28.121549316912198,28.1216,28.1215
T,time,334,0.7,28.122650388695472,28.12264969383752,28.1227,28.1226
T,time,354,0.8,28.169350335953173,28.169349546216885,28.1694,28.1693
T,time,357,0.6,28.130050591768278,28.130049827764534,28.1301,28.1300
T,time,362,1.8,28.835750079076494,28.8357493896951,28.8358,28.8357
T,time,371,0.1,28.09485064133635,28.09484987681616,28.0949,28.0948
T,time,375,0.9,28.230450638613977,28.230449768217706,28.2305,28.2304
T,time,376,1.7,28.76935020783906,28.76934945571059,28.7694,28.7693
T,time,378,1.1,28.317550290071257,28.317549404020117,28.3176,28.3175
T,time,379,1.3,28.432350477901604,28.432349610403346,28.4324,28.4323
T,time,391,0.6,28.172050316596607,28.172049434465773,28.1721,28.1720
T,time,410,0.0,28.133650868462873,28.133649960658644,28.1337,28.1336
T,time,413,0.8,28.25985065042622,28.259849693383625,28.2599,28.2598
T,time,414,1.3,28.520850272388973,28.520849355785188,28.5209,28.5208
T,time,416,0.6,28.20735020121134,28.20734924433002,28.2074,28.2073
T,time,426,1.8,29.07755010608175,29.07754935250814,29.0776,29.0775
T,time,428,1.2,28.48695005586199,28.486949098737668,28.4870,28.4869
T,time,434,1.7,28.975350219677974,28.97534943434283,28.9754,28.9753
T,time,435,0.6,28.236650724482136,28.236649715938263,28.2367,28.2366
T,time,439,1.3,28.587950160987496,28.58794920895228,28.5880,28.5879
T,time,444,1.2,28.527350707659718,28.52734972756283,28.5274,28.5273
T,time,449,0.7,28.28945020276897,28.289449160004725,28.2895,28.2894
T,time,449,1.3,28.615650835987363,28.61564988066139,28.6157,28.6156
T,time,453,0.6,28.26635058222342,28.266349527685183,28.2664,28.2663
T,time,458,0.4,28.22955071553523,28.229549646860644,28.2296,28.2295
T,time,458,0.9,28.386350742297957,28.38634969431852,28.3864,28.3863
T,time,461,0.6,28.28015068148045,28.280149607490742,28.2802,28.2801
T,time,461,0.7,28.311350967173006,28.311349897211358,28.3114,28.3113
T,time,462,1.5,28.84025043780044,28.840249588452032,28.8403,28.8402
T,time,465,0.5,28.26125093349548,28.261249847341272,28.2613,28.2612
T,time,465,1.1,28.513350155223275,28.513349136128568,28.5134,28.5133
T,time,466,1.5,28.853150290679903,28.85314944657798,28.8532,28.8531
T,time,467,1.6,28.968950055391492,28.968949273411724,28.9690,28.9689
T,time,468,1.2,28.590250262996705,28.590249274980348,28.5903,28.5902
T,time,470,0.0,28.212550517045262,28.212549415064984,28.2126,28.2125
T,time,472,1.0,28.469550506681852,28.469549458202927,28.4696,28.4695
T,time,474,0.9,28.420850094586978,28.420849023780672,28.4209,28.4208
T,time,475,0.9,28.423050297267828,28.423049225309086,28.4231,28.4230
T,time,484,0.6,28.321850838630223,28.321849714632787,28.3219,28.3218
T,time,501,0.6,28.354551057340878,28.35454990393596,28.3546,28.3545
T,time,506,1.6,29.10185027457518,29.101849436848838,29.1019,29.1018
T,time,517,0.4,28.33145007313184,28.33144885832995,28.3315,28.3314
T,time,525,0.4,28.346750634710453,28.34674938698501,28.3468,28.3467
T,time,531,1.0,28.615050256040245,28.615049135595388,28.6151,28.6150
T,time,534,0.5,28.390150872439516,28.390149606144515,28.3902,28.3901
T,time,540,2.0,29.878450765626983,29.878449857537113,29.8785,29.8784
T,time,547,0.8,28.538051004545373,28.538049766556963,28.5381,28.5380
T,time,547,1.9,29.721750750159213,29.721749828346343,29.7218,29.7217
T,time,548,0.6,28.452650622315627,28.45264932916829,28.4527,28.4526
T,time,554,0.9,28.611051075860235,28.611049836871697,28.6111,28.6110
T,time,556,0.5,28.436450122756824,28.436448780131194,28.4365,28.4364
T,time,561,0.2,28.383550682276645,28.38354927834808,28.3836,28.3835
T,time,574,1.5,29.21935030642227,29.21934913413577,29.2194,29.2193
T,time,577,1.3,28.999850256196833,28.999849002195518,28.9999,28.9998
T,time,578,0.4,28.456350976133884,28.456349537745304,28.4564,28.4563
T,time,579,0.5,28.48735059756714,28.487349171999984,28.4874,28.4873
T,time,580,0.2,28.422950005371757,28.422948536025924,28.4230,28.4229
T,time,582,1.4,29.126350427510054,29.126349196173937,29.1264,29.1263
T,time,584,0.5,28.49875050557579,28.498749061144988,28.4988,28.4987
T,time,590,1.7,29.56755013653671,29.56754905663416,29.5676,29.5675
T,time,591,1.8,29.73875051600213,29.73874949935559,29.7388,29.7387
T,time,592,0.2,28.448751359142154,28.448749848042564,28.4488,28.4487
T,time,595,0.5,28.524251079863035,28.52424959322555,28.5243,28.5242
T,time,597,1.5,29.304650415487,29.304649204766893,29.3047,29.3046
T,time,600,0.8,28.671650530395137,28.67164907564498,28.6717,28.6716
T,time,601,1.0,28.80685009325037,28.806848678616266,28.8069,28.8068
T,time,622,1.4,29.26935063461674,29.269349296487935,29.2694,29.2693
T,time,623,1.2,29.049851182942646,29.049849766282914,29.0499,29.0498
T,time,623,1.5,29.403451048983566,29.403449734348644,29.4035,29.4034
T,time,628,1.2,29.066451315222825,29.06644987971769,29.0665,29.0664
T,time,630,0.8,28.753150752030784,28.753149188498742,28.7532,28.7531
T,time,634,0.2,28.544550276793284,28.544548611915655,28.5446,28.5445
T,time,640,0.8,28.781250816663547,28.78124921854665,28.7813,28.7812
T,time,642,1.9,30.16925065755487,30.169249329328338,30.1693,30.1692
T,time,643,1.8,29.97565036353509,29.975648977734707,29.9757,29.9756
T,time,647,0.1,28.565151388436046,28.565149671147307,28.5652,28.5651
T,time,649,0.7,28.74865050427801,28.748648851491343,28.7487,28.7486
T,time,649,1.9,30.205550682340313,30.205549322110073,30.2056,30.2055
T,time,654,0.3,28.61145032762464,28.61144859677196,28.6115,28.6114
T,time,656,0.6,28.717950718693846,28.71794902113816,28.7180,28.7179
T,time,660,0.4,28.652751392414256,28.652749650474366,28.6528,28.6527
T,time,662,1.6,29.712651352352836,29.712649799439234,29.7127,29.7126
T,time,663,0.6,28.737050193735588,28.737048470123312,28.7371,28.7370
T,time,664,0.4,28.663151708268373,28.663149951810727,28.6632,28.6631
T,time,666,0.1,28.61205014487451,28.612048358476144,28.6121,28.6120
T,time,666,1.4,29.43585104288159,29.435849432529434,29.4359,29.4358
T,time,667,1.9,30.300350193455937,30.300348916997144,30.3004,30.3003
T,time,670,1.6,29.747951203814953,29.747949632754345,29.7480,29.7479
T,time,672,0.3,28.657451426811637,28.65744963074093,28.6575,28.6574
T,time,674,1.3,29.33975121430731,29.339749547380393,29.3398,29.3397
T,time,679,1.3,29.358650834487825,29.358649145799507,29.3587,29.3586
T,time,681,1.9,30.37215085810499,30.372149670552584,30.3722,30.3721
T,time,688,1.2,29.275650132479875,29.275648390941978,29.2757,29.2756
T,time,693,2.0,30.66165104357861,30.661649973534875,30.6617,30.6616
T,time,697,0.1,28.692250619791754,28.692248719517934,28.6923,28.6922
T,time,703,0.2,28.72025190098239,28.720249980899286,28.7203,28.7202
T,time,707,1.1,29.23775126061394,29.237749441452003,29.2378,29.2377
T,time,715,1.8,30.32735037405492,30.327349151036813,30.3274,30.3273
T,time,716,1.3,29.50235054879627,29.50234883289544,29.5024,29.5023
T,time,718,0.9,29.092751191584444,29.092749285572328,29.0928,29.0927
T,time,718,1.2,29.38745124629063,29.387449462994844,29.3875,29.3874
T,time,719,0.0,28.747850629425294,28.747848640932954,28.7479,28.7478
T,time,719,1.6,29.9672509306105,29.967249502011455,29.9673,29.9672
T,time,721,0.6,28.904351804285962,28.904349837701712,28.9044,28.9043
T,time,723,0.3,28.7961517611444,28.796149763488064,28.7962,28.7961
T,time,724,0.7,28.969950373534676,28.969948408257306,28.9700,28.9699
T,time,724,1.4,29.671451288360785,29.67144966403694,29.6715,29.6714
T,time,725,1.6,29.994151075317802,29.99414965364783,29.9942,29.9941
T,time,726,1.0,29.207350333493697,29.207348441521468,29.2074,29.2073
T,time,730,0.1,28.782651740042716,28.78264970661039,28.7827,28.7826
T,time,730,1.8,30.399251254754247,30.39924997348335,30.3993,30.3992
T,time,734,0.8,29.068951213245665,29.068949236903034,29.0690,29.0689
T,time,736,0.1,28.799651737476058,28.799649678876815,28.7997,28.7996
T,time,737,0.8,29.078850562043854,29.078848577953043,29.0789,29.0788
T,time,739,1.6,30.057050186082737,30.05704872614524,30.0571,30.0570
T,time,741,0.1,28.813951979250838,28.813949899765973,28.8140,28.8139
T,time,743,1.4,29.75065083691358,29.750649208578032,29.7507,29.7506
T,time,744,0.9,29.18115147484405,29.181149511697285,29.1812,29.1811
T,time,745,1.3,29.618250245332757,29.6182485336035,29.6183,29.6182
T,time,757,0.7,29.076051713157764,29.076049651269415,29.0761,29.0760
T,time,757,1.7,30.32675077319774,30.32674930963234,30.3268,30.3267
T,time,759,1.4,29.818050233493967,29.81804856598282,29.8181,29.8180
T,time,763,0.8,29.16635060058758,29.16634856215753,29.1664,29.1663
T,time,769,0.2,28.90965192401309,28.909649739460605,28.9097,28.9096
T,time,774,0.6,29.07155030724867,29.071548175117346,29.0716,29.0715
T,time,774,0.8,29.204250632682477,29.20424857329746,29.2043,29.2042
T,time,777,1.6,30.231050065682126,30.231048475611807,30.2311,30.2310
T,time,778,0.1,28.923552177330038,28.923549956503365,28.9236,28.9235
T,time,778,2.0,31.109250699123262,31.109249410504244,31.1093,31.1092
T,time,779,1.2,29.624951805593753,29.624949955560375,29.6250,29.6249
T,time,780,1.2,29.628950618546742,29.628948766085877,29.6290,29.6289
T,time,784,0.7,29.166550537422445,29.166548416706988,29.1666,29.1665
T,time,786,0.0,28.94355131264821,28.943549063750357,28.9436,28.9435
T,time,795,2.0,31.19955036176915,31.199549223168045,31.1996,31.1995
T,time,796,0.1,28.97925187364486,28.979249597075714,28.9793,28.9792
T,time,801,1.3,29.8494504770758,29.849448640488138,29.8495,29.8494
T,time,809,0.5,29.13535096476139,29.135348720761197,29.1354,29.1353
T,time,809,1.5,30.200151602784608,30.20014994943218,30.2002,30.2001
T,time,810,0.2,29.037852093529192,29.037849787413233,29.0379,29.0378
T,time,810,0.7,29.256650426939615,29.256648249115173,29.2567,29.2566
T,time,813,0.9,29.42945088206832,29.429448787713614,29.4295,29.4294
T,time,818,0.8,29.360852047154722,29.360849894677532,29.3609,29.3608
T,time,819,0.3,29.09115117399789,29.091148860232625,29.0912,29.0911
T,time,821,1.2,29.796050908346572,29.79604899348614,29.7961,29.7960
T,time,826,0.9,29.47835206984643,29.478349953113934,29.4784,29.4783
T,time,833,0.9,29.50495071822554,29.50494859290886,29.5050,29.5049
T,time,834,2.0,31.397450769567417,31.397449697700807,31.3975,31.3974
T,time,839,0.0,29.1134500846143,29.113447697598733,29.1135,29.1134
T,time,846,1.9,31.20735046076753,31.207349293919496,31.2074,31.2073
T,time,854,0.1,29.168851114143397,29.16884869794476,29.1689,29.1688
T,time,855,0.1,29.172250947080833,29.17224852884226,29.1723,29.1722
T,time,858,0.2,29.197651359979478,29.197648945595816,29.1977,29.1976
T,time,859,1.6,30.615650070801802,30.61564861704902,30.6157,30.6156
T,time,864,1.5,30.451250354314165,30.45124879583179,30.4513,30.4512
T,time,866,0.9,29.632651823671473,29.632649686091423,29.6327,29.6326
T,time,871,0.2,29.242652291236283,29.24264985355069,29.2427,29.2426
T,time,872,1.4,30.314250077003056,30.314248414544874,30.3143,30.3142
T,time,878,0.0,29.24645183543772,29.246449371969593,29.2465,29.2464
T,time,880,0.7,29.512850955429986,29.51284868442675,29.5129,29.5128
T,time,880,0.8,29.594351517844046,29.594349310343098,29.5944,29.5943
T,time,881,0.0,29.256950766708485,29.256948298657125,29.2570,29.2569
T,time,886,0.2,29.295452016465042,29.29544955707316,29.2955,29.2954
T,time,889,1.5,30.56565107435644,30.565649512932236,30.5657,30.5656
T,time,892,0.6,29.487851301755025,29.487848971680275,29.4879,29.4878
T,time,892,0.8,29.64105097958784,29.641048773185776,29.6411,29.6410
T,time,895,1.0,29.854950680793323,29.85494863491445,29.8550,29.8549
T,time,897,0.2,29.33475134244513,29.334748871080226,29.3348,29.3347
T,time,897,1.1,29.983550113289485,29.98354815880964,29.9836,29.9835
T,time,898,0.9,29.75965052973204,29.759648400708652,29.7597,29.7596
T,time,898,1.2,30.121551012476164,30.121549153739707,30.1216,30.1215
T,time,899,0.4,29.406051289858436,29.406048869009453,29.4061,29.4060
T,time,899,1.5,30.61155056019375,30.611548996616904,30.6116,30.6115
T,time,900,0.2,29.345552407370878,29.3455499333285,29.3456,29.3455
T,time,912,0.1,29.372951454740644,29.372948958543724,29.3730,29.3729
T,time,917,1.1,30.06785081269641,30.067848863017243,30.0679,30.0678
T,time,917,2.0,31.821050343713026,31.82104903654826,31.8211,31.8210
T,time,920,0.4,29.4839513968634,29.483948968593047,29.4840,29.4839
T,time,920,1.0,29.95805114547718,29.95804910679002,29.9581,29.9580
T,time,922,0.4,29.491451879305657,29.49144945077647,29.4915,29.4914
T,time,923,1.2,30.229450940578726,30.229449080534533,30.2295,30.2294
T,time,925,1.3,30.388251602582425,30.388249826488963,30.3883,30.3882
T,time,930,1.9,31.630550368156847,31.630548923754933,31.6306,31.6305
T,time,931,1.0,30.003851601087884,30.00384956195684,30.0039,30.0038
T,time,939,1.4,30.61635020067608,30.6163484476224,30.6164,30.6163
T,time,940,0.3,29.520551141921892,29.5205486786217,29.5206,29.5205
T,time,941,0.2,29.49655201631148,29.496549527773027,29.4966,29.4965
T,time,947,0.2,29.519152144333297,29.519149656444302,29.5192,29.5191
T,time,951,0.8,29.876551365821495,29.876549165406274,29.8766,29.8765
T,time,955,0.8,29.892851337944716,29.892849135475764,29.8929,29.8928
T,time,956,0.7,29.809851946426786,29.809849678254125,29.8099,29.8098
T,time,957,1.2,30.3782519367228,30.37824999924302,30.3783,30.3782
T,time,969,1.4,30.755451309203735,30.75544943811536,30.7555,30.7554
T,time,970,1.4,30.76015114223414,30.76014926820866,30.7602,30.7601
T,time,974,1.5,30.964151627715154,30.964149811886546,30.9642,30.9641
T,time,977,2.0,32.15545114135466,32.155449948146476,32.1555,32.1554
T,time,980,0.0,29.622651186822136,29.622648687519632,29.6227,29.6226
T,time,980,0.5,29.766752236218323,29.76674985421971,29.7668,29.7667
T,time,980,1.1,30.339250977029142,30.33924891646307,30.3393,30.3392
T,time,980,1.2,30.4808508063834,30.480848800596032,30.4809,30.4808
T,time,981,1.1,30.3436501521813,30.343648089233834,30.3437,30.3436
T,time,982,1.3,30.645950457706043,30.645948507967763,30.6460,30.6459
T,time,983,0.9,30.109750097784623,30.10974792034808,30.1098,30.1097
T,time,984,0.6,29.84695198145484,29.846949643892422,29.8470,29.8469
T,time,985,0.3,29.693850941614297,29.693848486598682,29.6939,29.6938
T,time,990,0.0,29.661451333476677,29.661448836814923,29.6615,29.6614
T,time,993,0.0,29.673151395792516,29.673148899702003,29.6732,29.6731
T,time,994,0.4,29.77005095698036,29.770048531886957,29.7701,29.7700
T,time,995,0.6,29.891550759734574,29.891548413305568,29.8916,29.8915
T,time,1001,1.5,31.095650702829428,31.095649000634438,31.0957,31.0956
T,time,1004,1.5,31.110251141152354,31.11024945205986,31.1103,31.1102
T,time,1006,0.2,29.74755057627704,29.74754809785477,29.7476,29.7475
T,time,1008,0.4,29.826050977351404,29.826048546088128,29.8261,29.8260
T,time,1009,0.5,29.88335072169058,29.883348323307303,29.8834,29.8833
T,time,1011,0.8,30.125751289852623,30.125749021254123,30.1258,30.1257
T,time,1015,0.6,29.97355168692505,29.97354932233383,29.9736,29.9735
T,time,1015,1.7,31.589950428001035,31.58994904360275,31.5900,31.5899
T,time,1031,0.1,29.82965195957562,29.82964946115393,29.8297,29.8296
T,time,1031,0.9,30.316251804726445,30.316249595943088,30.3163,30.3162
T,time,1035,1.6,31.46695108060084,31.466949528100518,31.4670,31.4669
T,time,1036,1.7,31.694150479216304,31.694148940053463,31.6942,31.6941
T,time,1038,0.2,29.875851902716065,29.875849411846918,29.8759,29.8758
T,time,1043,1.4,31.107450234028224,31.10744849031812,31.1075,31.1074
T,time,1044,1.5,31.304050450816106,31.304048763187094,31.3041,31.3040
T,time,1044,1.7,31.734650405624475,31.73464876035211,31.7347,31.7346
T,time,1045,0.0,29.880252111663125,29.880249603203527,29.8803,29.8802
T,time,1047,1.4,31.12655096213377,31.126549196783817,31.1266,31.1265
T,time,1047,1.9,32.24905009663126,32.2490484640576,32.2491,32.2490
T,time,1050,0.6,30.119851574940558,30.119849201009355,30.1199,30.1198
T,time,1052,0.3,29.963250980717,29.963248502858804,29.9633,29.9632
T,time,1056,0.1,29.931152316789582,29.93114980781775,29.9312,29.9311
T,time,1057,0.1,29.93525052892561,29.93524801966526,29.9353,29.9352
T,time,1057,1.1,30.685250345565,30.685248321849805,30.6853,30.6852
T,time,1057,1.5,31.36765072395771,31.367648921847085,31.3677,31.3676
T,time,1058,0.1,29.939351647190364,29.939349137659192,29.9394,29.9393
T,time,1061,1.6,31.596951325694054,31.596949502431027,31.5970,31.5969
T,time,1068,2.0,32.65625130515276,32.656249636819965,32.6563,32.6562
T,time,1075,0.2,30.027952258786776,30.02794976030323,30.0280,30.0279
T,time,1075,0.3,30.05875047096325,30.05874799351723,30.0588,30.0587
T,time,1076,1.8,32.15145068201853,32.15144880738942,32.1515,32.1514
T,time,1077,0.6,30.234951094759573,30.234948732091016,30.2350,30.2349
T,time,1078,1.9,32.43075044117937,32.43074862719483,32.4308,32.4307
T,time,1080,0.6,30.247851225452717,30.24784886328789,30.2479,30.2478
T,time,1083,1.3,31.12075060671955,31.120748572259192,31.1208,31.1207
T,time,1084,0.5,30.196151738979243,30.196149331811412,30.1962,30.1961
T,time,1084,2.0,32.7574507816298,32.757449224968425,32.7575,32.7574
T,time,1085,0.4,30.14425084781596,30.144248402962926,30.1443,30.1442
T,time,1087,0.3,30.109151954401316,30.10914948019931,30.1092,30.1091
T,time,1094,0.7,30.39075124836426,30.390748929347573,30.3908,30.3907
T,time,1096,1.7,32.014450492218536,32.01444863616406,32.0145,32.0144
T,time,1102,0.2,30.14135215806319,30.14134966635791,30.1414,30.1413
T,time,1102,1.3,31.213450800147225,31.213448671949454,31.2135,31.2134
T,time,1102,2.0,32.863851044182454,32.86384963314593,32.8639,32.8638
T,time,1104,0.6,30.351852358920407,30.351849986101005,30.3519,30.3518
T,time,1104,1.0,30.764650020957784,30.764647799954417,30.7647,30.7646
T,time,1109,1.3,31.248051329508435,31.24804919164319,31.2481,31.2480
T,time,1112,1.6,31.867050936036485,31.867049059131183,31.8671,31.8670
T,time,1113,0.3,30.219650316363545,30.219647844369213,30.2197,30.2196
T,time,1118,1.0,30.829651116976432,30.829648851539314,30.8297,30.8296
T,time,1125,0.4,30.315850875493176,30.31584841922839,30.3159,30.3158
T,time,1135,0.2,30.282550834440887,30.282548335043074,30.2826,30.2825
T,time,1138,1.3,31.39315054070993,31.393148440456688,31.3932,31.3931
T,time,1140,1.2,31.23115102016954,31.23114884270672,31.2312,31.2311
T,time,1141,1.6,32.02275159336098,32.02274982944407,32.0228,32.0227
T,time,1142,1.9,32.79815082394966,32.798149396144055,32.7982,32.7981
T,time,1143,0.4,30.394452171329988,30.394449693196712,30.3945,30.3944
T,time,1143,0.8,30.707751587782063,30.70774920949319,30.7078,30.7077
T,time,1145,0.7,30.618152031982515,30.61814961997696,30.6182,30.6181
T,time,1147,1.6,32.054851578196974,32.054849827987674,32.0549,32.0548
T,time,1150,1.5,31.84845180416109,31.848449942502597,31.8485,31.8484
T,time,1154,0.5,30.501550746060197,30.501548271161507,30.5016,30.5015
T,time,1158,1.4,31.68415073971114,31.684148780215832,31.6842,31.6841
T,time,1161,1.8,32.62865027774945,32.62864869535222,32.6287,32.6286
T,time,1162,0.3,30.432750865523957,30.432748346177238,30.4328,30.4327
T,time,1164,1.4,31.7151501183663,31.71514816257025,31.7152,31.7151
T,time,1164,1.9,32.92195105820615,32.921949558762094,32.9220,32.9219
T,time,1165,0.7,30.709451405293137,30.709448971025044,30.7095,30.7094
T,time,1169,0.7,30.727852308714656,30.72784987187858,30.7279,30.7278
T,time,1176,0.2,30.462050574323,30.46204802571619,30.4621,30.4620
T,time,1178,0.1,30.451252521812687,30.45124996420638,30.4513,30.4512
T,time,1179,0.7,30.774052300234814,30.774049859132777,30.7741,30.7740
T,time,1181,0.1,30.464550845434218,30.464548283829245,30.4646,30.4645
T,time,1182,0.3,30.521652147538827,30.52164960238987,30.5217,30.5216
T,time,1188,1.0,31.1638501632033,31.16384788501691,31.1639,31.1638
T,time,1189,0.2,30.519952089442558,30.519949524629066,30.5200,30.5199
T,time,1191,1.4,31.855251729389625,31.855249765400583,31.8553,31.8552
T,time,1193,1.7,32.545850033740855,32.54584832644477,32.5459,32.5458
T,time,1194,0.2,30.542350193498347,30.542347623139893,30.5424,30.5423
T,time,1195,0.3,30.580050250787863,30.580047692055537,30.5801,30.5800
T,time,1195,0.5,30.686851301436505,30.68684878595915,30.6869,30.6868
T,time,1199,0.6,30.779251920581956,30.77924943579366,30.7793,30.7792
T,time,1204,0.4,30.6676508546531,30.667648308297927,30.6677,30.6676
T,time,1208,0.7,30.909550438536,30.90954799344668,30.9096,30.9095
T,time,1210,1.2,31.581351634917414,31.581349502554072,31.5814,31.5813
T,time,1211,0.0,30.592252033177523,30.592249436023746,30.5923,30.5922
T,time,1211,1.4,31.95985143869206,31.959849465484062,31.9599,31.9598
T,time,1214,0.2,30.632650379675294,30.632647791797677,30.6327,30.6326
T,time,1218,1.9,33.229450541900086,33.229449206162634,33.2295,33.2294
T,time,1221,0.4,30.745651933740707,30.74564937921394,30.7457,30.7456
T,time,1223,0.2,30.673650356949047,30.673647763526233,30.6737,30.6736
T,time,1224,0.9,31.20715094387002,31.207148604620798,31.2072,31.2071
T,time,1228,0.9,31.226652303763878,31.22664996454525,31.2267,31.2266
T,time,1228,1.5,32.26215025508411,32.26214843862599,32.2622,32.2621
T,time,1229,0.8,31.112950017597438,31.11294762120375,31.1130,31.1129
T,time,1229,1.1,31.513750251728453,31.51374804765161,31.5138,31.5137
T,time,1231,1.7,32.755150860227324,32.755149329703464,32.7552,32.7551
T,time,1234,1.7,32.77145079955718,32.771449283845605,32.7715,32.7714
T,time,1240,1.3,31.915250489863542,31.915248489021582,31.9153,31.9152
T,time,1243,0.0,30.738251120839443,30.738248505586284,30.7383,30.7382
T,time,1243,1.4,32.128251422826345,32.128249549267565,32.1283,32.1282
T,time,1248,1.1,31.609550092031675,31.60954791643891,31.6096,31.6095
T,time,1250,0.8,31.214650385063315,31.214647993726288,31.2147,31.2146
T,time,1261,2.0,33.757350698858005,33.75734949203866,33.7574,33.7573
T,time,1262,1.0,31.529450857267847,31.529448624835602,31.5295,31.5294
T,time,1262,1.1,31.68045066461349,31.680448523787597,31.6805,31.6804
T,time,1262,1.2,31.847050181796494,31.84704814466556,31.8471,31.8470
T,time,1263,1.7,32.927051117713425,32.927049707511124,32.9271,32.9270
T,time,1265,0.5,31.0137503114946,31.0137477828693,31.0138,31.0137
T,time,1265,0.6,31.090650394683202,31.090647907537114,31.0907,31.0906
T,time,1266,0.6,31.095450075814306,31.095447589220957,31.0955,31.0954
T,time,1267,0.6,31.10025202129191,31.100249535283755,31.1003,31.1002
T,time,1267,1.3,32.05545039325143,32.055448489106965,32.0555,32.0554
T,time,1268,0.1,30.86115226522517,30.861149648482677,30.8612,30.8611
T,time,1268,2.0,33.796551019528636,33.796549664250705,33.7966,33.7965
T,time,1271,1.2,31.893250740710396,31.89324873300623,31.8933,31.8932
T,time,1271,1.7,32.96955094698996,32.96954945876421,32.9696,32.9695
T,time,1272,0.9,31.44335090810619,31.44334861409583,31.4434,31.4433
T,time,1274,1.2,31.90865195082729,31.908649952548018,31.9087,31.9086
T,time,1274,1.3,32.09175019610128,32.09174831409907,32.0918,32.0917
T,time,1275,0.4,30.998451950523016,30.998449391080285,30.9985,30.9984
T,time,1275,0.5,31.061451543801084,31.061449019593017,31.0615,31.0614
T,time,1280,0.2,30.938352396879836,30.938349792408946,30.9384,30.9383
T,time,1281,0.1,30.922152397885288,30.922149781988633,30.9222,30.9221
T,time,1281,1.8,33.288550506292474,33.28854891986984,33.2886,33.2885
T,time,1288,0.9,31.52295108983959,31.52294883022335,31.5230,31.5229
T,time,1290,0.8,31.41085096828308,31.410848632994043,31.4109,31.4108
T,time,1292,0.3,31.03025251803178,31.030249939074928,31.0303,31.0302
T,time,1293,1.7,33.08875107766157,33.08874936688123,33.0888,33.0887
T,time,1299,1.4,32.42175181589813,32.421749964184535,32.4218,32.4217
T,time,1302,1.7,33.138751215231046,33.138749444177364,33.1388,33.1387
T,time,1308,1.4,32.46925067262294,32.46924877283689,32.4693,32.4692
T,time,1311,1.4,32.48515072132099,32.485148805664096,32.4852,32.4851
T,time,1312,0.5,31.2398503217825,31.239847837886437,31.2399,31.2398
T,time,1312,0.8,31.51985202586623,31.519849724272603,31.5199,31.5198
T,time,1314,0.1,31.078852259666967,31.078849663611322,31.0789,31.0788
T,time,1316,1.6,32.965050489435235,32.965048608622325,32.9651,32.9650
T,time,1324,1.0,31.84205101318381,31.842048845778216,31.8421,31.8420
T,time,1326,0.4,31.2435511415924,31.2435486330988,31.2436,31.2435
T,time,1327,0.2,31.162651784554715,31.162649218732955,31.1627,31.1626
T,time,1328,0.0,31.138950862312793,31.13894827801874,31.1390,31.1389
T,time,1329,1.3,32.37865130248691,32.3786492649066,32.3787,32.3786
T,time,1335,0.4,31.287350774078117,31.287348276730516,31.2874,31.2873
T,time,1335,0.7,31.52555115521969,31.52554880131824,31.5256,31.5255
T,time,1342,0.3,31.271151146465918,31.271148624386885,31.2712,31.2711
T,time,1343,1.7,33.37365097712202,33.37364922422719,33.3737,33.3736
T,time,1345,2.0,34.26815055163026,34.26814916697979,34.2682,34.2681
T,time,1349,0.6,31.500651342021502,31.50064893882634,31.5007,31.5006
T,time,1357,1.9,34.02545061777695,34.02544916375709,34.0255,34.0254
T,time,1360,1.2,32.35545030274988,32.35544816442173,32.3555,32.3554
T,time,1361,1.3,32.54975167614515,32.54974960192102,32.5498,32.5497
T,time,1362,0.4,31.41965073137694,31.419648255600013,31.4197,31.4196
T,time,1370,0.6,31.605152070664083,31.605149661085804,31.6052,31.6051
T,time,1370,1.1,32.235352021286275,32.23534982777337,32.2354,32.2353
T,time,1370,1.7,33.528751395778784,33.52874974724953,33.5288,33.5287
T,time,1371,0.6,31.61015002441129,31.610147614347056,31.6102,31.6101
T,time,1372,0.6,31.615150010487902,31.61514759993458,31.6152,31.6151
T,time,1373,0.6,31.62015203459735,31.620149623553427,31.6202,31.6201
T,time,1373,1.4,32.82135083930897,32.821348872755145,32.8214,32.8213
T,time,1374,0.8,31.83135196766298,31.831349631181585,31.8314,31.8313
T,time,1376,0.1,31.379550186912315,31.37954766222262,31.3796,31.3795
T,time,1376,0.3,31.43775240578207,31.437749909383392,31.4378,31.4377
T,time,1376,0.9,31.967650148275062,31.967647853226527,31.9677,31.9676
T,time,1376,1.8,33.84045091318177,33.84044939274442,33.8405,33.8404
T,time,1376,1.9,34.1360504724714,34.13604905816656,34.1361,34.1360
T,time,1377,1.3,32.63625193685575,32.636249889767875,32.6363,32.6362
T,time,1380,1.7,33.58585109623332,33.5858494725417,33.5859,33.5858
T,time,1383,1.7,33.60295034639447,33.60294872946754,33.6030,33.6029
T,time,1386,0.7,31.781351670638387,31.781349288579886,31.7814,31.7813
T,time,1388,0.4,31.548352164779313,31.548349690964496,31.5484,31.5483
T,time,1391,0.3,31.51195164722547,31.51194915258671,31.5120,31.5119
T,time,1393,1.4,32.93135101633447,32.93134909744314,32.9314,32.9313
T,time,1397,0.9,32.07615023955801,32.076147945173524,32.0762,32.0761
T,time,1397,1.3,32.74485180980016,32.744849803192224,32.7449,32.7448
T,time,1401,0.0,31.49555244236227,31.495549921586463,31.4956,31.4955
T,time,1403,0.2,31.534850329803195,31.53484782036995,31.5349,31.5348
T,time,1406,0.0,31.520351296671222,31.52034877587977,31.5204,31.5203
T,time,1407,0.6,31.79145181454505,31.791449393524058,31.7915,31.7914
T,time,1410,1.5,33.25135129346311,33.25134952412823,33.2514,33.2513
T,time,1416,1.9,34.36515020693856,34.3651488783969,34.3652,34.3651
T,time,1418,1.6,33.53985070455054,33.5398490651479,33.5399,33.5398
T,time,1419,1.6,33.54545023411195,33.5454485968951,33.5455,33.5454
T,time,1420,0.0,31.590051251104796,31.590048729233555,31.5901,31.5900
T,time,1430,0.7,32.00635232030066,32.006349947473566,32.0064,32.0063
T,time,1430,1.3,32.92465173632045,32.92464980412309,32.9247,32.9246
T,time,1432,0.9,32.25885002365134,32.25884776327999,32.2589,32.2588
T,time,1434,0.9,32.26935014417986,32.269347886608934,32.2694,32.2693
T,time,1436,0.5,31.856850334306756,31.856847887580532,31.8569,31.8568
T,time,1437,0.8,32.155951635716654,32.155949321060156,32.1560,32.1559
T,time,1438,0.5,31.867050354902705,31.867047909097263,31.8671,31.8670
T,time,1441,1.5,33.42345101003068,33.42344930957106,33.4235,33.4234
T,time,1446,1.0,32.477951385072984,32.47794921859646,32.4780,32.4779
T,time,1447,0.1,31.73305169225994,31.733049173541747,31.7331,31.7330
T,time,1447,0.6,31.99595174329655,31.995949340378143,31.9960,31.9959
T,time,1450,0.9,32.35355004020948,32.35354780717572,32.3536,32.3535
T,time,1451,1.9,34.561650903945264,34.561649760648216,34.5617,34.5616
T,time,1452,1.2,32.849950264694684,32.84994828266353,32.8500,32.8499
T,time,1454,0.9,32.374651601639854,32.374649375211874,32.3747,32.3746
T,time,1455,1.6,33.74625145025833,33.74624992297555,33.7463,33.7462
T,time,1458,1.1,32.703950146913876,32.703948086460805,32.7040,32.7039
T,time,1459,1.8,34.30955108950976,34.30954988083241,34.3096,34.3095
T,time,1472,0.0,31.852351915872443,31.852349403575534,31.8524,31.8523
T,time,1475,1.0,32.63245101078262,32.632448904392476,32.6325,32.6324
T,time,1476,0.8,32.36025224200641,32.360249985799555,32.3603,32.3602
T,time,1478,0.7,32.25575226232041,32.25574994773705,32.2558,32.2557
T,time,1480,1.0,32.659151634762345,32.65914954265764,32.6592,32.6591
T,time,1481,0.1,31.905850667084007,31.90584816498781,31.9059,31.9058
T,time,1482,1.1,32.832950682526395,32.83294869288086,32.8330,32.8329
T,time,1483,1.3,33.21355118041555,33.2135494265489,33.2136,33.2135
T,time,1490,0.1,31.951952449748525,31.95194995583424,31.9520,31.9519
T,time,1490,0.8,32.43405182758544,32.43404960187021,32.4341,32.4340
T,time,1493,0.0,31.959750856385547,31.95974836149122,31.9598,31.9597
T,time,1493,0.1,31.967351647578386,31.967349156759568,31.9674,31.9673
T,time,1493,1.9,34.78105000313442,34.78104906788804,34.7811,34.7810
T,time,1494,1.1,32.8974513245492,32.8974493847826,32.8975,32.8974
T,time,1497,0.6,32.255451770091504,32.25544943465869,32.2555,32.2554
T,time,1498,0.1,31.99305167721335,31.993049191980443,31.9931,31.9930
T,time,1502,0.5,32.19715205137035,32.197149676340565,32.1972,32.1971
T,time,1502,0.8,32.49745119860305,32.497449006027175,32.4975,32.4974
T,time,1503,1.2,33.1256510369628,33.12564925955291,33.1257,33.1256
T,time,1507,1.3,33.34325155092244,33.343249926017315,33.3433,33.3432
T,time,1509,0.6,32.318251912788334,32.318249603982956,32.3183,32.3182
T,time,1510,1.0,32.819450762670755,32.81944878410695,32.8195,32.8194
T,time,1511,0.9,32.676951276508,32.67694920129755,32.6770,32.6769
T,time,1513,0.8,32.5556503290297,32.55564817226266,32.5557,32.5556
T,time,1515,1.9,34.89335099313592,34.8933498396911,34.8934,34.8933
T,time,1525,2.0,35.25335103904131,35.25334989034658,35.2534,35.2533
T,time,1528,0.4,32.26355219813122,32.26354983649043,32.2636,32.2635
T,time,1529,0.9,32.7726517459048,32.77264974349143,32.7727,32.7726
T,time,1530,1.1,33.090251214918844,33.09024943403098,33.0903,33.0902
T,time,1533,1.1,33.10625073468292,33.106248962523054,33.1063,33.1062
T,time,1540,0.8,32.69865173953763,32.69864968312362,32.6987,32.6986
T,time,1541,0.2,32.238852050188044,32.23884965737587,32.2389,32.2388
T,time,1546,1.2,33.35555053246418,33.355548875388195,33.3556,33.3555
T,time,1547,0.9,32.86825148665417,32.86824954673299,32.8683,32.8682
T,time,1555,1.2,33.40345006268046,33.40344839981821,33.4035,33.4034
T,time,1557,0.3,32.361150234359386,32.361147916695145,32.3612,32.3611
T,time,1560,1.1,33.24995172772004,33.24994998514234,33.2500,33.2499
T,time,1561,1.4,33.84325113635382,33.84324958428876,33.8433,33.8432
T,time,1565,0.8,32.83105004652072,32.83104806383697,32.8311,32.8310
T,time,1569,0.0,32.35425222546951,32.35424989193349,32.3543,32.3542
T,time,1569,0.7,32.73525090363738,32.7352488534011,32.7353,32.7352
T,time,1573,1.3,33.69545040542052,33.69544877675687,33.6955,33.6954
T,time,1574,0.0,32.380450403628544,32.380448086725586,32.3805,32.3804
T,time,1579,1.9,35.244350094851725,35.24434903695032,35.2444,35.2443
T,time,1585,1.7,34.70615097983602,34.70614972820013,34.7062,34.7061
T,time,1586,0.9,33.07515185071635,33.075149970097435,33.0752,33.0751
T,time,1587,0.4,32.57315025546596,32.57314807610197,32.5732,32.5731
T,time,1587,0.5,32.64325202487308,32.64324989469225,32.6433,32.6432
T,time,1588,1.6,34.4614503823781,34.46144903263358,34.4615,34.4614
T,time,1588,2.0,35.600150162165136,35.60014923309417,35.6002,35.6001
T,time,1589,1.6,34.466850406543934,34.46684906322416,34.4669,34.4668
T,time,1590,0.4,32.58895049956486,32.58894832912881,32.5890,32.5889
T,time,1595,0.7,32.872751033566686,32.872749035900775,32.8728,32.8727
T,time,1603,0.1,32.540551123267804,32.54054890980115,32.5406,32.5405
T,time,1604,0.5,32.73295184386433,32.73294975578087,32.7330,32.7329
T,time,1608,0.2,32.590250970318806,32.59024878841773,32.5903,32.5902
T,time,1609,1.8,35.110050313932206,35.11004929830515,35.1101,35.1100
T,time,1610,1.5,34.33495071018363,34.334949368617885,34.3350,34.3349
T,time,1612,1.1,33.52705128940019,33.52704957536888,33.5271,33.5270
T,time,1612,1.3,33.90445063055962,33.904449088299764,33.9045,33.9044
T,time,1616,0.4,32.72605142906202,32.726049327124336,32.7261,32.7260
T,time,1617,2.0,35.74595071072754,35.7459498750501,35.7460,35.7459
T,time,1621,0.4,32.752450052008385,32.752447961825474,32.7525,32.7524
T,time,1625,0.8,33.14915051451958,33.14914862510529,33.1492,33.1491
T,time,1627,1.0,33.442151465437874,33.44214971666238,33.4422,33.4421
T,time,1628,1.2,33.79325132819118,33.7932497531128,33.7933,33.7932
T,time,1631,0.5,32.87565074009743,32.87564871043159,32.8757,32.8756
T,time,1632,0.3,32.75585166546256,32.75584957068242,32.7559,32.7558
T,time,1640,1.8,35.27045077797932,35.27044968348952,35.2705,35.2704
T,time,1641,0.1,32.740851301329194,32.740849194041935,32.7409,32.7408
T,time,1641,1.9,35.56505073591298,35.56504968143919,35.5651,35.5650
T,time,1644,0.3,32.81925172819872,32.81924966212764,32.8193,32.8192
T,time,1650,0.2,32.811851956734245,32.811849884209664,32.8119,32.8118
T,time,1652,0.1,32.7989519973027,32.798949917056106,32.7990,32.7989
T,time,1655,0.7,33.19085044794237,33.19084857523376,33.1909,33.1908
T,time,1657,0.0,32.817551811526144,32.81754973935786,32.8176,32.8175
T,time,1659,0.1,32.83595037742056,32.83594831439613,32.8360,32.8359
T,time,1663,1.1,33.79865041820803,33.798648853015806,33.7987,33.7986
T,time,1664,0.6,33.1366516588814,33.1366497566358,33.1367,33.1366
T,time,1664,1.6,34.86375057450937,34.86374932968104,34.8638,34.8637
T,time,1666,0.8,33.36695018187563,33.36694840273409,33.3670,33.3669
T,time,1669,1.0,33.66555149880533,33.665549868463074,33.6656,33.6655
T,time,1673,0.4,33.02755072114966,33.02754875820754,33.0276,33.0275
T,time,1682,0.3,33.02035049459219,33.02034852586418,33.0204,33.0203
T,time,1687,1.0,33.761050722967035,33.76104911937661,33.7611,33.7610
T,time,1687,1.8,35.51985027694256,35.519849055433944,35.5199,35.5198
T,time,1689,0.6,33.26925152755567,33.26924969288898,33.2693,33.2692
T,time,1689,1.7,35.255450028806735,35.25544877076397,35.2555,35.2554
T,time,1694,0.5,33.209450403951486,33.20944853654967,33.2095,33.2094
T,time,1707,0.4,33.20775051561421,33.207748644557384,33.2078,33.2077
T,time,1708,0.4,33.21305172310511,33.213049854614084,33.2131,33.2130
T,time,1708,0.7,33.472050527573074,33.47204878481505,33.4721,33.4720
T,time,1709,0.9,33.72855061300339,33.72854897442841,33.7286,33.7285
T,time,1723,0.6,33.449550265828705,33.44954850515674,33.4496,33.4495
T,time,1723,1.7,35.44145107030782,35.44144963006054,35.4415,35.4414
T,time,1732,1.9,36.06995050373136,36.06994912802447,36.0700,36.0699
T,time,1734,1.2,34.35625033610153,34.35624878709768,34.3563,34.3562
T,time,1735,0.3,33.30125098699329,33.30124915668625,33.3013,33.3012
T,time,1738,0.7,33.63115135246445,33.63114964896169,33.6312,33.6311
T,time,1740,1.2,34.38835148625445,34.38834992100753,34.3884,34.3883
T,time,1741,0.8,33.764850140571724,33.76484847239591,33.7649,33.7648
T,time,1750,0.8,33.81265068513444,33.81264901481759,33.8127,33.8126
T,time,1752,0.7,33.705451021378636,33.7054493234547,33.7055,33.7054
T,time,1760,0.0,33.36315127386618,33.36314946602873,33.3632,33.3631
T,time,1763,0.6,33.66175075056735,33.66174902998202,33.6618,33.6617
T,time,1763,1.5,35.155251038554816,35.15524949399236,35.1553,35.1552
T,time,1769,1.2,34.54465007230215,34.5446484423514,34.5447,34.5446
T,time,1770,1.1,34.36825111365478,34.36824946836304,34.3683,34.3682
T,time,1771,0.3,33.492150085176945,33.492148316453566,33.4922,33.4921
T,time,1772,1.3,34.759150635610055,34.7591490268421,34.7592,34.7591
T,time,1774,0.9,34.07425007097201,34.07424839545753,34.0743,34.0742
T,time,1775,1.7,35.73725044279271,35.73724908460931,35.7373,35.7372
T,time,1776,0.9,34.08495030461402,34.08494862669056,34.0850,34.0849
T,time,1782,0.5,33.67625085797472,33.67624912268638,33.6763,33.6762
T,time,1785,0.4,33.621450754899975,33.62144900805125,33.6215,33.6214
T,time,1787,1.1,34.460150485655454,34.46014882988861,34.4602,34.4601
T,time,1789,1.0,34.304750299257336,34.30474862405246,34.3048,34.3047
T,time,1791,1.5,35.31175006607252,35.311748594338994,35.3118,35.3117
T,time,1795,1.6,35.58395000195978,35.58394861442368,35.5840,35.5839
T,space,127,2.0,28.261349725965413,28.261350411196084,28.2613,28.2614
T,space,164,1.8,28.235949581901508,28.23595002288162,28.2359,28.2360
T,space,190,0.4,28.00785006603037,28.00784998543769,28.0079,28.0078
T,space,230,0.2,28.013650067299917,28.013649951173367,28.0137,28.0136
T,space,279,1.8,28.538949921135618,28.53895043646037,28.5389,28.5390
T,space,298,1.8,28.604049625345624,28.604050191255826,28.6040,28.6041
T,space,319,0.5,28.07855003067498,28.078549889958992,28.0786,28.0785
T,space,334,1.9,28.85574975394041,28.85575038344948,28.8557,28.8558
T,space,344,1.6,28.566249831541253,28.566250203273288,28.5662,28.5663
T,space,348,1.8,28.78504993785364,28.785050473968152,28.7850,28.7851
T,space,362,2.0,29.108949659994,29.10895033130457,29.1089,29.1090
T,space,371,0.1,28.094850071409198,28.09484987681616,28.0949,28.0948
T,space,410,0.0,28.133650173278347,28.133649960658644,28.1337,28.1336
T,space,442,1.8,29.13914973873982,29.139150224610233,29.1391,29.1392
T,space,461,0.7,28.31135000861887,28.311349897211358,28.3114,28.3113
T,space,465,0.5,28.26125001353674,28.261249847341272,28.2613,28.2612
T,space,486,1.5,28.917749889167492,28.917750180021628,28.9177,28.9178
T,space,498,2.0,29.679849518170332,29.679850135201022,29.6798,29.6799
T,space,501,0.6,28.354550036543493,28.35454990393596,28.3546,28.3545
T,space,556,1.3,28.932049986550965,28.932050148589198,28.9320,28.9321
T,space,556,1.9,29.762649458201565,29.762650008463297,29.7626,29.7627
T,space,592,0.2,28.44875002876525,28.448749848042564,28.4488,28.4487
T,space,616,1.0,28.8509499813242,28.85095001205481,28.8509,28.8510
T,space,617,1.8,29.853749970198223,29.853750438131208,29.8537,29.8538
T,space,664,0.4,28.663150089935325,28.663149951810727,28.6632,28.6631
T,space,666,1.7,29.90084997668294,29.90085041272358,29.9008,29.9009
T,space,676,1.6,29.774649655290258,29.77465001927326,29.7746,29.7747
T,space,686,1.6,29.81934987803426,29.819350244915974,29.8193,29.8194
T,space,696,1.2,29.305049910542092,29.305050033920235,29.3050,29.3051
T,space,703,0.2,28.72025013818759,28.720249980899286,28.7203,28.7202
T,space,726,2.0,30.829149846868503,30.829150371257743,30.8291,30.8292
T,space,740,1.9,30.666249841056597,30.666250322028574,30.6662,30.6663
T,space,741,0.1,28.8139500601351,28.813949899765973,28.8140,28.8139
T,space,747,1.7,30.279349809525584,30.279350187053424,30.2793,30.2794
T,space,778,0.1,28.92355011215382,28.923549956503365,28.9236,28.9235
T,space,858,1.3,30.094349884468617,30.094350070254464,30.0943,30.0944
T,space,869,1.4,30.300849799909976,30.300850019379286,30.3008,30.3009
T,space,877,1.7,30.904249991736215,30.904250292397425,30.9042,30.9043
T,space,882,2.0,31.639249876895246,31.639250228871582,31.6392,31.6393
T,space,884,1.9,31.395749949911593,31.395750285731484,31.3957,31.3958
T,space,900,0.2,29.34555004468147,29.3455499333285,29.3456,29.3455
T,space,904,1.2,30.147349939461762,30.147350081683296,30.1473,30.1474
T,space,933,1.5,30.768749846713522,30.76875006734187,30.7687,30.7688
T,space,974,1.9,31.869749956666656,31.86975031681697,31.8697,31.8698
T,space,1080,1.7,31.92574972598999,31.925750026821923,31.9257,31.9258
T,space,1083,1.6,31.71144980786269,31.71145005297014,31.7114,31.7115
T,space,1098,1.7,32.02554988063284,32.02555020235102,32.0255,32.0256
T,space,1134,1.6,31.985249758490784,31.985250019592865,31.9852,31.9853
T,space,1150,1.7,32.31054981243092,32.3105500832965,32.3105,32.3106
T,space,1178,0.1,30.45125000369389,30.45124996420638,30.4513,30.4512
T,space,1194,1.5,32.08064998791108,32.08065019468439,32.0806,32.0807
T,space,1197,1.4,31.886549999765386,31.88655018019138,31.8865,31.8866
T,space,1212,1.7,32.65094978241544,32.65095004202892,32.6509,32.6510
T,space,1325,1.4,32.55984988638384,32.55985003053497,32.5598,32.5599
T,space,1528,1.7,34.39754998057525,34.39755006638161,34.3975,34.3976
T,space,1653,1.0,33.58054991954699,33.58055000969245,33.5805,33.5806
T,space,1667,0.2,32.90174997530453,32.90175003680327,32.9017,32.9018
T,space,1682,1.8,35.49294992575468,35.492950005905556,35.4929,35.4930
T,space,1705,1.9,35.912449984978856,35.91245015005322,35.9124,35.9125
T,space,1737,1.5,35.011349971949365,35.011350052250144,35.0113,35.0114
C,time,50,1.9,2.530349476409971,2.530350203758753,2.5303,2.5304
C,time,76,1.8,2.547449625215305,2.547450336379521,2.5474,2.5475
C,time,79,2.0,2.278650178280783,2.2786477576918163,2.2787,2.2786
C,time,100,2.0,2.2470500065761585,2.2470476385468503,2.2471,2.2470
C,time,117,2.0,2.2241519620811077,2.2241496638524634,2.2242,2.2241
C,time,151,1.8,2.5292497840766046,2.5292507721906685,2.5292,2.5293
C,time,174,2.0,2.1590526252511877,2.1590499413976585,2.1591,2.1590
C,time,241,2.0,2.0971509785545446,2.0971482051632164,2.0972,2.0971
C,time,264,2.0,2.078350520373134,2.0783477655463978,2.0784,2.0783
C,time,277,1.9,2.343550883193992,2.3435492025872238,2.3436,2.3435
C,time,316,1.7,2.524149786500544,2.524150820074567,2.5241,2.5242
C,time,318,2.0,2.0378512533198943,2.037848574939498,2.0379,2.0378
C,time,330,1.9,2.3081504222037417,2.3081486128902684,2.3082,2.3081
C,time,331,2.0,2.0287515453125264,2.028748888822238,2.0288,2.0287
C,time,362,1.6,2.5403494229037373,2.540350334281597,2.5403,2.5404
C,time,395,2.0,1.9869505495375124,1.986948006400077,1.9870,1.9869
C,time,403,1.5,2.5466498208918265,2.5466504007584696,2.5466,2.5467
C,time,418,1.7,2.501049727281409,2.5010504883643403,2.5010,2.5011
C,time,461,2.0,1.9481516168276856,1.9481491893043597,1.9482,1.9481
C,time,464,1.7,2.4895494863679843,2.489550107133675,2.4895,2.4896
C,time,468,1.9,2.2270502615100125,2.227048351309037,2.2271,2.2270
C,time,468,2.0,1.9442523235122566,1.944249907861475,1.9443,1.9442
C,time,485,1.5,2.542949661000212,2.5429503833038365,2.5429,2.5430
C,time,499,1.4,2.5479499038379654,2.547950306715181,2.5479,2.5480
C,time,508,1.9,2.2059502484610634,2.2059483395561617,2.2060,2.2059
C,time,513,2.0,1.9200516287094775,1.9200492816479404,1.9201,1.9200
C,time,519,1.6,2.521949338630518,2.5219502503584827,2.5219,2.5220
C,time,529,1.8,2.373450150444448,2.373449438603216,2.3735,2.3734
C,time,532,1.5,2.5401498396297284,2.5401506440219146,2.5401,2.5402
C,time,532,2.0,1.9102519394797393,1.9102495285534689,1.9103,1.9102
C,time,549,1.9,2.1852501465650507,2.1852480992694905,2.1853,2.1852
C,time,568,1.9,2.175951489715743,2.1759493819422357,2.1760,2.1759
C,time,572,2.0,1.8903524537168035,1.8903499359771154,1.8904,1.8903
C,time,574,1.5,2.537249227280629,2.537250121790183,2.5372,2.5373
C,time,574,1.9,2.173051854598541,2.173049729080896,2.1731,2.1730
C,time,582,1.1,2.5499499790920046,2.5499500147745655,2.5499,2.5500
C,time,585,1.7,2.4576497040310192,2.4576500191987356,2.4576,2.4577
C,time,588,2.0,1.8826514988297067,1.8826489470620573,1.8827,1.8826
C,time,590,1.5,2.5360497632705084,2.53605068593334,2.5360,2.5361
C,time,609,1.6,2.5083492837055923,2.5083502044408585,2.5083,2.5084
C,time,610,1.8,2.341450473944426,2.3414494774760404,2.3415,2.3414
C,time,614,1.9,2.1541511330127276,2.1541489038667523,2.1542,2.1541
C,time,638,1.9,2.1431522162015813,2.143149935913411,2.1432,2.1431
C,time,640,1.7,2.4427499537520805,2.442750126981767,2.4427,2.4428
C,time,646,2.0,1.8558508339337532,1.855848192317035,1.8559,1.8558
C,time,657,2.0,1.8509514706886376,1.8509488165557262,1.8510,1.8509
C,time,663,1.9,2.1319507092406433,2.131948383022891,2.1320,2.1319
C,time,666,1.4,2.5428492977920865,2.542850067694772,2.5428,2.5429
C,time,675,2.0,1.8430525503109252,1.843049878032796,1.8431,1.8430
C,time,681,2.0,1.8404513385059555,1.8404486608871213,1.8405,1.8404
C,time,687,1.4,2.5419496665079855,2.5419504730847273,2.5419,2.5420
C,time,691,2.0,1.836150330387213,1.83614764456935,1.8362,1.8361
C,time,698,1.6,2.4934492364004064,2.493450069248835,2.4934,2.4935
C,time,712,1.3,2.546949675442156,2.5469502005380242,2.5469,2.5470
C,time,718,1.6,2.489949275988366,2.489950081084403,2.4899,2.4900
C,time,724,2.0,1.8222506964776228,1.8222479890043835,1.8223,1.8222
C,time,731,1.6,2.487649251750043,2.487650037704035,2.4876,2.4877
C,time,734,1.9,2.1014523109835057,2.101449886549468,2.1015,2.1014
C,time,740,1.5,2.5225496611041978,2.5225507056542145,2.5225,2.5226
C,time,742,2.0,1.8148514368788506,1.8148487206369548,1.8149,1.8148
C,time,748,1.9,2.0956523791311783,2.095649939957154,2.0957,2.0956
C,time,758,1.9,2.091550235459736,2.0915477865438237,2.0916,2.0915
C,time,766,1.7,2.4084500663204884,2.4084499140365385,2.4085,2.4084
C,time,781,1.8,2.2782507980408515,2.2782493710956073,2.2783,2.2782
C,time,793,1.9,2.0774504907253104,2.0774480124976336,2.0775,2.0774
C,time,820,2.0,1.7841520202992973,1.7841492851094818,1.7842,1.7841
C,time,836,1.9,2.0606500846559412,2.0606475787353427,2.0607,2.0606
C,time,866,1.4,2.532049700731816,2.532050703210008,2.5320,2.5321
C,time,866,1.9,2.0492502030459288,2.049247682803087,2.0493,2.0492
C,time,871,1.3,2.542749360546043,2.5427501216822086,2.5427,2.5428
C,time,874,1.3,2.5426499126561963,2.5426506774305953,2.5426,2.5427
C,time,877,1.3,2.542549715952356,2.5425504843322435,2.5425,2.5426
C,time,879,1.8,2.24455141930937,2.2445498282174507,2.2446,2.2445
C,time,900,1.4,2.5297497674289593,2.5297507858042527,2.5297,2.5298
C,time,903,2.0,1.7536505502083974,1.7536478229967734,1.7537,1.7536
C,time,910,1.4,2.529049971079566,2.5290509930254896,2.5290,2.5291
C,time,912,1.9,2.0322510806318923,2.0322485455401003,2.0323,2.0322
C,time,916,2.0,1.7490516232192068,1.7490488995397406,1.7491,1.7490
C,time,920,1.9,2.0293514783214945,2.029348941436524,2.0294,2.0293
C,time,931,1.1,2.548749789297117,2.548750093491977,2.5487,2.5488
C,time,934,1.5,2.500349502981,2.5003504538864285,2.5003,2.5004
C,time,938,1.5,2.4998491945215093,2.499850141790233,2.4998,2.4999
C,time,954,1.4,2.5258496863882214,2.5258507185237926,2.5258,2.5259
C,time,958,1.4,2.525549220490478,2.525550253129989,2.5255,2.5256
C,time,977,1.9,2.0091505211859153,2.0091479773061187,2.0092,2.0091
C,time,980,2.0,1.7270526126165442,1.727049907336851,1.7271,1.7270
C,time,985,1.3,2.538449418493515,2.5384502948261214,2.5384,2.5385
C,time,990,1.9,2.004651527017599,2.004648982427076,2.0047,2.0046
C,time,998,2.0,1.721051422583829,1.7210487234194927,1.7211,1.7210
C,time,999,1.5,2.492049700913225,2.4920505876070473,2.4920,2.4921
C,time,1008,2.0,1.7177509629026142,1.717748267366396,1.7178,1.7177
C,time,1013,1.6,2.4346498045877354,2.434650095640137,2.4346,2.4347
C,time,1044,1.2,2.5440499439507236,2.54405061345186,2.5440,2.5441
C,time,1055,2.0,1.7025517941202497,1.7025491157758998,1.7026,1.7025
C,time,1058,1.3,2.5351491456672077,2.5351500716818833,2.5351,2.5352
C,time,1064,1.4,2.517049988180222,2.517051012168168,2.5170,2.5171
C,time,1067,2.0,1.6987511408687137,1.6987484674698454,1.6988,1.6987
C,time,1073,1.8,2.182651270068419,2.182649472838338,2.1827,2.1826
C,time,1090,2.0,1.6915518188070147,1.6915491568584695,1.6916,1.6915
C,time,1091,1.7,2.32265055458614,2.32264976329405,2.3227,2.3226
C,time,1096,1.9,1.9693524845165213,1.969349944144942,1.9694,1.9693
C,time,1112,1.1,2.5468498328393574,2.5468503149593262,2.5468,2.5469
C,time,1114,2.0,1.6841516358620565,1.684148985945143,1.6842,1.6841
C,time,1126,1.5,2.4749494506488445,2.4749501908308082,2.4749,2.4750
C,time,1128,1.9,1.959150132798842,1.9591475978361157,1.9592,1.9591
C,time,1137,1.4,2.510649461786032,2.51065045960123,2.5106,2.5107
C,time,1151,1.2,2.541149435051773,2.541150199017557,2.5411,2.5412
C,time,1159,1.9,1.9494522140260033,1.9494496855315115,1.9495,1.9494
C,time,1160,1.8,2.156751390850409,2.1567495364482663,2.1568,2.1567
C,time,1189,1.8,2.148351648759897,2.1483497790816335,2.1484,2.1483
C,time,1199,2.0,1.65885176416725,1.6588491536707415,1.6589,1.6588
C,time,1204,1.8,2.1440510384100135,2.1440491614247237,2.1441,2.1440
C,time,1208,2.0,1.6562516529986782,1.6562490487135242,1.6563,1.6562
C,time,1216,2.0,1.653951466146763,1.6539488665521598,1.6540,1.6539
C,time,1230,2.0,1.649951809517558,1.6499492178364206,1.6500,1.6499
C,time,1253,2.0,1.643451460648424,1.6434488817379171,1.6435,1.6434
C,time,1261,1.9,1.918750439349129,1.918747936633859,1.9188,1.9187
C,time,1263,2.0,1.6406522803643184,1.6406497066717294,1.6407,1.6406
C,time,1285,2.0,1.6345521893240789,1.634549627243739,1.6346,1.6345
C,time,1289,2.0,1.6334514500842028,1.6334488901542932,1.6335,1.6334
C,time,1291,1.9,1.910050046216932,1.9100475531543057,1.9101,1.9100
C,time,1323,1.8,2.1109503113094394,2.1109483895325614,2.1110,2.1109
C,time,1328,2.0,1.6228511531740695,1.6228486130052875,1.6229,1.6228
C,time,1343,0.9,2.5486497480990047,2.5486500249420723,2.5486,2.5487
C,time,1346,1.8,2.104751927103512,2.1047499991456218,2.1048,2.1047
C,time,1348,1.2,2.5341493789620144,2.5341502545782846,2.5341,2.5342
C,time,1350,1.3,2.518149275022542,2.5181502493199566,2.5181,2.5182
C,time,1355,1.9,1.891951852701068,1.8919493805837104,1.8920,1.8919
C,time,1379,2.0,1.609350958911926,1.6093484445488129,1.6094,1.6093
C,time,1383,1.7,2.251250082490819,2.251248957587793,2.2513,2.2512
C,time,1384,1.9,1.8839502025574861,1.8839477397667808,1.8840,1.8839
C,time,1394,2.0,1.6054502089046336,1.6054477054049172,1.6055,1.6054
C,time,1395,1.8,2.091750492328726,2.0917485531123763,2.0918,2.0917
C,time,1406,2.0,1.6023501794747574,1.6023476833026005,1.6024,1.6023
C,time,1413,2.0,1.6005505337492725,1.6005480417384659,1.6006,1.6005
C,time,1419,1.9,1.8744516885239866,1.8744492386065175,1.8745,1.8744
C,time,1425,1.1,2.540649735221368,2.5406504569809125,2.5406,2.5407
C,time,1431,2.0,1.5959523135565952,1.5959498320515848,1.5960,1.5959
C,time,1432,1.5,2.430749695764684,2.4307500604255536,2.4307,2.4308
C,time,1437,1.6,2.3521502618068153,2.3521499278711624,2.3522,2.3521
C,time,1451,1.4,2.4792499103598065,2.4792506925871916,2.4792,2.4793
C,time,1454,1.8,2.076451296637442,2.0764493470249765,2.0765,2.0764
C,time,1463,1.8,2.074150627526039,2.074148676696323,2.0742,2.0741
C,time,1474,1.8,2.0713503397612096,2.0713483875679,2.0714,2.0713
C,time,1478,2.0,1.5841516397731863,1.584149182467377,1.5842,1.5841
C,time,1479,1.9,1.85855116648984,1.8585487404943033,1.8586,1.8585
C,time,1501,1.3,2.5073495463995505,2.5073504802640825,2.5073,2.5074
C,time,1507,1.4,2.473149617426684,2.4731503525835175,2.4731,2.4732
C,time,1508,1.1,2.538349862910001,2.538350627533048,2.5383,2.5384
C,time,1512,1.7,2.2215506159735017,2.2215493934314554,2.2216,2.2215
C,time,1513,2.0,1.5755509016002043,1.575548463546601,1.5756,1.5755
C,time,1520,1.9,1.8479508681694912,1.847948457931841,1.8480,1.8479
C,time,1529,1.9,1.845651834954221,1.8456494282745772,1.8457,1.8456
C,time,1552,0.9,2.547049992808832,2.5470503983390627,2.5470,2.5471
C,time,1552,1.8,2.051851405389895,2.051849446359096,2.0519,2.0518
C,time,1563,1.8,2.0491506837415208,2.0491487240983295,2.0492,2.0491
C,time,1567,1.1,2.536549739871417,2.536550529652359,2.5365,2.5366
C,time,1567,1.9,1.8360521339284166,1.8360497425343048,1.8361,1.8360
C,time,1569,1.9,1.8355516153343854,1.8355492247508887,1.8356,1.8355
C,time,1571,1.9,1.8350515631209778,1.8350491733481897,1.8351,1.8350
C,time,1573,1.9,1.8345519763947096,1.8345495874325066,1.8346,1.8345
C,time,1573,2.0,1.56115053845296,1.5611481329509649,1.5612,1.5611
C,time,1584,1.7,2.205450451451102,2.2054491843643644,2.2055,2.2054
C,time,1587,2.0,1.5578512747556723,1.55784887672658,1.5579,1.5578
C,time,1590,1.0,2.5429498041127867,2.54295041884835,2.5429,2.5430
C,time,1593,0.7,2.54934995472348,2.549350116688728,2.5493,2.5494
C,time,1598,1.1,2.5355497342602114,2.535550535551957,2.5355,2.5356
C,time,1607,1.5,2.4045498368290863,2.4045500056185474,2.4045,2.4046
C,time,1614,2.0,1.5515512384523287,1.5515488548074188,1.5516,1.5515
C,time,1640,1.3,2.4964496454519693,2.4964505192607183,2.4964,2.4965
C,time,1666,0.8,2.5480498378261704,2.5480501495321737,2.5480,2.5481
C,time,1697,1.9,1.8044518392966071,1.8044495009937767,1.8045,1.8044
C,time,1707,1.8,2.014851220262181,2.014849259684353,2.0149,2.0148
C,time,1717,1.9,1.7997510665607674,1.7997487364714844,1.7998,1.7997
C,time,1724,0.8,2.547649781461978,2.5476501226547295,2.5476,2.5477
C,time,1729,1.9,1.7969502080524757,1.7969478828844132,1.7970,1.7969
C,time,1732,1.9,1.7962522680809632,1.7962499441433575,1.7963,1.7962
C,time,1734,1.2,2.514849507900324,2.5148504153060367,2.5148,2.5149
C,time,1735,1.7,2.172750739689183,2.1727493978468124,2.1728,2.1727
C,time,1748,1.3,2.4874492900086707,2.48745010747896,2.4874,2.4875
C,time,1749,1.0,2.5395494490909547,2.539550141433716,2.5395,2.5396
C,time,1753,2.0,1.5203500117594755,1.5203477005059078,1.5204,1.5203
C,time,1758,1.8,2.0031502127879026,2.0031482545058314,2.0032,2.0031
C,time,1761,1.9,1.789551836816964,1.7895495247729785,1.7896,1.7895
C,time,1762,1.7,2.1670512274000604,2.1670498744849143,2.1671,2.1670
C,time,1773,1.8,1.999750964852147,1.9997490074553759,1.9998,1.9997
C,time,1776,1.3,2.4850492614215436,2.4850500633258874,2.4850,2.4851
C,time,1782,1.9,1.7847514349760496,1.7847491315152286,1.7848,1.7847
C,time,1797,1.8,1.9943512422072056,1.9943492864088965,1.9944,1.9943
C,time,1798,1.0,2.5383496098162497,2.5383503218100247,2.5383,2.5384
C,time,1799,2.0,1.5104521250489866,1.5104498369889285,1.5105,1.5104
C,space,174,2.0,2.1590500893119797,2.1590499413976585,2.1591,2.1590
C,space,1346,1.8,2.104750026947636,2.1047499991456218,2.1048,2.1047
