name,level,x,y,J,J_lower,P_H,P_N,P_A,P_loc,E_radius_loss,safe_margin,angle_calls
area,6,932.613165370033,589.9650426827,2103.78339484829,2103.78339484829,0.0,0.00067244054725816,0.999327559452747,0.0,25.1279555541383,-99.3767869422759,7434.0
radius,6,906.618820480172,572.789605795575,2118.15022026671,2118.15022026671,0.0,0.000226374096173972,0.999773625903828,0.0,25.0757219309656,-68.2255269117647,7686.0
rounded_area,5,932.6,590.0,2103.78340228701,2103.78340228701,0.0,0.000672621460570314,0.999327378539574,0.0,25.1279545482669,-99.3844412183353,3090.0
rounded_radius,5,906.6,572.8,2118.16209851189,2118.16209851189,0.0,0.000226281078096133,0.999773718922092,0.0,25.0757219660255,-68.2152162274158,3090.0
strong_example,5,500.0,0.0,595324.540269295,595324.540269294,0.00284215807393708,0.0,0.997157416913134,0.0117316049165914,405.249305976064,499.847718346093,24810.0
far_baseline,5,-1500.0,0.0,1755926.53829928,1755926.53829928,0.0,1.0,0.0,0.0,747.615393469893,-1500.0,30.0
near_first,5,0.01,0.0,1755631.92597274,1755631.92597273,6.32188315352981e-08,0.0,0.999999936781147,6.32300424997175e-08,747.552648345968,0.00999847693640277,1410.0
first_north,5,0.0,500.0,63246.3106471712,63246.3106471711,0.0,0.157867420817216,0.842134833589593,0.0,100.829966789867,-125.811887678081,3360.0
simple,5,900.0,600.0,2117.89234221801,2117.892342218,0.0,0.000338066040030796,0.999661933960972,0.0,25.0960802992283,-77.5579266017285,3270.0
