check,time_s,radius_cm,coarse,fine
thermal_time_coarse,84,1.9,19.33834989385387,19.338350009959743
thermal_time_coarse,281,0.3,25.640550063323595,25.640549959319006
thermal_time_coarse,342,1.4,17.932549967130093,17.932550017881173
thermal_time_coarse,377,0.1,23.78455001527809,23.784549926045198
thermal_time_coarse,417,0.4,22.35885000558702,22.358849948147824
thermal_time_coarse,716,1.5,11.964749991790612,11.964750045890183
thermal_time_coarse,780,0.2,15.712249989033028,15.712250016448333
thermal_time_coarse,862,0.4,14.345649962404714,14.345650008498087
thermal_time_coarse,872,0.1,14.502649998484854,14.502650044167625
thermal_time_coarse,920,1.9,9.245249946594663,9.245250001866737
thermal_time_coarse,986,0.7,12.5066499597905,12.506650015224412
thermal_time_coarse,1067,1.9,9.214049938893398,9.21405000251693
thermal_time_coarse,1114,1.5,10.038049999261068,10.038050064481602
thermal_time_coarse,1143,1.5,9.990649966432832,9.990650021759668
thermal_time_coarse,1233,0.5,11.100949959752171,11.100950025897054
thermal_time_coarse,1301,2.0,9.56574994810312,9.56575000664227
thermal_time_coarse,1333,1.6,9.826649997716274,9.826650066165058
thermal_time_coarse,1542,0.7,10.222049979325359,10.222050049558202
thermal_time_coarse,1586,0.8,10.203949942008276,10.20395000167306
thermal_time_coarse,1663,0.9,10.254149948681286,10.25415000923106
thermal_time_coarse,1718,0.0,10.236449985438416,10.236450053244864
thermal_time_coarse,1775,0.4,10.299049998466836,10.299050056654345
thermal_time_coarse,1795,1.3,10.689949966023237,10.6899500204387
thermal_time_final,94,1.4,25.348850009772114,25.34884999968527
thermal_time_final,240,0.8,24.881150000783194,24.88114998439562
thermal_time_final,517,0.0,20.660250007947067,20.66024999965658
thermal_time_final,903,1.4,11.122049994178665,11.122050006854304
thermal_time_final,1040,1.3,10.73624998823891,10.736250000876687
thermal_time_final,1326,1.3,10.061449988393804,10.061450000525022
thermal_time_final,1449,0.8,10.267149982501778,10.267150000278727
thermal_time_final,1534,0.1,10.30474998234037,10.304750001895838
thermal_time_final,1534,0.8,10.206949992553826,10.206950011171996
thermal_time_final,1647,1.4,10.364849989882831,10.364850000996654
thermal_space_final,5,1.8,27.775750049104982,27.77574996139757
thermal_space_final,94,1.4,25.34885007410309,25.34884999968527
thermal_space_final,517,0.0,20.66025001322312,20.66024999965658
thermal_space_final,903,1.4,11.12204999607161,11.122050006854304
thermal_space_final,920,1.9,9.245249984517173,9.245250016072585
thermal_space_final,1040,1.3,10.736249993329013,10.736250000876687
thermal_space_final,1067,1.9,9.214049988737282,9.214050018918604
thermal_space_final,1190,0.5,11.327450008714257,11.327449998989497
thermal_space_final,1267,0.2,11.092150003071781,11.092149992183941
thermal_space_final,1301,2.0,9.56574999382993,9.5657500218932
thermal_space_final,1321,0.0,10.875850002994941,10.875849992855317
thermal_space_final,1326,1.3,10.061449992874985,10.061450000525022
thermal_space_final,1647,1.4,10.364849992536186,10.364850000996654
moisture_time_coarse_T,6,1.8,27.66904999454432,27.669050001397128
moisture_time_coarse_T,488,0.0,21.29534999982482,21.29535000458971
moisture_time_coarse_T,903,1.4,11.122049998823147,11.12205000515944
moisture_time_coarse_T,1534,0.1,10.304749996312326,10.304750000704052
moisture_time_coarse_T,1647,1.4,10.364849997782793,10.364850000290025
moisture_time_final_T,1040,1.3,10.73624999933694,10.736250000876687
moisture_time_final_T,1326,1.3,10.061449999378784,10.061450000525022
moisture_time_final_T,1449,0.8,10.267149999096528,10.267150000278727
moisture_space_final_T,6,1.8,27.66904956482433,27.66905000374747
moisture_space_final_T,9,2.0,23.922849558642476,23.92285200482621
moisture_space_final_T,14,1.9,25.2608488579805,25.260850476081618
moisture_space_final_T,16,1.5,27.909449973023793,27.909450066336504
moisture_space_final_T,17,2.0,22.554749990615974,22.554752334675133
moisture_space_final_T,37,1.8,24.29784961692629,24.297850999554893
moisture_space_final_T,38,1.5,27.12084990251297,27.12085035569688
moisture_space_final_T,47,1.6,25.93834948324332,25.938350302173813
moisture_space_final_T,68,1.3,26.93634965343382,26.936350069282565
moisture_space_final_T,80,1.2,27.00124967187507,27.00125004123167
moisture_space_final_T,84,1.9,19.33834829320642,19.33835003875449
moisture_space_final_T,85,1.6,23.818749416587316,23.818750508729938
moisture_space_final_T,97,1.7,21.9231489034022,21.92315024048397
moisture_space_final_T,117,1.3,25.250749853056877,25.250750562349324
moisture_space_final_T,141,1.7,20.014649802948075,20.01465118034543
moisture_space_final_T,148,1.0,26.113549589127416,26.11355007403592
moisture_space_final_T,149,1.8,18.255849013582015,18.255850523602366
moisture_space_final_T,159,1.4,22.90864930199588,22.908650288480363
moisture_space_final_T,162,2.0,14.618048989542421,14.618050688835725
moisture_space_final_T,173,0.5,27.181649942218016,27.181650179095254
moisture_space_final_T,176,1.8,17.36864966655719,17.368651153054955
moisture_space_final_T,177,1.6,20.055049767746688,20.05505103063996
moisture_space_final_T,188,1.8,17.011349510485285,17.011350985705032
moisture_space_final_T,194,1.6,19.5106492587055,19.510650528576722
moisture_space_final_T,196,1.8,16.783848902310734,16.783850369854857
moisture_space_final_T,216,0.1,27.032749922274917,27.032750184412933
moisture_space_final_T,220,1.7,17.486049389698078,17.48605075287767
moisture_space_final_T,220,2.0,13.262149975168485,13.262151549032216
moisture_space_final_T,224,1.8,16.046449008951186,16.046450449164922
moisture_space_final_T,230,1.5,19.622948983705953,19.622950169467835
moisture_space_final_T,237,0.4,26.31234979454467,26.312350185649343
moisture_space_final_T,245,0.9,24.230949635011335,24.230950325924216
moisture_space_final_T,245,1.6,18.066449528244974,18.06645080232032
moisture_space_final_T,273,0.0,26.066549904486184,26.066550331270893
moisture_space_final_T,291,0.3,25.431549655431464,25.431550170517195
moisture_space_final_T,296,0.4,25.106349883932378,25.10635044055928
moisture_space_final_T,301,1.7,15.606449432927075,15.606450751039867
moisture_space_final_T,306,0.2,25.268449961830484,25.268450497097664
moisture_space_final_T,312,0.3,24.979649735058935,24.979650305585892
moisture_space_final_T,319,0.8,22.999749756960483,22.999750540847696
moisture_space_final_T,325,0.5,24.166749488157834,24.16675014980843
moisture_space_final_T,326,1.2,20.078049934727794,20.07805096168431
moisture_space_final_T,330,1.8,13.927648843416495,13.927650184010279
moisture_space_final_T,335,1.4,18.082549920124293,18.082551068615675
moisture_space_final_T,335,1.5,17.097749715429106,17.097750917733958
moisture_space_final_T,335,1.9,12.691549567038507,12.691550935042066
moisture_space_final_T,339,1.5,17.01604962493975,17.01605082699342
moisture_space_final_T,340,1.4,17.975149231375582,17.975150380962596
moisture_space_final_T,342,1.4,17.93254888058514,17.932550030584206
moisture_space_final_T,345,1.7,14.798949707020158,14.798950998201676
moisture_space_final_T,347,1.6,15.832249062663344,15.832250310794182
moisture_space_final_T,352,0.5,23.546949438133904,23.546950158292844
moisture_space_final_T,352,1.4,17.722548945232536,17.722550097077693
moisture_space_final_T,354,1.6,15.703449659004583,15.70345090462407
moisture_space_final_T,355,1.0,20.9195491770429,20.919550120927095
moisture_space_final_T,363,1.0,20.736049132347596,20.7360500852825
moisture_space_final_T,375,1.1,19.753649731091304,19.75365074447879
moisture_space_final_T,387,0.8,21.414649991636193,21.414650883806935
moisture_space_final_T,390,1.2,18.663149735438804,18.663150805078804
moisture_space_final_T,398,0.4,22.79364948684545,22.793650268415316
moisture_space_final_T,400,1.2,18.456549071332642,18.456550145897932
moisture_space_final_T,404,0.7,21.537549667864177,21.537550545903
moisture_space_final_T,417,0.1,22.86744981668011,22.8674505913465
moisture_space_final_T,424,1.1,18.715449728677847,18.71545077587125
moisture_space_final_T,428,0.3,22.34494979293882,22.34495060775864
moisture_space_final_T,429,1.8,12.556649987617117,12.556651247819918
moisture_space_final_T,432,0.9,19.85334978488523,19.85335076503884
moisture_space_final_T,435,1.2,17.76214960466903,17.762150693494558
moisture_space_final_T,436,1.2,17.74294991957223,17.74295100874261
moisture_space_final_T,440,0.1,22.34174969948124,22.341750514237788
moisture_space_final_T,451,1.9,11.355449097923922,11.355450352925034
moisture_space_final_T,456,0.8,19.899449201889535,19.89945017212348
moisture_space_final_T,456,1.5,14.953949344444181,14.95395052632317
moisture_space_final_T,462,1.6,13.993049133777792,13.993050336684687
moisture_space_final_T,463,1.8,12.16924986288558,12.16925109827861
moisture_space_final_T,464,1.7,13.071949198545413,13.071950419087154
moisture_space_final_T,472,0.2,21.519349916233075,21.51935078682368
moisture_space_final_T,480,0.1,21.440149295244805,21.440150170745454
moisture_space_final_T,486,1.2,16.825449479944268,16.825450582541308
moisture_space_final_T,488,0.0,21.29534912156495,21.295350005945053
moisture_space_final_T,491,0.0,21.228949546163577,21.22895043453983
moisture_space_final_T,492,2.0,10.089748889537237,10.089750111660459
moisture_space_final_T,494,1.2,16.685949715987018,16.685950820101745
moisture_space_final_T,505,0.8,18.894249051620953,18.894250061851995
moisture_space_final_T,506,0.2,20.770149099331437,20.77015001407538
moisture_space_final_T,506,0.5,20.097549413831203,20.097550364822865
moisture_space_final_T,513,2.0,9.956249894410176,9.956251098109608
moisture_space_final_T,517,1.5,14.077749291941211,14.077750457382455
moisture_space_final_T,518,0.2,20.510849584563623,20.5108505132167
moisture_space_final_T,519,1.9,10.761649656015795,10.761650856136743
moisture_space_final_T,520,1.2,16.245649539870495,16.24565064786613
moisture_space_final_T,527,1.5,13.945149396795731,13.945150559305276
moisture_space_final_T,540,0.8,18.214349260990314,18.21435029333036
moisture_space_final_T,546,0.5,19.271449064763463,19.271450052177457
moisture_space_final_T,548,1.2,15.79384955592109,15.79385066645542
moisture_space_final_T,551,1.6,12.883749644226686,12.883750809760434
moisture_space_final_T,554,1.7,12.081149766148913,12.081150937318544
moisture_space_final_T,558,0.9,17.386849711929777,17.386850771023106
moisture_space_final_T,560,1.2,15.60734940890492,15.607350520054068
moisture_space_final_T,563,2.0,9.685849091229162,9.685850253923576
moisture_space_final_T,573,1.9,10.391849384527651,10.391850545355044
moisture_space_final_T,581,0.7,17.885349422057825,17.885350460209565
moisture_space_final_T,583,0.6,18.221949661833033,18.221950687952344
moisture_space_final_T,587,1.0,16.362849253877407,16.3628503375758
moisture_space_final_T,589,1.8,11.028449590248586,11.02845074329626
moisture_space_final_T,597,1.2,15.058649438903844,15.058650550344128
moisture_space_final_T,601,0.9,16.644449281651887,16.644450354838003
moisture_space_final_T,602,1.3,14.368149912593616,14.368151034801173
moisture_space_final_T,603,1.9,10.211849277986412,10.211850418308547
moisture_space_final_T,604,1.3,14.341849782956245,14.341850904896765
moisture_space_final_T,606,1.1,15.513049883910437,15.513050983441781
moisture_space_final_T,611,0.6,17.70394958108837,17.703950622056414
moisture_space_final_T,611,0.7,17.344249128872054,17.344250180751963
moisture_space_final_T,613,1.7,11.556949417431259,11.55695055789041
moisture_space_final_T,621,0.0,18.530949172212168,18.53095018582428
moisture_space_final_T,621,1.6,12.174049596325114,12.174050732101767
moisture_space_final_T,625,1.9,10.095249047467448,10.0952501733029
moisture_space_final_T,629,1.7,11.42974923031491,11.429750362640267
moisture_space_final_T,636,1.1,15.07614998362549,15.076151084228345
moisture_space_final_T,642,2.0,9.364549280571289,9.364550385203529
moisture_space_final_T,643,0.5,17.431749919701474,17.431750966454587
moisture_space_final_T,644,0.5,17.414049327601774,17.414050374786108
moisture_space_final_T,645,1.7,11.309649778531949,11.309650902796946
moisture_space_final_T,647,0.1,18.01204962502166,18.012050655101138
moisture_space_final_T,659,1.1,14.757548954166563,14.757550054555873
moisture_space_final_T,675,1.8,10.487949160125897,10.48795026338537
moisture_space_final_T,679,0.3,17.223449790702645,17.22345084154385
moisture_space_final_T,680,1.4,12.855949144818494,12.85595025606406
moisture_space_final_T,703,0.4,16.638949315775577,16.63895037877707
moisture_space_final_T,707,0.9,15.028149467255053,15.028150555679165
moisture_space_final_T,710,1.1,14.101349615752298,14.101350712864898
moisture_space_final_T,711,0.8,15.362649242801288,15.36265032644795
moisture_space_final_T,716,1.5,11.964748960847405,11.964750059757408
moisture_space_final_T,720,0.4,16.362549840867107,16.362550908502218
moisture_space_final_T,722,0.1,16.695649677084972,16.695650738719525
moisture_space_final_T,733,0.2,16.44274925241382,16.442750318466558
moisture_space_final_T,733,0.5,15.944249298622578,15.94425037249045
moisture_space_final_T,738,1.4,12.31124918993707,12.311250283779112
moisture_space_final_T,739,0.8,14.969749598733795,14.969750684110164
moisture_space_final_T,743,0.1,16.353549983219576,16.35355105067755
moisture_space_final_T,744,0.1,16.337549565318717,16.33755063302493
moisture_space_final_T,745,0.0,16.345249807812955,16.34525087539873
moisture_space_final_T,745,0.5,15.762049277985032,15.76205035389185
moisture_space_final_T,750,1.4,12.207249703917263,12.20725079395122
moisture_space_final_T,752,0.8,14.794149635865423,14.794150721562758
moisture_space_final_T,758,2.0,9.076549113627653,9.076550143411515
moisture_space_final_T,759,0.8,14.701349843879598,14.701350929630493
moisture_space_final_T,759,1.3,12.617849918813372,12.617851008550645
moisture_space_final_T,769,1.4,12.048649418248132,12.04865050212067
moisture_space_final_T,780,0.2,15.712248948197619,15.712250023915027
moisture_space_final_T,780,1.4,11.9602491145896,11.960250194824642
moisture_space_final_T,792,1.7,10.442749495265344,10.442750547889126
moisture_space_final_T,794,1.8,9.95684951317823,9.956850552772678
moisture_space_final_T,802,1.7,10.397249091921188,10.397250139782981
moisture_space_final_T,804,0.6,14.694049794257804,14.694050876877046
moisture_space_final_T,805,1.8,9.918549766951335,9.91855080086997
moisture_space_final_T,809,0.2,15.290149957004695,15.29015103619686
moisture_space_final_T,810,0.5,14.83954966132727,14.839550743054895
moisture_space_final_T,815,1.9,9.434749707147752,9.434750720777407
moisture_space_final_T,817,1.3,12.113549366318546,12.113550439489249
moisture_space_final_T,823,1.0,13.24344933688008,13.243450417839805
moisture_space_final_T,823,1.1,12.871649734053323,12.871650812917315
moisture_space_final_T,826,0.5,14.628749482241409,14.628750564196872
moisture_space_final_T,828,1.8,9.84184966748237,9.84185068962774
moisture_space_final_T,830,0.9,13.51334948462624,13.513350565873218
moisture_space_final_T,832,1.5,11.14444948700104,11.144450541623398
moisture_space_final_T,840,0.2,14.862549664069276,14.86255074513922
moisture_space_final_T,843,0.0,14.902049348373101,14.902050429325662
moisture_space_final_T,844,0.6,14.189049456428009,14.189050538083299
moisture_space_final_T,857,2.0,8.944149401333542,8.944150373669482
moisture_space_final_T,862,0.4,14.345648939597627,14.345650020828403
moisture_space_final_T,865,1.3,11.74584915268998,11.74585021078661
moisture_space_final_T,867,0.5,14.116949368361624,14.116950449034904
moisture_space_final_T,868,0.7,13.671349062693826,13.671350141596715
moisture_space_final_T,869,0.1,14.540949800961988,14.54095088229321
moisture_space_final_T,872,0.1,14.502648975055905,14.50265005635253
moisture_space_final_T,879,0.8,13.292549269253376,13.292550344938565
moisture_space_final_T,879,1.6,10.48214971576091,10.482150740385539
moisture_space_final_T,882,0.1,14.37654952642466,14.376550607503367
moisture_space_final_T,882,1.1,12.339649605971669,12.339650670708203
moisture_space_final_T,884,0.8,13.240949789964189,13.240950864846626
moisture_space_final_T,890,0.3,14.1323493010851,14.132350381346532
moisture_space_final_T,893,0.0,14.258749894373306,14.258750975101194
moisture_space_final_T,898,1.5,10.777949975532067,10.777951003757222
moisture_space_final_T,899,1.1,12.198849683111284,12.198850743315319
moisture_space_final_T,900,0.7,13.326549786704554,13.32655086132033
moisture_space_final_T,903,1.4,11.12204897027354,11.122050006854304
moisture_space_final_T,918,0.1,13.9422493072181,13.942250386281946
moisture_space_final_T,920,1.9,9.245249057763491,9.245250016072585
moisture_space_final_T,931,0.0,13.80964927351569,13.809650351555156
moisture_space_final_T,935,1.4,10.94414981293019,10.94415083744349
moisture_space_final_T,944,0.4,13.404049296628152,13.404050370467717
moisture_space_final_T,946,1.6,10.215549476512654,10.215550471953055
moisture_space_final_T,949,0.3,13.463149430666022,13.46315050513112
moisture_space_final_T,953,0.9,12.336849355740302,12.336850412484418
moisture_space_final_T,957,0.1,13.505349110136226,13.50535018505833
moisture_space_final_T,957,1.0,12.04004965239976,12.04005070250482
moisture_space_final_T,959,1.9,9.219249376301327,9.219250315020638
moisture_space_final_T,962,2.0,8.925449702679503,8.925450619113304
moisture_space_final_T,964,0.5,13.059549256585392,13.05955032534221
moisture_space_final_T,966,0.9,12.230049791314348,12.230050844743188
moisture_space_final_T,966,1.8,9.51974965263689,9.519750606844797
moisture_space_final_T,969,0.5,13.010549444458889,13.010550512318552
moisture_space_final_T,974,0.8,12.400049250978809,12.400050307406174
moisture_space_final_T,986,0.7,12.506648972105323,12.506650030055352
moisture_space_final_T,993,1.1,11.515549497546472,11.515550529706509
moisture_space_final_T,995,1.8,9.483949836144792,9.483950776535833
moisture_space_final_T,998,0.2,13.038049401320096,13.03805046921002
moisture_space_final_T,1001,2.0,8.938149147284458,8.93815004381779
moisture_space_final_T,1012,0.9,11.877949285264606,11.877950326089627
moisture_space_final_T,1016,0.7,12.255449827900753,12.255450878576102
moisture_space_final_T,1020,1.0,11.592249429499997,11.592250460962346
moisture_space_final_T,1038,0.7,12.082249758350141,12.082250803289606
moisture_space_final_T,1040,1.3,10.736249004980253,10.736250000876687
moisture_space_final_T,1041,0.1,12.675649785241923,12.67565084554809
moisture_space_final_T,1044,1.5,10.202649762971888,10.202650731093875
moisture_space_final_T,1059,1.6,9.911749984810344,9.911750931045196
moisture_space_final_T,1062,0.7,11.90354923377436,11.903550272104551
moisture_space_final_T,1064,0.0,12.48634978178402,12.486350837303105
moisture_space_final_T,1064,1.4,10.392049875555168,10.392050849502095
moisture_space_final_T,1067,1.9,9.214049132928807,9.214050018918604
moisture_space_final_T,1069,0.9,11.494849904498246,11.494850928069761
moisture_space_final_T,1078,1.3,10.580149695949931,10.580150677277873
moisture_space_final_T,1078,1.4,10.346849306866032,10.346850275168498
moisture_space_final_T,1079,1.2,10.804349281747285,10.804350274386756
moisture_space_final_T,1085,1.4,10.325549821537095,10.325550787008096
moisture_space_final_T,1100,0.2,12.143249134994283,12.143250180184078
moisture_space_final_T,1100,0.5,11.90404963056883,11.904050667537016
moisture_space_final_T,1101,0.0,12.181949198809216,12.181950245270759
moisture_space_final_T,1107,0.7,11.59614914955301,11.59615017460662
moisture_space_final_T,1110,1.9,9.264149506472451,9.264150372195795
moisture_space_final_T,1114,0.0,12.081149520883455,12.081150563935617
moisture_space_final_T,1114,0.9,11.231449984422882,11.23145099330813
moisture_space_final_T,1114,1.5,10.038049142815554,10.038050081524078
moisture_space_final_T,1116,0.5,11.791049930142666,11.791050962532417
moisture_space_final_T,1127,0.7,11.470949903195912,11.470950922017746
moisture_space_final_T,1127,0.8,11.323549686204064,11.323550698384617
moisture_space_final_T,1131,1.7,9.629849838653046,9.629850735456948
moisture_space_final_T,1132,1.9,9.289649943060466,9.289650798599016
moisture_space_final_T,1143,1.5,9.990649109849736,9.990650036349018
moisture_space_final_T,1144,2.0,9.164249505388359,9.16425033255003
moisture_space_final_T,1146,1.5,9.986249556773627,9.986250482010073
moisture_space_final_T,1154,0.0,11.790449272919412,11.790450304820219
moisture_space_final_T,1156,0.2,11.736149978557481,11.736151008144837
moisture_space_final_T,1159,0.6,11.405549675384494,11.405550689821945
moisture_space_final_T,1159,1.4,10.146249690767464,10.1462506260649
moisture_space_final_T,1173,0.2,11.623749559492865,11.623750583992877
moisture_space_final_T,1175,0.3,11.563149757275221,11.563150778916096
moisture_space_final_T,1187,1.0,10.731449331466035,10.731450305461273
moisture_space_final_T,1192,0.4,11.395749250484421,11.39575026355767
moisture_space_final_T,1194,2.0,9.280849451597811,9.28085025549194
moisture_space_final_T,1202,1.9,9.3981495318815,9.398150355340583
moisture_space_final_T,1221,1.0,10.610049456538155,10.610050417845848
moisture_space_final_T,1233,0.5,11.10094904849157,11.100950043610583
moisture_space_final_T,1238,1.1,10.427149716345802,10.427150660063406
moisture_space_final_T,1241,1.5,9.898249601845848,9.898250487013543
moisture_space_final_T,1242,0.8,10.777749982188952,10.77775095436608
moisture_space_final_T,1243,1.0,10.540249402287106,10.540250355258369
moisture_space_final_T,1246,0.8,10.762449468780941,10.762450439496538
moisture_space_final_T,1254,0.8,10.732549161743023,10.732550129523979
moisture_space_final_T,1256,0.5,10.992049360662499,10.992050347819852
moisture_space_final_T,1267,1.9,9.515249872356861,9.515250667096469
moisture_space_final_T,1284,1.8,9.618249392868371,9.618250202197258
moisture_space_final_T,1286,1.4,9.989149573832082,9.989150456717102
moisture_space_final_T,1290,1.8,9.628949902420704,9.628950709162183
moisture_space_final_T,1292,1.6,9.79104973729638,9.791050583121677
moisture_space_final_T,1301,2.0,9.565749265311066,9.5657500218932
moisture_space_final_T,1314,0.5,10.753349157084548,10.753350123469131
moisture_space_final_T,1321,1.2,10.157449459768,10.157450357895636
moisture_space_final_T,1326,1.3,10.061449118644418,10.061450000525022
moisture_space_final_T,1330,0.6,10.636249333737865,10.636250288285922
moisture_space_final_T,1333,1.6,9.826649255561886,9.82665008410041
moisture_space_final_T,1344,0.3,10.734649172994445,10.734650136991617
moisture_space_final_T,1344,1.1,10.216649954007124,10.216650855944904
moisture_space_final_T,1345,0.5,10.645649751859304,10.645650706800184
moisture_space_final_T,1353,1.9,9.75444995663146,9.754450714277919
moisture_space_final_T,1369,0.9,10.330549173897138,10.330550088567689
moisture_space_final_T,1369,1.5,9.92284948441703,9.922850316096358
moisture_space_final_T,1374,0.6,10.506949218100587,10.506950156053316
moisture_space_final_T,1375,1.1,10.181149239216857,10.181150128771586
moisture_space_final_T,1383,0.4,10.572149257619982,10.572150203272201
moisture_space_final_T,1388,0.0,10.63114932485937,10.631150277493994
moisture_space_final_T,1390,0.2,10.606249226758457,10.606250176431768
moisture_space_final_T,1409,0.3,10.529349207907236,10.529350147628454
moisture_space_final_T,1411,1.3,10.050049467799804,10.050050314981476
moisture_space_final_T,1413,0.2,10.539149662155125,10.53915060316049
moisture_space_final_T,1419,2.0,9.99294962516174,9.992950331921167
moisture_space_final_T,1421,1.5,9.980449689344063,9.980450499495982
moisture_space_final_T,1422,1.5,9.981749511056037,9.981750320796927
moisture_space_final_T,1422,1.6,9.959049619819313,9.959050411207052
moisture_space_final_T,1427,0.8,10.295549237428443,10.295550139001081
moisture_space_final_T,1428,0.3,10.480149921688007,10.480150854170647
moisture_space_final_T,1428,0.9,10.245349212120507,10.245350103530809
moisture_space_final_T,1440,0.5,10.39664922417867,10.3966501429641
moisture_space_final_T,1449,0.8,10.267149107382258,10.267150000278727
moisture_space_final_T,1478,1.5,10.064549624615447,10.064550411501559
moisture_space_final_T,1486,0.6,10.291449808531867,10.291450703020518
moisture_space_final_T,1486,1.5,10.077549740075524,10.077550523716273
moisture_space_final_T,1489,1.2,10.11784940784552,10.117850238075102
moisture_space_final_T,1495,2.0,10.254949938887176,10.254950615045287
moisture_space_final_T,1498,1.3,10.107349629319573,10.107350441193576
moisture_space_final_T,1499,0.6,10.276249243812646,10.276250133179364
moisture_space_final_T,1502,0.1,10.35234959091655,10.352350499370193
moisture_space_final_T,1512,0.4,10.302849946841553,10.302850842697968
moisture_space_final_T,1520,0.4,10.292849267832704,10.292850160543837
moisture_space_final_T,1525,1.1,10.154049665246237,10.154050494528079
moisture_space_final_T,1534,0.1,10.304749105968941,10.304750001895838
moisture_space_final_T,1534,0.8,10.206949152020892,10.206950011171996
moisture_space_final_T,1534,1.3,10.145449938103487,10.145450735475674
moisture_space_final_T,1534,1.7,10.214649840845475,10.21465056726799
moisture_space_final_T,1536,1.1,10.159649653907406,10.159650478777259
moisture_space_final_T,1542,0.7,10.22204920370481,10.222050068458186
moisture_space_final_T,1551,1.5,10.19294938661926,10.192950144096677
moisture_space_final_T,1552,1.6,10.223449376397816,10.223450115163597
moisture_space_final_T,1556,1.8,10.332149975862423,10.332150672924156
moisture_space_final_T,1557,1.7,10.278449589745266,10.278450307048825
moisture_space_final_T,1558,0.6,10.229949559024213,10.229950425036195
moisture_space_final_T,1561,1.9,10.424449884557808,10.424450557897163
moisture_space_final_T,1570,1.9,10.458949874561666,10.458950544413833
moisture_space_final_T,1574,0.6,10.223349574090875,10.223350433748209
moisture_space_final_T,1585,1.6,10.307749560591148,10.307750286298544
moisture_space_final_T,1586,0.8,10.203949179501802,10.203950017932456
moisture_space_final_T,1589,0.2,10.246649695079116,10.24665056755249
moisture_space_final_T,1595,0.4,10.232349526591603,10.232350389647298
moisture_space_final_T,1597,0.2,10.241649603719967,10.241650473023928
moisture_space_final_T,1602,1.7,10.413249666624163,10.413250366287832
moisture_space_final_T,1620,1.9,10.641249884970838,10.641250535680628
moisture_space_final_T,1622,0.0,10.232349620365136,10.232350482102722
moisture_space_final_T,1630,0.5,10.220749340878786,10.22075018474001
moisture_space_final_T,1645,1.1,10.266049791419125,10.266050572839069
moisture_space_final_T,1647,0.7,10.225649851227189,10.225650674207811
moisture_space_final_T,1647,1.4,10.364849264388255,10.364850000996654
moisture_space_final_T,1648,0.2,10.22434952197909,10.22435037103946
moisture_space_final_T,1648,1.3,10.326449772271,10.326450524316527
moisture_space_final_T,1650,1.3,10.330349686403965,10.330350437663666
moisture_space_final_T,1651,0.8,10.233349407787369,10.233350220352817
moisture_space_final_T,1656,0.4,10.223649584345635,10.223650423166935
moisture_space_final_T,1663,0.9,10.254149227901394,10.25415002570832
moisture_space_final_T,1668,0.8,10.246749630109523,10.246750435928929
moisture_space_final_T,1672,1.4,10.422449882115245,10.422450608974598
moisture_space_final_T,1675,1.9,10.85704982419087,10.85705045432674
moisture_space_final_T,1690,0.8,10.267349762716405,10.267350559822402
moisture_space_final_T,1698,1.0,10.318349734980915,10.318350507816499
moisture_space_final_T,1699,1.0,10.319849793630238,10.319850566072523
moisture_space_final_T,1706,1.0,10.33054967026317,10.330550439954377
moisture_space_final_T,1714,0.8,10.293949624389896,10.293950412015816
moisture_space_final_T,1715,0.1,10.23574957335215,10.235750397559656
moisture_space_final_T,1718,0.0,10.236449247995388,10.23645007159986
moisture_space_final_T,1718,0.5,10.256449364750178,10.256450173670814
moisture_space_final_T,1720,1.7,10.80594992779323,10.805950582513024
moisture_space_final_T,1735,1.4,10.587349539499415,10.587350242086778
moisture_space_final_T,1737,0.0,10.246749972209923,10.246750788277144
moisture_space_final_T,1771,1.3,10.618749622575933,10.618750327007715
moisture_space_final_T,1775,0.4,10.299049280995126,10.299050072663979
moisture_space_final_T,1778,0.3,10.291849392658307,10.29185018723507
moisture_space_final_T,1782,1.8,11.205449745528824,11.205450357683464
moisture_space_final_T,1784,0.4,10.309349850984363,10.309350639107588
moisture_space_final_T,1793,1.8,11.256549486323602,11.256550094536351
moisture_space_final_T,1795,1.0,10.499249773772094,10.499250508802971
moisture_space_final_T,1795,1.3,10.68994933990155,10.689950035222193
moisture_space_final_T,1797,0.2,10.304849597224342,10.304850387230866
moisture_space_final_C,1536,1.6,2.3332500050668297,2.3332499926106083
