x,y,J,J_lower,P_H,P_N,P_A,P20,E_radius,safe_margin,angle_calls
916,568,2113.18342398019,2113.18342398018,0,0.000278616849966952,0.999721382224518,0.256079590604881,25.0811207982453,-73.6133031873865,882
916,570,2112.47474686758,2112.47474686757,0,0.000290883589402933,0.999709116633692,0.254526485514306,25.0808480072628,-74.6729148113207,918
916,572,2111.81249930597,2111.81249930597,0,0.000303557742907707,0.999696441654861,0.25294410980544,25.0807990798423,-75.7352010960637,918
916,574,2111.19639854786,2111.19639854786,0,0.000316649018147145,0.999683352621335,0.251331905057018,25.08097052562,-76.8001541257863,882
916,576,2110.62662552919,2110.62662552918,0,0.00033016728609672,0.999669832692985,0.249689288287843,25.081362505261,-77.8677659961106,918
916,578,2110.10328417931,2110.1032841793,0,0.000344122583308372,0.999655876988024,0.248015650473057,25.0819744318546,-78.9380288142479,918
916,580,2109.62647880462,2109.62647880461,0,0.000358525114212613,0.999641470875653,0.246310354940602,25.0828054444846,-80.0109346991371,882
916,582,2109.19651446568,2109.19651446568,0,0.000373385253456624,0.999626615159158,0.244572735635605,25.0838563266438,-81.086475781578,918
916,584,2108.8133180534,2108.81331805339,0,0.000388713548279092,0.999611286219737,0.242802095241293,25.0851242480118,-82.1646442043657,918
916,586,2108.47742123167,2108.47742123166,0,0.000404520720922584,0.999595478881173,0.240997703138751,25.0866114098662,-83.2454321224207,918
916,588,2108.18893657767,2108.18893657767,0,0.000420817671084232,0.999579182591495,0.239158793189862,25.0883162453013,-84.3288317029196,918
916,590,2107.94793641791,2107.94793641791,0,0.00043761547840557,0.999562384842584,0.237284561324179,25.090236604897,-85.4148351254223,918
916,592,2107.75547998948,2107.75547998947,0,0.000454925405002358,0.999545070007785,0.235374162907974,25.0923783358818,-86.503434581997,918
916,594,2107.61112341154,2107.61112341154,0,0.000472758898035256,0.999527240930755,0.233426709868973,25.0947346490003,-87.5946222773468,954
916,596,2107.51572851322,2107.51572851321,0,0.000491127592322242,0.999508872555884,0.231441267552985,25.0973091688209,-88.6883904289298,954
916,598,2107.46983205045,2107.46983205045,0,0.000510043312993672,0.999489956830416,0.229416851274372,25.1001026986968,-89.7847312670804,954
916,600,2107.4733933666,2107.47339336659,0,0.000529518078190946,0.99947048177429,0.227352422529895,25.1031109375315,-90.8836370351289,954
916,602,2107.52773740138,2107.52773740138,0,0.000549564101809708,0.999450436340354,0.225246884829321,25.1063406930141,-91.9850999895191,882
916,604,2107.6328599603,2107.6328599603,0,0.000570193796288602,0.99942980573348,0.223099079097238,25.1097873964066,-93.0891123999218,882
916,606,2107.7894546524,2107.7894546524,0,0.000591419775444573,0.999408577596835,0.220907778588555,25.1134520161484,-94.1956665493503,846
916,608,2107.9985859118,2107.99858591179,0,0.000613254857355777,0.999386745548973,0.218671683256389,25.1173383570618,-95.304754734273,882
916,610,2108.26038641699,2108.26038641699,0,0.000635712067293167,0.999364287784388,0.21638941349276,25.1214420369618,-96.4163692647219,882
916,612,2108.57627928444,2108.57627928444,0,0.000658804640701846,0.999341197271889,0.214059503160555,25.1257691904469,-97.5305024644024,846
916,614,2108.94655000131,2108.94655000131,0,0.000682546026233349,0.999317454011537,0.211680391810268,25.1303160783435,-98.647146670801,882
918,568,2112.03980023023,2112.03980023023,0,0.000297142886222971,0.99970285508059,0.253033675965256,25.0834763251031,-75.3108982182912,882
918,570,2111.34799402644,2111.34799402644,0,0.000309933782606228,0.99969006426735,0.251451040674145,25.0832343132082,-76.3688386771314,882
918,572,2110.70291696879,2110.70291696878,0,0.00032314138509502,0.999676858826292,0.249838403621328,25.0832157480812,-77.4294528753544,918
918,574,2110.10461383653,2110.10461383653,0,0.000336775486090132,0.999663224970229,0.248195175092125,25.0834196855234,-78.4927329247121,918
918,576,2109.55320407111,2109.55320407111,0,0.000350846041787068,0.999649153425863,0.246520738890924,25.083845645889,-79.5586709482459,918
918,578,2109.04866031767,2109.04866031767,0,0.000365363174447273,0.999634635763596,0.244814450699844,25.0844917332324,-80.6272590804249,882
918,580,2108.59157405235,2108.59157405235,0,0.000380337174704682,0.999619663497624,0.243075636303361,25.085361056185,-81.6984894672826,918
918,582,2108.18151106573,2108.18151106573,0,0.00039577850390834,0.999604221224995,0.241303589663101,25.0864478595452,-82.7723542665508,918
918,584,2107.81940888685,2107.81940888685,0,0.000411697796501853,0.999588301717281,0.239497570826862,25.0877577390825,-83.8488456477951,918
918,586,2107.50490575952,2107.50490575951,0,0.000428105862440442,0.999571891816676,0.237656803656747,25.0892851436602,-84.9279557925433,882
918,588,2107.23842014494,2107.23842014494,0,0.000445013689646418,0.999554986649241,0.235780473353256,25.0910309169765,-86.0096768944168,882
918,590,2107.02094563512,2107.02094563512,0,0.000462432446503882,0.999537567050002,0.233867723755016,25.0930003330594,-87.0940011592577,918
918,592,2106.85180365862,2106.85180365862,0,0.000480373484393511,0.999519626344952,0.231917654387026,25.0951845802167,-88.1809208052553,954
918,594,2106.73231799897,2106.73231799896,0,0.000498848340268275,0.999501151985079,0.229929317228803,25.0975912713837,-89.2704280630692,954
918,596,2106.66242384101,2106.66242384101,0,0.000517868739271006,0.999482127931872,0.227901713169689,25.1002161418745,-90.3625151759531,918
918,598,2106.64247665548,2106.64247665547,0,0.000537446597394701,0.999462552813341,0.225833788111678,25.1030583168834,-91.4571743998752,954
918,600,2106.67379530722,2106.67379530721,0,0.000557594024186523,0.999442406255655,0.223724428677325,25.1061244836313,-92.5543980036364,954
918,602,2106.75606420337,2106.75606420336,0,0.000578323325496445,0.999421676729659,0.22157245747132,25.1094075457996,-93.6541782689885,882
918,604,2106.89044550453,2106.89044550453,0,0.000599647006271545,0.999400352983361,0.219376627838768,25.1129124019603,-94.7565074907504,882
918,606,2107.07743534961,2107.07743534961,0,0.000621577773396964,0.99937842240389,0.217135618051426,25.1166381093706,-95.8613779769203,882
918,608,2107.31768799202,2107.31768799201,0,0.000644128538584564,0.999355870975227,0.214848024844439,25.1205847194329,-96.9687820487886,882
918,610,2107.61212486757,2107.61212486756,0,0.000667312421310382,0.99933268515209,0.212512356211553,25.1247541810343,-98.0787120410503,846
918,612,2107.96147286779,2107.96147286779,0,0.000691142751801965,0.999308857597187,0.210127023353558,25.1291465662403,-99.1911603019107,882
918,614,2108.36650960329,2108.36650960329,0,0.000715633074076741,0.999284366635034,0.207690331650552,25.133761892343,-100.306119193195,810
920,568,2111.00390784065,2111.00390784064,0,0.000316472607330935,0.999683526555366,0.249932687478642,25.0863085212164,-77.0095314680948,918
920,570,2110.32920822167,2110.32920822166,0,0.000329798312276838,0.999670201577441,0.248319463460503,25.0860966907428,-78.0658050050813,918
920,572,2109.70171429019,2109.70171429018,0,0.000343550042416246,0.999656450803786,0.246675463038439,25.0861091486362,-79.1247513468413,918
920,574,2109.12161504753,2109.12161504752,0,0.00035773767480651,0.999642259472787,0.245000062518994,25.0863459694345,-80.1863626326299,882
920,576,2108.58888941513,2108.58888941513,0,0.000372371250784935,0.999627628714399,0.243292609588124,25.086805406066,-81.2506310128285,918
920,578,2108.10392658887,2108.10392658887,0,0.000387460978244362,0.999612539359424,0.241552421491567,25.0874887944013,-82.317548649087,918
920,580,2107.66654293372,2107.66654293372,0,0.000403017233944167,0.99959698241559,0.2397787830622,25.0883925526295,-83.3871077144574,918
920,582,2107.27753822816,2107.27753822815,0,0.000419050565857403,0.999580949176382,0.237970944576307,25.0895211232031,-84.4593003935308,918
920,584,2106.93646473459,2106.93646473459,0,0.000435571695554858,0.999564428497828,0.236128119421676,25.0908682730932,-85.5341188825689,918
920,586,2106.64426989823,2106.64426989823,0,0.000452591520626809,0.999547408829215,0.234249481556157,25.0924392234744,-86.6115553896359,918
920,588,2106.40090413524,2106.40090413524,0,0.000470121117143271,0.999529878446059,0.232334162734253,25.0942306199414,-87.6916021347286,918
920,590,2106.20650068525,2106.20650068525,0,0.000488171742153574,0.999511823585851,0.2303812494729,25.0962403881341,-88.7742513499027,882
920,592,2106.0623676476,2106.0623676476,0,0.000506754836226098,0.999493245541489,0.22838977972772,25.0984761516973,-89.8594952794006,954
920,594,2105.96798457056,2105.96798457055,0,0.000525882026029055,0.999474117974736,0.226358739244843,25.100929777223,-90.9473261797741,954
920,596,2105.92423438105,2105.92423438105,0,0.000545565126953192,0.999454434260088,0.224287057547459,25.1036047565211,-92.037736320008,954
920,598,2105.93184218643,2105.93184218643,0,0.000565816145777348,0.99943418418112,0.222173603511674,25.1065029528864,-93.1307179816401,954
920,600,2105.99078553856,2105.99078553855,0,0.000586647283377786,0.999413350606526,0.220017180480558,25.1096196863987,-94.2262634588812,918
920,602,2106.1024951781,2106.1024951781,0,0.00060807093748229,0.999391928627558,0.217816520852106,25.1129621706955,-95.3243650587317,882
920,604,2106.26690334411,2106.2669033441,0,0.000630099705469997,0.999369900388182,0.215570280073984,25.1165247624834,-96.4250151010979,882
920,606,2106.48517435189,2106.48517435189,0,0.000652746387218005,0.999347253387403,0.213277029960527,25.1203117891352,-97.5282059189053,846
920,608,2106.75772401818,2106.75772401817,0,0.000676023987995796,0.999323963444553,0.210935251236516,25.124320945992,-98.6339298582125,810
920,610,2107.08574441709,2107.08574441709,0,0.00069994572140855,0.999300054626833,0.208543325195448,25.128556487693,-99.74217927832,882
920,612,2107.46976507945,2107.46976507944,0,0.00072452501239046,0.999275474312749,0.206099524339691,25.1330161257045,-100.85294655188,810
920,614,2107.91085223558,2107.91085223557,0,0.000749775500249206,0.9992502224365,0.203602001844783,25.1377021510181,-101.966224065006,846
922,568,2110.07690875356,2110.07690875356,0,0.00033662321014651,0.999663376681544,0.246774944539931,25.0896203318632,-78.7091980321768,918
922,570,2109.41958904269,2109.41958904268,0,0.000350494358556903,0.999649506652354,0.245130005956323,25.0894381713595,-79.7638088801414,918
922,572,2108.81014384191,2108.81014384191,0,0.000364800878290357,0.999635203136784,0.243453468806167,25.0894825612285,-80.821091585226,882
922,574,2108.24862356514,2108.24862356513,0,0.000379552730982718,0.99962044696765,0.241744672410035,25.0897521811668,-81.881038314106,918
922,576,2107.73515307116,2107.73515307116,0,0.000394760043035135,0.999605240231606,0.24000292507838,25.0902463589513,-82.9436412444263,918
922,578,2107.26996314114,2107.26996314113,0,0.000410433107894015,0.999589566968991,0.238227502087832,25.0909649439332,-84.0088925649391,918
922,580,2106.85335391916,2106.85335391916,0,0.000426582388366463,0.999573414347834,0.236417643480636,25.0919081698199,-85.0767844756399,882
922,582,2106.48513732276,2106.48513732276,0,0.000443218518971953,0.999556781200676,0.234572551670666,25.0930720890416,-86.1473091879034,918
922,584,2106.16651051216,2106.16651051215,0,0.000460352308330994,0.999539648091109,0.23269138883196,25.0944639517602,-87.2204589246155,918
922,586,2105.89687041677,2105.89687041677,0,0.000477994741591582,0.999522005340776,0.23077327404742,25.096075819415,-88.2962259203055,918
922,588,2105.67692793924,2105.67692793923,0,0.000496156982894234,0.999503842662464,0.228817280187175,25.0979104920405,-89.3746024212742,882
922,590,2105.50735901696,2105.50735901696,0,0.000514850377876427,0.999485149859956,0.2268224304873,25.0999702310245,-90.4555806857234,918
922,592,2105.38796825058,2105.38796825058,0,0.000534086456217303,0.999465913673453,0.224787694791179,25.1022497611089,-91.5391529838803,954
922,594,2105.31991567453,2105.31991567453,0,0.000553876934223502,0.999446122544785,0.222711985412548,25.1047548556621,-92.6253115981231,954
922,596,2105.30332027304,2105.30332027304,0,0.000574233717457011,0.999425766478375,0.220594152571378,25.1074823616023,-93.7140488231028,954
922,598,2105.33865709921,2105.3386570992,0,0.000595168903405967,0.999404831367867,0.218432979348402,25.1104317879398,-94.8053569658641,954
922,600,2105.42702787837,2105.42702787837,0,0.000616694784199334,0.999383304835648,0.216227176093723,25.1136075747567,-95.8992283459652,954
922,602,2105.56841887369,2105.56841887369,0,0.000638823849366438,0.999361176265716,0.21397537421543,25.1170046273845,-96.9956552955944,882
922,604,2105.76423900605,2105.76423900605,0,0.000661568788642352,0.999338431367273,0.211676119261776,25.1206293103181,-98.0946301596869,882
922,606,2106.0146503114,2106.0146503114,0,0.000684942494820154,0.999315057322806,0.209327863195578,25.1244773617917,-99.1961452960377,882
922,608,2106.32073624689,2106.32073624688,0,0.000708958066651103,0.999291042065097,0.206928955742172,25.1285518284051,-100.300193075416,882
922,610,2106.68332918904,2106.68332918904,0,0.000733628811793829,0.999266369654227,0.204477634671567,25.1328533136184,-101.406765881673,774
922,612,2107.10327836922,2107.10327836922,0,0.000758968249813628,0.999241031708801,0.201972014846789,25.1373822800981,-102.515856111854,882
922,614,2107.58148511825,2107.58148511825,0,0.000784990115233027,0.999215010616859,0.199410075844585,25.1421391807062,-103.627456176305,882
924,568,2109.25995002978,2109.25995002978,0,0.000357611901851384,0.999642388857539,0.243558652187034,25.0934142547058,-80.4098930338052,918
924,570,2108.62039856139,2108.62039856139,0,0.000372039111957081,0.999627955693308,0.241880799429734,25.0932618929207,-81.4628454151568,846
924,572,2108.02946962942,2108.02946962942,0,0.00038691106654721,0.999613088475017,0.240170473899462,25.0933388377533,-82.5184686930641,918
924,574,2107.48686252132,2107.48686252131,0,0.000402237811758316,0.999597761148814,0.2384269745542,25.0936406015642,-83.5767550615437,882
924,576,2106.99325839055,2106.99325839055,0,0.000418029558977715,0.999581971079877,0.236649566663074,25.0941709353101,-84.6376967254243,918
924,578,2106.5484586723,2106.54845867229,0,0.00043429668712782,0.999565706515998,0.234837479547773,25.0949259423291,-85.7012859004831,882
924,580,2106.1527730604,2106.15277306039,0,0.000451049744986025,0.999548949666829,0.232989904121431,25.0959056959084,-86.7675148135829,918
924,582,2105.80686187565,2105.80686187564,0,0.000468299453540907,0.999531701101625,0.231105990202985,25.0971131593921,-87.8363757028076,918
924,584,2105.51038325406,2105.51038325405,0,0.000486056708385505,0.999513943433871,0.229184843583186,25.0985425310134,-88.9078608175942,918
924,586,2105.26433998506,2105.26433998505,0,0.000504332582148467,0.999495664661463,0.227225522809805,25.1001990459114,-89.9819624188638,882
924,588,2105.06880440691,2105.06880440691,0,0.000523138326963868,0.999476861387032,0.225227035663298,25.102080017888,-91.0586727791526,918
924,590,2104.9239012881,2104.92390128809,0,0.000542485376980523,0.999457515021158,0.223188335280344,25.1041828117585,-92.1379841827381,918
924,592,2104.83100765889,2104.83100765889,0,0.000562385350911652,0.999437614609368,0.22110831588441,25.1065150333923,-93.2198889257656,918
924,594,2104.78970329921,2104.78970329921,0,0.000582850054625772,0.999417149742948,0.218985808072978,25.1090690708145,-94.3043793163731,918
924,596,2104.80102557166,2104.80102557166,0,0.000603891483779693,0.999396108701584,0.216819573602471,25.1118491466774,-95.3914476748123,954
924,598,2104.86549072519,2104.86549072518,0,0.000625521826494566,0.999374477817144,0.21460829960374,25.114854861776,-96.4810863335717,954
924,600,2104.98361766188,2104.98361766188,0,0.00064775346607591,0.999352246510909,0.212350592151189,25.1180855666529,-97.5732876374948,954
924,602,2105.15630524549,2105.15630524549,0,0.000670598983778582,0.999329401199251,0.210044969092835,25.1215434373731,-98.6680439438965,882
924,604,2105.38415401826,2105.38415401825,0,0.000694071161617723,0.999305928620627,0.20768985203631,25.1252278727167,-99.7653476226808,882
924,606,2105.66790143303,2105.66790143303,0,0.000718182985226657,0.999281817010326,0.20528355736355,25.1291390963848,-100.865191056455,810
924,608,2106.0085944857,2106.0085944857,0,0.000742947646762835,0.999257052368598,0.202824286127109,25.1332795387262,-101.96756664064,810
924,610,2106.4070362969,2106.4070362969,0,0.000768378547862891,0.99923162125483,0.200310112652288,25.1376492775883,-103.072466783585,882
924,612,2106.86407512166,2106.86407512165,0,0.000794489302647926,0.999205510915148,0.197738971636073,25.1422484140497,-104.179883906672,882
924,614,2107.38076827027,2107.38076827026,0,0.00082129374078016,0.999178706148842,0.195108643489709,25.1470783944834,-105.289810444428,882
926,568,2108.55418415803,2108.55418415802,0,0.000379455899904677,0.999620547113883,0.240281889910306,25.0976924403714,-82.1116116239652,882
926,570,2107.93309208191,2107.9330920819,0,0.000394449773307853,0.999605549699989,0.238569842315366,25.09757243632,-83.162909750673,918
926,572,2107.36075302322,2107.36075302322,0,0.000409897791378752,0.999590102406911,0.236824390595239,25.0976789588031,-84.2168778005962,918
926,574,2106.83805825617,2106.83805825616,0,0.000425810084677094,0.999574189413031,0.235044789537299,25.0980174261735,-85.273507995013,882
926,576,2106.36443093722,2106.36443093722,0,0.00044219694949896,0.999557795764085,0.233230257229136,25.0985807531766,-86.3327925658557,846
926,578,2105.94070325404,2105.94070325404,0,0.000459068850165481,0.999540930573572,0.231379972526761,25.0993736548032,-87.3947237558491,918
926,580,2105.56691149751,2105.5669114975,0,0.000476436421347171,0.999523564071111,0.229493072290204,25.1003936133615,-88.4592938186472,918
926,582,2105.24301667498,2105.24301667497,0,0.000494310470424665,0.999505689707186,0.227568648361857,25.1016374824613,-89.5264950189678,918
926,584,2104.97031342178,2104.97031342178,0,0.000512701979886606,0.999487297898293,0.225605744252886,25.1031129685463,-90.5963196327252,918
926,586,2104.74825060666,2104.74825060665,0,0.000531622109765492,0.99946837749752,0.223603351507714,25.1048121421489,-91.668759947162,918
926,588,2104.57757515038,2104.57757515038,0,0.00055108220011228,0.99944891818472,0.221560405703153,25.1067376436746,-92.7438082609769,918
926,590,2104.45902066493,2104.45902066492,0,0.000571093773510574,0.999428902388553,0.219475782038056,25.1088916882268,-93.8214568844551,882
926,592,2104.39249634111,2104.39249634111,0,0.000591668537631254,0.999408330929402,0.217348290460938,25.1112695400702,-94.9016981395912,918
926,594,2104.37929670595,2104.37929670595,0,0.00061281838782842,0.999387181802707,0.215176670273473,25.1138774761034,-95.984524360216,954
926,596,2104.41936369338,2104.41936369337,0,0.000634555409777548,0.999365444922088,0.212959584140108,25.1167103986355,-97.0699278921184,954
926,598,2104.51374219229,2104.51374219229,0,0.000656891882156778,0.999343107912407,0.210695611421763,25.1197720291953,-98.1579010931655,954
926,600,2104.66282688786,2104.66282688785,0,0.000679840279372288,0.999320159762639,0.208383240735489,25.1230604245777,-99.2484363334229,882
926,602,2104.86765446309,2104.86765446308,0,0.000703413274328717,0.999296586617915,0.206020861630669,25.1265786185966,-100.341525995272,882
926,604,2105.12874406876,2105.12874406875,0,0.000727623741245651,0.999272371936901,0.203606755245143,25.1303250203006,-101.437162473526,774
926,606,2105.44707141218,2105.44707141218,0,0.000752484758521184,0.999247515504022,0.20113908378752,25.1343016378721,-102.535338175544,882
926,608,2105.82348672938,2105.82348672938,0,0.000778009611643619,0.999221990251203,0.19861587865654,25.1385088528652,-103.636045521344,882
926,610,2106.25895337057,2106.25895337056,0,0.0008042117961524,0.999195788152195,0.196035026976711,25.1429478007585,-104.739276943714,882
926,612,2106.75426592098,2106.75426592098,0,0.000831105020649375,0.999168895168925,0.193394256281725,25.1476178201467,-105.84502488832,882
926,614,2107.31090590901,2107.310905909,0,0.000858703209861553,0.999141299370149,0.190691117024056,25.1525235314426,-106.953281813816,846
928,568,2107.96119140195,2107.96119140194,0,0.000402172431994636,0.999597827149042,0.236942599008154,25.1024601437075,-83.8143489811862,882
928,570,2107.35866841944,2107.35866841944,0,0.000417743553711116,0.999582255962494,0.235194986609153,25.1023698457917,-84.8639970547652,882
928,572,2106.80603629879,2106.80603629879,0,0.000433778247290503,0.999566222016721,0.23341297580778,25.1025115413416,-85.9163140655776,918
928,574,2106.30297723473,2106.30297723473,0,0.00045028672763845,0.999549715188583,0.231595772914872,25.1028803837369,-86.9712922620811,882
928,576,2105.85055953835,2105.85055953835,0,0.000467279375882668,0.99953272039046,0.229742544141387,25.1034828513355,-88.0289239032331,918
928,578,2105.44828085865,2105.44828085864,0,0.000484766741665992,0.999515233483783,0.22785241275037,25.1043121840895,-89.089201258628,918
928,580,2105.09666674365,2105.09666674365,0,0.000502759545475163,0.999497239040836,0.225924455940481,25.1053698836115,-90.1521166086341,882
928,582,2104.79642903933,2104.79642903933,0,0.000521268681006089,0.999478731342352,0.223957701429234,25.1066588543846,-91.2176622445284,918
928,584,2104.54727553489,2104.54727553488,0,0.000540305217566361,0.999459694663076,0.221951123697696,25.1081733084827,-92.285830468629,918
928,586,2104.35026937909,2104.35026937909,0,0.000559880402515793,0.999440119908148,0.219903639857047,25.1099185451763,-93.3566135944261,918
928,588,2104.20552788146,2104.20552788146,0,0.000580005663745812,0.999419997969389,0.217814105088126,25.1118917564072,-94.4300039467121,882
928,590,2104.11341263845,2104.11341263845,0,0.000600692612198524,0.999399306744578,0.215681307598123,25.1140917814011,-95.505993861708,918
928,592,2104.07499324405,2104.07499324405,0,0.000621953044426308,0.999378047186521,0.213503963030288,25.1165232664446,-96.5845756871913,918
928,594,2104.09017778819,2104.09017778819,0,0.000643798945192819,0.999356201532714,0.211280708252836,25.119180790691,-97.6657417826186,954
928,596,2104.16028924458,2104.16028924457,0,0.000666242490116297,0.999333757184723,0.209010094439401,25.1220704057587,-98.7494845192489,954
928,598,2104.28544340299,2104.28544340298,0,0.000689296048356101,0.999310703809735,0.206690579340206,25.1251878961232,-99.8357962802645,954
928,600,2104.46662516298,2104.46662516297,0,0.000712972185343433,0.999287028255241,0.204320518622896,25.1285359078407,-100.924669460891,882
928,602,2104.70459851556,2104.70459851556,0,0.000737283665557211,0.999262713425018,0.20189815614463,25.1321149166576,-102.016096468514,774
928,604,2105.00015348911,2105.0001534891,0,0.000762243455346101,0.999237756369893,0.199421612986476,25.1359253677705,-103.110069722795,882
928,606,2105.35407716955,2105.35407716955,0,0.000787864725797736,0.999212135311265,0.196888875052514,25.139967252767,-104.206581655787,882
928,608,2105.76752797339,2105.76752797338,0,0.000814160855656185,0.999185834213142,0.194297778996176,25.1442432671608,-105.305624712046,846
928,610,2106.24125845217,2106.24125845217,0,0.000841145434288751,0.999158854769805,0.191645996188579,25.1487525938607,-106.407191348744,882
928,612,2106.77639197015,2106.77639197015,0,0.000868832264703224,0.999131167828192,0.188931014383249,25.1534968064445,-107.511274035775,882
928,614,2107.37405595685,2107.37405595685,0,0.000897235366616735,0.999102764691785,0.186150116660101,25.1584773120478,-108.617865255866,882
930,568,2107.48212498312,2107.48212498311,0,0.000425778735990604,0.999574221247878,0.233538568248701,25.1077187854424,-85.5181003113717,846
930,570,2106.89889129619,2106.89889129618,0,0.00044193767449204,0.999558061878062,0.2317539224068,25.1076603552865,-86.5661025228692,846
930,572,2106.36596432171,2106.3659643217,0,0.000458569639053314,0.999541430992875,0.229933814393203,25.1078331352822,-87.616772673108,882
930,574,2105.88401304464,2105.88401304464,0,0.000475684928849039,0.99952431461992,0.228077397151593,25.1082402991653,-88.6701030376446,882
930,576,2105.45262602485,2105.45262602484,0,0.000493294009761702,0.999506705266251,0.226183779671743,25.1088758354421,-89.7260859023813,882
930,578,2105.07270547657,2105.07270547656,0,0.000511407516679095,0.999488592492967,0.224252023772715,25.1097444486339,-90.7847135637046,918
930,580,2104.74431697504,2104.74431697503,0,0.000530036255827553,0.999469964190066,0.222281140574063,25.110843620761,-91.8459783286203,918
930,582,2104.46750096005,2104.46750096004,0,0.000549191207141754,0.999450808507728,0.220270086615125,25.1121703973566,-92.9098725148888,918
930,584,2104.24357895743,2104.24357895743,0,0.000568883526671843,0.999431115132688,0.21821775957895,25.1137322314662,-93.9763884511581,882
930,586,2104.07206695664,2104.07206695664,0,0.000589124549028677,0.999410867565421,0.216122993570739,25.1155212718872,-95.0455184770942,846
930,588,2103.95395838646,2103.95395838645,0,0.000609925789868008,0.999390074003722,0.213984553892809,25.1175419159022,-96.1172549435105,918
930,590,2103.88967010659,2103.88967010658,0,0.000631298948414418,0.999368701057929,0.211801131245989,25.1197930982238,-97.1915902124958,918
930,592,2103.87968937143,2103.87968937143,0,0.000653255910025887,0.999346749267844,0.209571335281828,25.1222743951496,-98.2685166575404,882
930,594,2103.92478768447,2103.92478768446,0,0.000675808748799853,0.999324191040239,0.207293687411918,25.124987182685,-99.3480266636598,954
930,596,2104.02555694581,2104.0255569458,0,0.000698969730221674,0.99930103029666,0.204966612766845,25.1279313495512,-100.430112627518,954
930,598,2104.18263653363,2104.18263653362,0,0.000722751313856418,0.999277249182483,0.202588431178928,25.1311066721081,-101.514766957548,882
930,600,2104.39695990602,2104.39695990601,0,0.000747166156084928,0.999252831031667,0.200157347037465,25.1345150525238,-102.601982074071,774
930,602,2104.66931785223,2104.66931785222,0,0.00077222711288515,0.999227772623627,0.197671437841136,25.1381570149479,-103.691750409415,882
930,604,2105.00044218421,2105.00044218421,0,0.000797947242659717,0.99920205295853,0.195128641233545,25.1420320999119,-104.78406440803,882
930,606,2105.39127412029,2105.39127412029,0,0.000824339809110824,0.999175660243254,0.192526740270521,25.1461413153855,-105.878916526604,882
930,608,2105.84298240776,2105.84298240775,0,0.000851418284163463,0.999148581323937,0.189863346610995,25.1504871668911,-106.976299234173,882
930,610,2106.35620920365,2106.35620920364,0,0.000879196350938095,0.999120803604373,0.187135881264831,25.155067480819,-108.076205012233,882
930,612,2106.93258788076,2106.93258788076,0,0.000907687906773888,0.999092312240238,0.184341552443966,25.1598878058072,-109.178626354854,882
930,614,2107.57263106695,2107.57263106694,0,0.000936907066303678,0.99906309264382,0.181477329965586,25.1649441226957,-110.283555768782,882
932,568,2107.11836824973,2107.11836824972,0,0.000450292059895257,0.999549707912311,0.230067417552095,25.1134711819707,-87.2228608476305,846
932,570,2106.55497741069,2106.55497741069,0,0.000467049367151201,0.999532951574535,0.228244160270224,25.1134451531064,-88.2692213776124,810
932,572,2106.04277340886,2106.04277340886,0,0.000484289181655392,0.999515710807017,0.226384300061717,25.1136531578411,-89.3182488354648,846
932,574,2105.5816418836,2105.58164188359,0,0.000502021886774705,0.999497977544643,0.224486930926005,25.1140916823992,-90.3699355237618,846
932,576,2105.17278626734,2105.17278626734,0,0.000520258033069812,0.999479742199057,0.222551098520883,25.1147679615975,-91.4242737552713,882
932,578,2104.81563790821,2104.8156379082,0,0.000539008340596989,0.999460992309569,0.220575796514629,25.1156742179275,-92.4812558530923,882
932,580,2104.5108662607,2104.5108662607,0,0.00055828370124581,0.999441715595434,0.218559962570237,25.1168127484391,-93.5408741507922,882
932,582,2104.25914119757,2104.25914119757,0,0.000578095181113475,0.999421904115077,0.216502473917874,25.1181856345118,-94.6031209925393,882
932,584,2104.06031196181,2104.0603119618,0,0.000598454022916558,0.99940154627634,0.214402142460834,25.1197878662024,-95.6679887332366,918
932,586,2103.91561960987,2103.91561960987,0,0.000619371648440955,0.999380628361596,0.212257709354579,25.1216257072221,-96.7354697386536,918
932,588,2103.82491593061,2103.82491593061,0,0.000640859661030854,0.999359140131825,0.210067838986266,25.1236936590144,-97.805556385553,918
932,590,2103.78920951022,2103.78920951021,0,0.000662929848117552,0.999337063533743,0.207831112271891,25.12599546199,-98.8782410618214,846
932,592,2103.80879772297,2103.80879772297,0,0.000685594183788991,0.999314405976467,0.205546019174364,25.1285289321163,-99.9535161665929,918
932,594,2103.88467103067,2103.88467103067,0,0.000708864831400876,0.999291135041019,0.203210950326236,25.1312969389356,-101.031374110375,954
932,596,2104.01727079585,2104.01727079585,0,0.000732754146230301,0.999267245884411,0.200824187625572,25.1342977779857,-102.111807315169,882
932,598,2104.20744633703,2104.20744633702,0,0.000757274678172778,0.999242725383688,0.19838389364288,25.137532724267,-103.194808214595,954
932,600,2104.45602879373,2104.45602879373,0,0.000782439174483669,0.999217560648807,0.195888099650121,25.1410025834223,-104.280369254007,882
932,602,2104.76389220916,2104.76389220916,0,0.000808260582564949,0.999191739529135,0.193334692047496,25.1447081864672,-105.368482890613,882
932,604,2105.13174697268,2105.13174697267,0,0.000834752052798355,0.999165244198511,0.190721396913765,25.1486486272491,-106.45914159359,846
932,606,2105.56091178085,2105.56091178085,0,0.000861926941425914,0.999138072862928,0.188045762354217,25.1528277950714,-107.5523378442,882
932,608,2106.05202310156,2106.05202310155,0,0.000889798813478947,0.999110201216322,0.185305138247606,25.1572434037377,-108.648064135901,882
932,610,2106.6064919988,2106.60649199879,0,0.000918381445756616,0.999081618571308,0.182496652904992,25.1618992703174,-109.746312974461,882
932,612,2107.2251436961,2107.22514369609,0,0.000947688829855154,0.999052314115757,0.17961718604663,25.1667940106448,-110.847076878064,846
932,614,2107.90947352006,2107.90947352006,0,0.000977735175248922,0.999022264598556,0.176663337353229,25.1719312590603,-111.950348377421,882
934,568,2106.87170726096,2106.87170726096,0,0.000475729661797113,0.999524270940167,0.226526579347002,25.1197231242701,-88.9286258501074,846
934,570,2106.32858435778,2106.32858435777,0,0.00049309587331699,0.999506904015585,0.224663011034824,25.1197286447482,-89.9733488686463,846
934,572,2105.83734739831,2105.83734739831,0,0.000510954100254606,0.999489045507726,0.222761613468544,25.1199693109261,-91.0207377919362,846
934,574,2105.39862237128,2105.39862237128,0,0.000529314810092671,0.999470685183108,0.220821415314754,25.1204475565659,-92.0707849494872,846
934,576,2105.01208837242,2105.01208837242,0,0.00054818863799373,0.999451812111209,0.218841391882095,25.1211577076387,-93.1234826808534,846
934,578,2104.67874842684,2104.67874842684,0,0.000567586389106337,0.999432413942905,0.216820460962649,25.12210485288,-94.1788233357686,846
934,580,2104.39861641441,2104.39861641441,0,0.000587519040907211,0.999412479711276,0.214757478241149,25.123285622144,-95.2367992742827,846
934,582,2104.17208340608,2104.17208340608,0,0.000607997745580099,0.999392002524796,0.212651232216868,25.1246995693614,-96.2974028668973,882
934,584,2104.00003179518,2104.00003179518,0,0.000629033832432144,0.999370965985102,0.210500438572269,25.1263499809141,-97.3606264946966,882
934,586,2103.88241873431,2103.88241873431,0,0.000650638810348538,0.999349360021459,0.2083037339137,25.1282322663092,-98.4264625494789,882
934,588,2103.82040252593,2103.82040252592,0,0.00067282437028628,0.99932717924145,0.20605966879509,25.1303515469585,-99.4949034338861,882
934,590,2103.81410527951,2103.8141052795,0,0.000695602387807881,0.999304397952776,0.203766699921508,25.1327039046377,-100.565941561531,918
934,592,2103.86439847176,2103.86439847176,0,0.000718984925655863,0.999281015139285,0.201423181410399,25.1352915570737,-101.639569357123,918
934,594,2103.97197248456,2103.97197248456,0,0.000742984236368946,0.9992570139197,0.199027354968939,25.1381147733217,-102.715779256594,846
934,596,2104.13757003364,2104.13757003364,0,0.000767612764940823,0.999232387457919,0.196577338815656,25.1411740402286,-103.794563707217,954
934,598,2104.36189344722,2104.36189344722,0,0.000792883151522454,0.999207116834177,0.194071115143785,25.1444690826573,-104.875915167733,882
934,600,2104.64595542834,2104.64595542833,0,0.000818808234168836,0.999181191791963,0.191506515885891,25.1480019307425,-105.959826108464,882
934,602,2104.99053591012,2104.99053591012,0,0.000845401051631235,0.99915459906753,0.188881206486598,25.1517723314079,-107.046289011436,882
934,604,2105.39654748275,2105.39654748275,0,0.000872674846195875,0.999127325274112,0.186192667329913,25.1557807725059,-108.135296370493,882
934,606,2105.86517977933,2105.86517977933,0,0.000900643066570135,0.999099357132398,0.18343817239513,25.1600296574861,-109.226840691411,882
934,608,2106.39724565787,2106.39724565787,0,0.00092931937081732,0.999070680327686,0.180614764612567,25.1645179166589,-110.320914492012,882
934,610,2106.99414953961,2106.99414953961,0,0.000958717629341084,0.999041282590186,0.177719227273286,25.1692489514824,-111.417510302275,882
934,612,2107.6567895457,2107.6567895457,0,0.000988851927920649,0.999011148438182,0.17474805069,25.1742216116161,-112.516620664444,882
934,614,2108.38667816531,2108.38667816531,0,0.00101973657079797,0.998980254704718,0.171697393102954,25.1794392734834,-113.618238133142,810
936,568,2106.74323017493,2106.74323017493,0,0.000502108809823317,0.999497891529608,0.222913277183739,25.1264741312334,-90.6353906058157,846
936,570,2106.22124274518,2106.22124274517,0,0.00052009444469828,0.999479905277782,0.221007562587935,25.1265137910703,-91.6784802724787,846
936,572,2105.75196466484,2105.75196466483,0,0.000538581630131046,0.999461418161721,0.219062696953513,25.126790473949,-92.7242348086536,846
936,574,2105.33545638918,2105.33545638917,0,0.000557580917644006,0.999442419458603,0.217077636263011,25.1273017061904,-93.7726465707058,846
936,576,2104.97286102971,2104.97286102971,0,0.000577103026925528,0.999422897197803,0.215051277376921,25.1280537608322,-94.8237079248945,846
936,578,2104.66371078004,2104.66371078004,0,0.000597158848140513,0.999402840891974,0.212982453268623,25.1290393030625,-95.8774112475098,846
936,580,2104.4089593825,2104.4089593825,0,0.000617759444276999,0.999382242516623,0.210869927748502,25.130262564638,-96.9337489250081,810
936,582,2104.20886839575,2104.20886839574,0,0.000638916053529568,0.999361084625048,0.208712389607246,25.1317217017785,-97.9927133541466,846
936,584,2104.0639654737,2104.06396547369,0,0.000660640091720335,0.999339359301568,0.206508446099037,25.1334168954618,-99.0542969421165,846
936,586,2103.97485803802,2103.97485803802,0,0.000682943154758308,0.999317056906714,0.204256615671141,25.1353486995275,-100.118492106672,882
936,588,2103.942154266,2103.942154266,0,0.000705837021137937,0.999294163062211,0.201955319827626,25.1375173484272,-101.185291276263,882
936,590,2103.96638213755,2103.96638213755,0,0.000729333654477702,0.999270665501667,0.199602874001203,25.1399221448649,-102.254686890156,810
936,592,2104.04834878998,2104.04834878998,0,0.000753445206099584,0.999246554748923,0.197197477276885,25.1425644270402,-103.326671398569,846
936,594,2104.18886602348,2104.18886602348,0,0.000778184017650317,0.999221816196621,0.194737200788592,25.1454452100332,-104.401237262786,954
936,596,2104.38855147821,2104.3885514782,0,0.000803562623765321,0.999196437592044,0.192219974568162,25.1485636173942,-105.47837695529,954
936,598,2104.64819035173,2104.64819035173,0,0.000829593754776251,0.99917040607841,0.189643572590578,25.1519198273435,-106.558082959874,882
936,600,2104.96901581786,2104.96901581786,0,0.000856290339463121,0.999143709563205,0.187005595698309,25.1555173591184,-107.640347771767,882
936,602,2105.35145664972,2105.35145664972,0,0.000883665507851989,0.999116334512054,0.184303452025858,25.159352770808,-108.725163897748,882
936,604,2105.79712684651,2105.79712684651,0,0.000911732594059202,0.9990882677492,0.181534334461198,25.1634319893862,-109.812523856267,882
936,606,2106.3064099389,2106.30640993889,0,0.000940505139183264,0.999059497207276,0.178695194571147,25.1677505050927,-110.902420177554,846
936,608,2106.88109748494,2106.88109748493,0,0.00096999689424536,0.999030002786837,0.175782712292275,25.1723148576439,-111.994845403734,882
936,610,2107.52170384981,2107.52170384981,0,0.00100022182317967,0.998999778826273,0.172793260505187,25.1771209047302,-113.089792088942,882
936,612,2108.23007112833,2108.23007112832,0,0.00103119410587458,0.998968805649471,0.169722863397148,25.1821748126822,-114.187252799426,882
936,614,2109.00699028973,2109.00699028972,0,0.00106292814126594,0.998937071197403,0.166567147221623,25.1874738069513,-115.287220113663,882
938,568,2106.73510238489,2106.73510238488,0,0.00052944678209268,0.999470552834734,0.219224501093472,25.1337322739867,-92.3431504284708,810
938,570,2106.23460027025,2106.23460027025,0,0.000548062343037369,0.999451937369168,0.21727465304299,25.133804046843,-93.384610892309,846
938,572,2105.78772879414,2105.78772879414,0,0.000567189016639863,0.999432810969228,0.215284225280502,25.134115282322,-94.4287351784283,846
938,574,2105.3949605628,2105.39496056279,0,0.000586837438386353,0.999413163043028,0.213252092602608,25.1346667158281,-95.4755156699682,846
938,576,2105.05615865459,2105.05615865458,0,0.000607018412415253,0.999392981395344,0.211177064025287,25.1354537744036,-96.5249447598135,846
938,578,2104.77256469242,2104.77256469241,0,0.000627742913832139,0.999372257028328,0.209057877295383,25.1364830839102,-97.5770148507304,846
938,580,2104.54383212976,2104.54383212976,0,0.000649022091060813,0.999350977800247,0.206893192791294,25.1377478439815,-98.6317183555047,846
938,582,2104.3710486119,2104.3710486119,0,0.000670867268231246,0.999329132630883,0.204681586729557,25.1392528609798,-99.6890476970743,846
938,584,2104.25433314118,2104.25433314117,0,0.000693289947605192,0.999306712277182,0.202421543575902,25.1409946878023,-100.748995308661,810
938,586,2104.19459753406,2104.19459753405,0,0.000716301812040254,0.999283698774343,0.200111447543791,25.1429760607189,-101.811553633903,846
938,588,2104.19231182418,2104.19231182418,0,0.000739914727493235,0.999260085160029,0.197749573042771,25.1451958833086,-102.876715126983,774
938,590,2104.24818256261,2104.24818256261,0,0.000764140745563598,0.999235859425541,0.195334073912836,25.1476546729132,-103.944472252755,882
938,592,2104.36293842799,2104.36293842798,0,0.000788992106077921,0.999211008365758,0.192862971249336,25.150352810488,-105.01481748687,882
938,594,2104.53746984224,2104.53746984223,0,0.000814481239716207,0.999185518172485,0.190334139585123,25.1532916829727,-106.087743315905,882
938,596,2104.77238903674,2104.77238903674,0,0.000840620770680983,0.999159379338754,0.187745291151832,25.1564701139102,-107.163242237476,954
938,598,2105.06877279053,2105.06877279053,0,0.000867423519410101,0.999132576440027,0.185093957878223,25.1598903515433,-108.241306760368,882
938,600,2105.42742737018,2105.42742737018,0,0.000894902505334225,0.999105097427422,0.18237747071778,25.1635521039787,-109.321929404651,882
938,602,2105.8494158065,2105.84941580649,0,0.000923070949679956,0.999076929281643,0.179592935800059,25.1674568279609,-110.405102701796,882
938,604,2106.33571268258,2106.33571268258,0,0.000951942278319657,0.999048049551944,0.176737206785981,25.1716048018811,-111.490819194794,810
938,606,2106.88750839968,2106.88750839968,0,0.000981530124668962,0.999018469098579,0.17380685266206,25.1759980015296,-112.57907143827,882
938,608,2107.50589287048,2107.50589287048,0,0.00101184833263309,0.998988152081455,0.170798120011753,25.1806367415782,-113.669851998595,882
938,610,2108.19209247922,2108.19209247921,0,0.00104291095960302,0.998957092381774,0.167706888559057,25.1855223538486,-114.763153453997,846
938,612,2108.94746124673,2108.94746124673,0,0.00107473227950272,0.99892526681977,0.164528618451335,25.1906566141311,-115.858968394675,882
938,614,2109.7731782365,2109.7731782365,0,0.0011073267858885,0.998892673153831,0.161258287320591,25.1960396435084,-116.957289422903,882
940,568,2106.8483560845,2106.8483560845,0,0.000557760866668996,0.999442238903298,0.215456979064282,25.1414957230011,-94.0519006583252,882
940,570,2106.3704406953,2106.3704406953,0,0.000577016840063185,0.999422982006258,0.213460839601477,25.1416035342973,-95.0917360578621,846
940,572,2105.94683799096,2105.94683799096,0,0.00059679351516437,0.999403207001944,0.211422571574498,25.141951021361,-96.1342342205862,846
940,574,2105.57803172353,2105.57803172352,0,0.000617101611346927,0.999382898613094,0.209340958708095,25.1425387556635,-97.1793875563285,846
940,576,2105.26466624608,2105.26466624607,0,0.000637952017123811,0.999362047669667,0.207214711211781,25.1433684381257,-98.2271884845179,846
940,578,2105.00682387359,2105.00682387359,0,0.000659355792465871,0.999340644218436,0.205042459420939,25.1444368672737,-99.2776294343196,846
940,580,2104.80539903201,2104.805399032,0,0.000681324171157378,0.99931867840293,0.202822746702714,25.1457472878005,-100.33070284477,810
940,582,2104.66063108759,2104.66063108758,0,0.000703868563188511,0.999296131452196,0.200554021524437,25.1472971833517,-101.386401164911,846
940,584,2104.57313658737,2104.57313658737,0,0.000727000557185594,0.999272999577103,0.19823462855658,25.1490870224296,-102.444716853922,774
940,586,2104.54376232228,2104.54376232227,0,0.000750731922879869,0.999249267859482,0.195862798662394,25.1511187679529,-103.505642381249,774
940,588,2104.57302515702,2104.57302515702,0,0.000775074613615646,0.999224925083099,0.193436637601138,25.153391410132,-104.569170226736,846
940,590,2104.66159183621,2104.66159183621,0,0.00080004076889865,0.999199959962962,0.190954113230872,25.1559048757186,-105.635292880754,846
940,592,2104.8102920068,2104.8102920068,0,0.000825642716985445,0.999174357507417,0.188413040965431,25.1586600785785,-106.704002844319,846
940,594,2105.02003272617,2105.02003272617,0,0.000851892977514818,0.99914810593731,0.18581106717775,25.1616582752043,-107.775292629226,846
940,596,2105.29141890722,2105.29141890721,0,0.000878804264182036,0.999121196089413,0.183145650188052,25.1648979447917,-108.849154758165,882
940,598,2105.62579651676,2105.62579651675,0,0.000906389487456905,0.999093609714676,0.18041403838643,25.1683832026932,-109.925581764843,846
940,600,2106.0236335033,2106.0236335033,0,0.000934661757346614,0.999065338549387,0.177613244945989,25.1721107187025,-111.004566194106,882
940,602,2106.48651037176,2106.48651037175,0,0.000963634386204322,0.999036366112344,0.174740018448083,25.1760858325275,-112.086100602054,882
940,604,2107.01494273721,2107.01494273721,0,0.000993320891584532,0.999006678350789,0.171790808580916,25.1803048232156,-113.170177556159,882
940,606,2107.61066760214,2107.61066760214,0,0.00102373499914628,0.998976265113962,0.168761725859533,25.184773581008,-114.256789635378,882
940,608,2108.27431868888,2108.27431868887,0,0.00105489064560519,0.998945103103259,0.165648494035355,25.1894884907895,-115.345929430268,810
940,610,2109.00769747933,2109.00769747933,0,0.0010868019817356,0.998913197749794,0.162446393503789,25.1944553184489,-116.437589543096,882
940,612,2109.81176921839,2109.81176921839,0,0.00111948337542369,0.998880515826781,0.159150193527397,25.1996722085237,-117.531762587948,882
940,614,2110.68805571638,2110.68805571638,0,0.00115294941477301,0.998847053665145,0.155754070442528,25.2051416888938,-118.628441190843,846
942,568,2107.08544407452,2107.08544407452,0,0.000587068361514616,0.999412931092024,0.211607143861184,25.1497740062366,-95.7616366620025,882
942,570,2106.63032517732,2106.63032517731,0,0.000606975217444754,0.999393025287931,0.209562362222297,25.1499141122071,-96.7998511252267,882
942,572,2106.23086141707,2106.23086141706,0,0.000627412391069403,0.999372588023608,0.207473767452913,25.1502992638783,-97.8407272808056,882
942,574,2105.88705876103,2105.88705876102,0,0.000648390685575777,0.999351608464989,0.205340040644423,25.1509258889173,-98.88425756518,846
942,576,2105.59958511982,2105.59958511982,0,0.000669921073776131,0.999330078861306,0.203159780335074,25.1517956754735,-99.9304344242437,846
942,578,2105.36877077666,2105.36877077665,0,0.000692014700431455,0.99930798537155,0.200931495093421,25.152907199548,-100.979250313481,846
942,580,2105.19535030452,2105.19535030452,0,0.00071468288461146,0.999285317068195,0.198653595214605,25.1542621291157,-102.030697698101,846
942,582,2105.07969765893,2105.07969765892,0,0.000737937122091616,0.999262063158594,0.196324383394719,25.1558588990058,-103.084769053173,774
942,584,2105.02254912493,2105.02254912492,0,0.000761789087788004,0.999238213857927,0.193942044222942,25.1576986427627,-104.141456863757,810
942,586,2105.02453948307,2105.02453948306,0,0.000786250638230811,0.999213748908597,0.191504632305825,25.1597812650876,-105.200753625037,846
942,588,2105.08641662504,2105.08641662504,0,0.000811333814077273,0.999188666549947,0.189010058795074,25.1621074846779,-106.262651842445,846
942,590,2105.20875829653,2105.20875829653,0,0.000837050842664906,0.99916294912369,0.186456076049188,25.1646761581277,-107.327144031793,846
942,592,2105.39272557925,2105.39272557925,0,0.000863414140605913,0.999136585462796,0.183840260101894,25.1674906681813,-108.394222719397,846
942,594,2105.6387870482,2105.6387870482,0,0.000890436316423629,0.999109564423703,0.1811599905401,25.1705483947661,-109.4638804422,846
942,596,2105.9482004265,2105.94820042649,0,0.000918130173231947,0.999081870130495,0.178412427304276,25.1738527999221,-110.536109747897,810
942,598,2106.32161020629,2106.32161020628,0,0.000946508711458638,0.999053490443198,0.175594483815691,25.1774020021532,-111.610903195053,810
942,600,2106.76036602729,2106.76036602728,0,0.000975585131613546,0.999024415827002,0.172702795691191,25.1811995629797,-112.688253353225,846
942,602,2107.26523023735,2107.26523023735,0,0.00100537283710264,0.998994626513374,0.169733684121092,25.1852437767791,-113.768152803078,846
942,604,2107.8376068501,2107.83760685009,0,0.00103588543708895,0.998964114071397,0.166683112752321,25.1895378871438,-114.8505941365,882
942,606,2108.47853641506,2108.47853641505,0,0.00106713674940141,0.998932866818087,0.163546636606283,25.1940817537083,-115.935569956723,846
942,608,2109.1887223737,2109.18872237369,0,0.00109914080349272,0.998900859248682,0.160319341147277,25.1988719718342,-117.023072878428,810
942,610,2109.97127340101,2109.971273401,0,0.00113191184344729,0.998868087825024,0.15699576907409,25.2039244674278,-118.11309552786,882
942,612,2110.82579092821,2110.8257909282,0,0.00116546433104044,0.99883452913491,0.153569831653614,25.2092260296016,-119.205630542941,810
942,614,2111.75434838082,2111.75434838081,0,0.00119981294885,0.998800187091676,0.150034700405645,25.2147833657813,-120.300670573374,882
944,568,2107.44739916171,2107.4473991617,0,0.000617386574444286,0.999382613583295,0.207671094221005,25.1585644049763,-97.4723538323356,882
944,570,2107.01648562356,2107.01648562356,0,0.000637954766744933,0.999362045798371,0.205575100995917,25.158742649524,-98.5089514766896,882
944,572,2106.64158207704,2106.64158207703,0,0.000659062919654946,0.999340937000124,0.20343345609293,25.1591628944511,-99.5482097309534,882
944,574,2106.3238176642,2106.3238176642,0,0.000680721920099304,0.999319278065218,0.201244724365351,25.1598306506258,-100.590121058096,882
944,576,2106.06312858057,2106.06312858056,0,0.000702942825114584,0.999297058778811,0.199007377481617,25.1607413050411,-101.634677930394,846
944,578,2105.86028487055,2105.86028487054,0,0.000725736864177048,0.999274262481322,0.196719785217636,25.1618967890136,-102.681872829571,846
944,580,2105.7158509542,2105.7158509542,0,0.000749115441567087,0.999250884768471,0.194380205665746,25.1632971986059,-103.731698246934,774
944,582,2105.63039608197,2105.63039608196,0,0.000773090138770799,0.999226910086558,0.191986774186215,25.1649422714581,-104.7841466835,846
944,584,2105.60451845795,2105.60451845794,0,0.000797672716919481,0.999202326787675,0.189537490900599,25.1668317244478,-105.839210650137,846
944,586,2105.63908206245,2105.63908206245,0,0.000822875119267828,0.999177125146663,0.187030206481536,25.1689671850508,-106.896882667688,846
944,588,2105.73471128357,2105.73471128357,0,0.000848709473711674,0.999151294089464,0.184462605946127,25.1713479937274,-107.957155267105,810
944,590,2105.89215878473,2105.89215878473,0,0.000875188095346119,0.999124811289176,0.181832190098189,25.1739741153081,-109.020020989569,846
944,592,2106.11247911621,2106.11247911621,0,0.000902323489064904,0.999097676961123,0.179136254185897,25.1768478764492,-110.085472386623,846
944,594,2106.39630120073,2106.39630120072,0,0.000930128352201938,0.999069871757963,0.176371863246472,25.1799676007958,-111.153502020293,846
944,596,2106.74488612855,2106.74488612854,0,0.00095861557721588,0.999041383754576,0.173535823481929,25.1833364986778,-112.224102463209,810
944,598,2107.15893485763,2107.15893485762,0,0.000987798254418722,0.999012205864311,0.170624648855925,25.1869528955665,-113.297266298727,774
944,600,2107.63982613391,2107.63982613391,0,0.00101768967474935,0.998982311115155,0.167634521895053,25.1908200971925,-114.372986121051,810
944,602,2108.18832461064,2108.18832461064,0,0.00104830333259304,0.998951695451254,0.1645612474099,25.1949362338427,-115.451254535345,810
944,604,2108.80606501392,2108.80606501392,0,0.00107965292864797,0.998920347425746,0.161400197504963,25.1993060561021,-116.532064157857,846
944,606,2109.49389902213,2109.49389902213,0,0.00111175237283974,0.998888247660161,0.158146245778718,25.2039274750884,-117.615407616025,846
944,608,2110.25329720988,2110.25329720988,0,0.00114461578728499,0.998855384395102,0.154793687987167,25.2088030873737,-118.701277548597,882
944,610,2111.08568621389,2111.08568621388,0,0.00117825750930524,0.998821745562856,0.15133614559785,25.2139346941579,-119.789666605739,846
944,612,2111.9924125265,2111.99241252649,0,0.00121269209449207,0.998787307388772,0.147766447478644,25.2193228918413,-120.880567449146,882
944,614,2112.97502784868,2112.97502784867,0,0.00124793431982485,0.998752066043143,0.14407648332608,25.2249696831881,-121.973972752153,882
946,568,2107.93679945715,2107.93679945714,0,0.000648732823079248,0.999351268600938,0.203644549214303,25.1678765180972,-99.1840475882027,846
946,570,2107.53038190413,2107.53038190412,0,0.000669972789374403,0.999330027146586,0.201494525839733,25.1680891829548,-100.219032520576,882
946,572,2107.18138036646,2107.18138036645,0,0.000691762386110024,0.99930823765284,0.199296836642783,25.1685492513608,-101.256676968926,882
946,574,2106.87849029924,2106.87849029923,0,0.000714112583874044,0.999285887327301,0.197049914121512,25.1691609643939,-102.296973422666,702
946,576,2106.65734246713,2106.65734246713,0,0.000737034523852659,0.999262965141874,0.194752084994152,25.170209192487,-103.339914380378,810
946,578,2106.48340515899,2106.48340515898,0,0.000760539520162793,0.999239460705738,0.192401559900585,25.1714091991426,-104.385492349944,810
946,580,2106.36907594049,2106.36907594049,0,0.000784639062221017,0.999215362536312,0.189996421765342,25.172856799432,-105.433699848687,846
946,582,2106.31484347985,2106.31484347984,0,0.000809344817149668,0.999190654002391,0.187534612601739,25.1745507919453,-106.4845294035,846
946,584,2106.32134806999,2106.32134806998,0,0.000834668632220967,0.999165331100497,0.185013918494247,25.17649105582,-107.537973550981,846
946,586,2106.38968280841,2106.3896828084,0,0.000860622537339939,0.999139378039535,0.182431952440043,25.178680766933,-108.594024837561,846
946,588,2106.52013926126,2106.52013926126,0,0.000887218747566952,0.999112781084229,0.179786134662725,25.1811162328694,-109.652675819633,846
946,590,2106.71409749861,2106.71409749861,0,0.000914469665680732,0.999085530300843,0.1770736699273,25.1838023857888,-110.713919063681,846
946,592,2106.97190857413,2106.97190857413,0,0.000942387884782723,0.999057615544199,0.174291521274529,25.186735403771,-111.777747146402,810
946,594,2107.29504393706,2107.29504393705,0,0.000970986190943678,0.999029012985745,0.171436379458721,25.1899201484966,-112.844152654835,846
946,596,2107.68401126412,2107.68401126412,0,0.00100027756589341,0.998999722704391,0.168504627191976,25.1933534804657,-113.913128186479,810
946,598,2108.14031356046,2108.14031356045,0,0.00103027518975465,0.998969725533723,0.165492297071922,25.1970398392679,-114.984666349415,810
946,600,2108.66471274793,2108.66471274793,0,0.00106099244382195,0.998939006849725,0.162395021767857,25.2009772878769,-116.058759762426,810
946,602,2109.25856508822,2109.25856508822,0,0.00109244291338665,0.998907560516164,0.159207974645442,25.2051684143001,-117.135401055115,774
946,604,2109.92311511727,2109.92311511726,0,0.00112464039060895,0.998875360723458,0.155925798476849,25.2096143143095,-118.214582868021,810
946,606,2110.65956377789,2110.65956377788,0,0.00115759887743811,0.998842401102094,0.152542519172259,25.2143155096826,-119.296297852731,810
946,608,2111.46932402125,2111.46932402124,0,0.00119133258858183,0.99880866745293,0.149051440481231,25.2192737338764,-120.380538671999,846
946,610,2112.35385203132,2112.35385203132,0,0.00122585595452599,0.998774143494182,0.145445014256966,25.2244906130014,-121.467297999852,846
946,612,2113.31461763371,2113.3146176337,0,0.00126118362460583,0.998738815571397,0.141714678950565,25.2299674597816,-122.556568521701,846
946,614,2114.35318274363,2114.35318274362,0,0.00129733047012976,0.998702671989297,0.137850656250907,25.2357058892577,-123.648342934455,810
948,568,2108.55509823221,2108.5550982322,0,0.000681124434801596,0.99931887558947,0.199522794236119,25.1777101128125,-100.896713374366,882
948,570,2108.17422441803,2108.17422441803,0,0.000703046596545918,0.999296953568179,0.197315636746143,25.1779594808919,-101.930089691088,882
948,572,2107.85187154091,2107.85187154091,0,0.000725528085466843,0.999274472108476,0.195058597936867,25.1784588471845,-102.966124418488,846
948,574,2107.58839784093,2107.58839784092,0,0.000748579955740713,0.999251419311625,0.192749958717992,25.1792068490556,-104.004810072342,810
948,576,2107.38437720466,2107.38437720465,0,0.000772213432628902,0.999227786556718,0.190387879185035,25.180203670855,-105.046139177454,882
948,578,2107.24037000173,2107.24037000173,0,0.000796439914814655,0.999203560660118,0.187970386339169,25.1814490747225,-106.090104267787,882
948,580,2107.15717100361,2107.15717100361,0,0.000821270976776486,0.999178728780361,0.185495360138052,25.1829444472858,-107.136697886604,882
948,582,2107.13525066018,2107.13525066017,0,0.000846718371198833,0.999153281030724,0.182960517592334,25.1846882455398,-108.185912586594,882
948,584,2107.1754717942,2107.1754717942,0,0.000872794031420818,0.999127207784103,0.180363394560676,25.1866818510386,-109.23774093001,846
948,586,2107.27859316282,2107.27859316282,0,0.000899510073923876,0.99910048940621,0.177701324820944,25.188925382639,-110.292175488795,846
948,588,2107.44539640968,2107.44539640968,0,0.000926878800859098,0.999073120777558,0.174971415901084,25.1914189608689,-111.349208844713,846
948,590,2107.67686868503,2107.67686868503,0,0.000954912702615139,0.999045088679146,0.172170521031466,25.1941639674383,-112.408833589476,810
948,592,2107.97380933991,2107.97380933991,0,0.000983624460427555,0.999016375535508,0.169295206427667,25.1971598962313,-113.471042324867,846
948,594,2108.3373663367,2108.3373663367,0,0.00101302694903047,0.998986973085202,0.16634171291465,25.200408782524,-114.535827662868,846
948,596,2108.76839279638,2108.76839279638,0,0.00104313323935151,0.99895687033949,0.163305910641699,25.2039098969307,-115.603182225778,774
948,598,2109.26824561137,2109.26824561137,0,0.00107395660125088,0.998926042862828,0.160183245301406,25.2076661049115,-116.673098646337,810
948,600,2109.83781934201,2109.837819342,0,0.00110551050630569,0.998894489322445,0.156968673812933,25.2116763383631,-117.745569567843,810
948,602,2110.47849726366,2110.47849726365,0,0.00113780863064033,0.998862191656103,0.153656586823092,25.2159429520041,-118.82058764427,810
948,604,2111.19157558504,2111.19157558503,0,0.00117086485780417,0.998829134824381,0.150240714555355,25.2204672146694,-119.898145540387,810
948,606,2111.97834927486,2111.97834927486,0,0.00120469328169735,0.998795310070818,0.14671401140041,25.2252500186247,-120.97823593187,774
948,608,2112.84019876821,2112.8401987682,0,0.001239308209546,0.998760692742796,0.143068513053468,25.2302923617792,-122.060851505415,810
948,610,2113.77869205238,2113.77869205238,0,0.00127472416492785,0.998725275783538,0.139295157746496,25.2355964898168,-123.14598495885,810
948,612,2114.79537670611,2114.7953767061,0,0.00131095589084942,0.998689043805043,0.135383559859008,25.2411639317643,-124.233629001247,846
948,614,2115.89182349834,2115.89182349833,0,0.00134801835287594,0.998651981396773,0.131321719381766,25.2469959286877,-125.323776353029,846
950,568,2109.30440442138,2109.30440442137,0,0.000714578746708892,0.999285421778335,0.195300616671986,25.1880699656956,-102.610346661312,882
950,570,2108.95003317842,2108.95003317842,0,0.000737193509228816,0.999262806504296,0.193032892320466,25.1883572100372,-103.642118448144,810
950,572,2108.65525123518,2108.65525123517,0,0.000760377322555194,0.999239622015826,0.190712838884144,25.1888964637651,-104.676547529111,810
950,574,2108.42052131146,2108.42052131145,0,0.000784141324378504,0.999215858473049,0.188338562551302,25.1896870119735,-105.713626446271,882
950,576,2108.24634542565,2108.24634542564,0,0.000808496823961113,0.999191504053035,0.185908030599667,25.1907281770547,-106.753347750569,882
950,578,2108.13335157803,2108.13335157803,0,0.000833455304478516,0.999166544532318,0.183419056621093,25.192020006606,-107.795704001971,882
950,580,2108.08233301173,2108.08233301173,0,0.000859028425397188,0.999140970684674,0.180869283644304,25.1935636446336,-108.840687769596,846
950,582,2108.09388874533,2108.09388874533,0,0.000885228024889799,0.999114772090163,0.178256164777222,25.1953583355284,-109.888291631856,882
950,584,2108.16908966959,2108.16908966958,0,0.000912066122288603,0.999087934312658,0.175576940904892,25.1974068379059,-110.938508176581,882
950,586,2108.30818229634,2108.30818229633,0,0.00093955492057778,0.999060444609547,0.172828614876898,25.1997048656482,-111.991330001155,882
950,588,2108.51273141682,2108.51273141682,0,0.000967706808925594,0.999032293050966,0.170007921479823,25.2022585997442,-113.046749712637,882
950,590,2108.78299360684,2108.78299360683,0,0.000996534365257181,0.999003464996566,0.167111292319806,25.2050631531703,-114.104759927896,846
950,592,2109.12055294905,2109.12055294905,0,0.00102605035886888,0.998973949468687,0.164134814516187,25.2081241575311,-115.16535327373,846
950,594,2109.52595778199,2109.52595778198,0,0.00105626775308497,0.998943732448793,0.161074181812045,25.2114384103363,-116.228522386994,810
950,596,2110.00059409008,2110.00059409008,0,0.00108719970795776,0.998912800413174,0.157924636325713,25.2150091692339,-117.294259914719,810
950,598,2110.54552386647,2110.54552386646,0,0.00111885958301196,0.998881140050696,0.154680898644803,25.2188366682514,-118.362558514237,810
950,600,2111.16191552456,2111.16191552455,0,0.00115126094003435,0.998848738669204,0.151337083272545,25.222921635509,-119.433410853293,738
950,602,2111.85109861208,2111.85109861208,0,0.00118441754590965,0.998815582345723,0.147886595477251,25.2272656324891,-120.506809610172,810
950,604,2112.61441418022,2112.61441418021,0,0.00121834337550371,0.998781656440386,0.144322004275842,25.2318699828259,-121.582747473808,810
950,606,2113.45324553302,2113.45324553301,0,0.00125305261459507,0.998746947802643,0.140634884412005,25.2367358639191,-122.661217143901,810
950,608,2114.3690434841,2114.3690434841,0,0.0012885596628559,0.998711440530865,0.136815617522562,25.2418645552575,-123.74221133103,810
950,610,2115.36331564091,2115.36331564091,0,0.00132487913688352,0.998675123366217,0.132853138783809,25.2472573835694,-124.825722756766,774
950,612,2116.43783385126,2116.43783385126,0,0.00136202587328357,0.998637973369416,0.128734609524216,25.2529172191354,-125.911744153781,774
950,614,2117.59415495608,2117.59415495607,0,0.00140001493180607,0.998599985650968,0.124444987445503,25.2588448721295,-127.000268265957,810
