r_m,T_C,T0_C
0,10.301609917135382,33.575348256883224
2.5000000000000001e-05,10.301610952986531,33.575353170056999
5.0000000000000002e-05,10.30161406055795,33.5753679095791
7.5000000000000007e-05,10.30161923991076,33.57539247545219
0.0001,10.301626491146134,33.575426867680648
0.000125,10.301635814405646,33.575471086270625
0.00015000000000000001,10.301647209871303,33.575525131229995
0.000175,10.301660677765556,33.575589002568428
0.00020000000000000001,10.301676218351293,33.575662700297322
0.00022500000000000002,10.301693831931853,33.575746224429857
0.00025000000000000001,10.301713518851008,33.575839574980932
0.00027500000000000002,10.301735279492979,33.575942751967254
0.00030000000000000003,10.301759114282437,33.576055755407261
0.00032500000000000004,10.30178502368449,33.576178585321159
0.00035,10.301813008204698,33.57631124173092
0.00037500000000000001,10.301843068389061,33.57645372466029
0.00040000000000000002,10.301875204824023,33.576606034134763
0.00042500000000000003,10.301909418136482,33.576768170181623
0.00045000000000000004,10.301945708993784,33.576940132829947
0.000475,10.301984078103708,33.577121922110535
0.00050000000000000001,10.30202452621449,33.577313538056011
0.00052500000000000008,10.302067054114813,33.577514980700741
0.00055000000000000003,10.302111662633802,33.5777262500809
0.00057499999999999999,10.30215835264103,33.577947346234446
0.00060000000000000006,10.302207125046515,33.578178269201082
0.00062500000000000001,10.302257980800732,33.578419019022377
0.00065000000000000008,10.302310920894611,33.578669595741658
0.00067500000000000004,10.302365946359517,33.578929999404075
0.00069999999999999999,10.302423058267278,33.579200230056571
0.00072500000000000006,10.302482257730157,33.579480287747863
0.00075000000000000002,10.302543545900877,33.579770172528519
0.00077500000000000008,10.302606923972611,33.580069884450907
0.00080000000000000004,10.302672393178984,33.580379423569212
0.000825,10.302739954794072,33.580698789939461
0.00085000000000000006,10.302809610132417,33.581027983619521
0.00087500000000000002,10.302881360548998,33.581367004669062
0.00090000000000000008,10.302955207439249,33.581715853149589
0.00092500000000000004,10.303031152239065,33.582074529124483
0.00095,10.303109196424789,33.582443032658944
0.00097500000000000006,10.303189341513233,33.582821363820059
0.001,10.303271589061655,33.583209522676739
0.0010250000000000001,10.303355940667771,33.583607509299782
0.0010500000000000002,10.303442397969754,33.584015323761847
0.001075,10.303530962646239,33.584432966137477
0.0011000000000000001,10.303621636416318,33.584860436503092
0.0011250000000000001,10.303714421039547,33.585297734937015
0.00115,10.303809318315947,33.58574486151948
0.001175,10.303906330085994,33.586201816332597
0.0012000000000000001,10.304005458230622,33.586668599460388
0.001225,10.304106704671238,33.587145210988794
0.00125,10.304210071369706,33.58763165100568
0.0012750000000000001,10.304315560328357,33.588127919600829
0.0013000000000000002,10.304423173589994,33.588634016866003
0.001325,10.30453291323788,33.589149942894871
0.0013500000000000001,10.304644781395748,33.589675697783065
0.0013750000000000001,10.304758780227802,33.590211281628193
0.0014,10.304874911938711,33.590756694529809
0.0014250000000000001,10.304993178773628,33.591311936589477
0.0014500000000000001,10.305113583018164,33.591877007910718
0.001475,10.305236126998405,33.592451908599038
0.0015,10.305360813080913,33.593036638761966
0.0015250000000000001,10.305487643672729,33.593631198509051
0.0015500000000000002,10.305616621221361,33.594235587951822
0.001575,10.305747748214806,33.594849807203879
0.0016000000000000001,10.305881027181533,33.595473856380856
0.0016250000000000001,10.30601646069049,33.596107735600405
0.00165,10.306154051351101,33.596751444982232
0.0016750000000000001,10.306293801813277,33.597404984648129
0.0017000000000000001,10.306435714767419,33.598068354721967
0.0017250000000000002,10.306579792944412,33.59874155532971
0.00175,10.306726039115613,33.59942458659939
0.0017750000000000001,10.306874456092881,33.600117448661166
0.0018000000000000002,10.307025046728549,33.600820141647283
0.001825,10.307177813915452,33.601532665692147
0.0018500000000000001,10.307332760586911,33.602255020932283
0.0018750000000000001,10.30748988971675,33.602987207506395
0.0019,10.307649204319276,33.603729225555306
0.0019250000000000001,10.307810707449287,33.604481075222019
0.0019500000000000001,10.307974402202094,33.605242756651734
0.0019750000000000002,10.308140291713482,33.606014269991803
0.002,10.308308379159763,33.606795615391846
0.0020249999999999999,10.308478667757733,33.607586793003634
0.0020500000000000002,10.308651160764699,33.608387802981213
0.002075,10.308825861478464,33.609198645480824
0.0021000000000000003,10.309002773237353,33.610019320661017
0.0021250000000000002,10.309181899420183,33.610849828682554
0.00215,10.309363243446288,33.61169016970851
0.0021750000000000003,10.309546808775515,33.612540343904229
0.0022000000000000001,10.309732598908219,33.613400351437349
0.002225,10.30992061738527,33.614270192477846
0.0022500000000000003,10.310110867788062,33.615149867198028
0.0022750000000000001,10.310303353738501,33.616039375772523
0.0023,10.310498078899013,33.616938718378307
0.0023250000000000002,10.31069504697254,33.617847895194743
0.0023500000000000001,10.310894261702559,33.618766906403565
0.0023749999999999999,10.311095726873072,33.619695752188917
0.0024000000000000002,10.311299446308603,33.620634432737354
0.0024250000000000001,10.311505423874204,33.621582948237823
0.0024499999999999999,10.311713663475464,33.622541298881728
0.0024750000000000002,10.311924169058502,33.623509484862943
0.0025000000000000001,10.312136944609975,33.624487506377776
0.0025250000000000003,10.312351994157069,33.625475363625029
0.0025500000000000002,10.312569321767524,33.62647305680602
0.002575,10.312788931549608,33.627480586124534
0.0026000000000000003,10.313010827652134,33.628497951786898
0.0026250000000000002,10.313235014264469,33.629525154002017
0.00265,10.313461495616529,33.630562192981337
0.0026750000000000003,10.313690275978779,33.631609068938886
0.0027000000000000001,10.313921359662228,33.632665782091237
0.002725,10.314154751018441,33.633732332657594
0.0027500000000000003,10.314390454439552,33.634808720859816
0.0027750000000000001,10.314628474358244,33.635894946922349
0.0028,10.31486881524776,33.636991011072304
0.0028250000000000003,10.315111481621914,33.638096913539478
0.0028500000000000001,10.315356478035081,33.639212654556353
0.002875,10.31560380908221,33.640338234358097
0.0029000000000000002,10.315853479398815,33.641473653182615
0.0029250000000000001,10.316105493660991,33.642618911270553
0.0029499999999999999,10.316359856585406,33.643774008865307
0.0029750000000000002,10.316616572929304,33.64493894621306
0.0030000000000000001,10.316875647490509,33.646113723562749
0.0030250000000000003,10.317137085107431,33.647298341166135
0.0030500000000000002,10.317400890659069,33.648492799277832
0.003075,10.317667069065006,33.649697098155265
0.0031000000000000003,10.317935625285424,33.650911238058747
0.0031250000000000002,10.318206564321093,33.652135219251456
0.00315,10.318479891213382,33.653369041999468
0.0031750000000000003,10.318755611044255,33.654612706571776
0.0032000000000000002,10.319033728936294,33.655866213240358
0.003225,10.31931425005267,33.657129562280097
0.0032500000000000003,10.319597179597167,33.658402753968858
0.0032750000000000001,10.319882522814179,33.659685788587495
0.0033,10.320170284988718,33.660978666419915
0.0033250000000000003,10.320460471446411,33.662281387753026
0.0033500000000000001,10.320753087553504,33.663593952876802
0.003375,10.321048138716861,33.664916362084284
0.0034000000000000002,10.321345630383977,33.666248615671599
0.0034250000000000001,10.32164556804298,33.667590713938033
0.0034500000000000004,10.321947957222616,33.668942657185937
0.0034750000000000002,10.322252803492269,33.670304445720852
0.0035000000000000001,10.32256011246197,33.671676079851515
0.0035250000000000004,10.322869889782384,33.673057559889827
0.0035500000000000002,10.323182141144819,33.67444888615092
0.0035750000000000001,10.323496872281231,33.675850058953159
0.0036000000000000003,10.323814088964228,33.677261078618187
0.0036250000000000002,10.32413379700707,33.678681945470913
0.00365,10.324456002263679,33.680112659839565
0.0036750000000000003,10.324780710628625,33.681553222055676
0.0037000000000000002,10.32510792803715,33.683003632454145
0.003725,10.325437660465157,33.684463891373206
0.0037500000000000003,10.325769913929223,33.685933999154528
0.0037750000000000001,10.326104694486594,33.68741395614316
0.0038,10.326442008235192,33.688903762687595
0.0038250000000000003,10.32678186131362,33.690403419139777
0.0038500000000000001,10.327124259901163,33.691912925855142
0.003875,10.327469210217794,33.693432283192649
0.0039000000000000003,10.327816718524177,33.694961491514761
0.0039250000000000005,10.328166791121674,33.696500551187505
0.0039500000000000004,10.328519434352328,33.69804946258045
0.0039750000000000002,10.328874654598895,33.699608226066793
0.0040000000000000001,10.329232458284828,33.701176842023337
0.0040249999999999999,10.329592851874292,33.702755310830533
0.0040499999999999998,10.329955841872163,33.704343632872515
0.0040750000000000005,10.330321434824029,33.705941808537091
0.0041000000000000003,10.330689637316196,33.70754983821579
0.0041250000000000002,10.331060455975692,33.709167722303896
0.00415,10.331433897470269,33.710795461200433
0.0041749999999999999,10.331809968508411,33.712433055308232
0.0042000000000000006,10.33218867583933,33.71408050503392
0.0042250000000000005,10.332570026252984,33.715737810787999
0.0042500000000000003,10.332954026580062,33.717404972984831
0.0042750000000000002,10.333340683692002,33.719081992042646
0.0043,10.333730004500984,33.720768868383601
0.0043249999999999999,10.334121995959935,33.722465602433765
0.0043500000000000006,10.334516665062546,33.724172194623208
0.0043750000000000004,10.334914018843261,33.725888645385979
0.0044000000000000003,10.335314064377288,33.727614955160149
0.0044250000000000001,10.335716808780603,33.72935112438784
0.00445,10.336122259209951,33.731097153515229
0.0044749999999999998,10.336530422862845,33.732853042992581
0.0045000000000000005,10.336941306977579,33.734618793274294
0.0045250000000000004,10.337354918833229,33.736394404818931
0.0045500000000000002,10.337771265749662,33.738179878089213
0.0045750000000000001,10.338190355087528,33.739975213552086
0.0045999999999999999,10.338612194248265,33.74178041167869
0.0046250000000000006,10.339036790674117,33.743595472944449
0.0046500000000000005,10.339464151848119,33.745420397829044
0.0046750000000000003,10.339894285294118,33.747255186816489
0.0047000000000000002,10.340327198576764,33.749099840395132
0.004725,10.340762899301522,33.750954359057673
0.0047499999999999999,10.341201395114679,33.752818743301248
0.0047750000000000006,10.341642693703326,33.754692993627359
0.0048000000000000004,10.342086802795391,33.75657711054199
0.0048250000000000003,10.342533730159616,33.758471094555567
0.0048500000000000001,10.342983483605591,33.760374946183077
0.004875,10.34343607098373,33.762288665943991
0.0048999999999999998,10.34389150018529,33.764212254362377
0.0049250000000000006,10.344349779142375,33.766145711966878
0.0049500000000000004,10.344810915827924,33.768089039290743
0.0049750000000000003,10.34527491825574,33.770042236871888
0.0050000000000000001,10.345741794480469,33.772005305252904
0.005025,10.346211552597623,33.773978244981087
0.0050500000000000007,10.346684200743567,33.775961056608431
0.0050750000000000005,10.347159747095535,33.777953740691721
0.0051000000000000004,10.347638199871639,33.779956297792566
0.0051250000000000002,10.348119567330858,33.781968728477359
0.0051500000000000001,10.348603857773048,33.783991033317349
0.0051749999999999999,10.34909107953894,33.786023212888658
0.0052000000000000006,10.349581241010158,33.788065267772339
0.0052250000000000005,10.350074350609216,33.790117198554391
0.0052500000000000003,10.350570416799513,33.792179005825766
0.0052750000000000002,10.351069448085346,33.794250690182409
0.0053,10.351571453011905,33.796332252225305
0.0053249999999999999,10.352076440165291,33.79842369256049
0.0053500000000000006,10.352584418172514,33.80052501179911
0.0053750000000000004,10.353095395701487,33.802636210557431
0.0054000000000000003,10.353609381461032,33.804757289456838
0.0054250000000000001,10.354126384200901,33.806888249123936
0.00545,10.354646412711757,33.809029090190542
0.0054749999999999998,10.355169475825193,33.811179813293691
0.0055000000000000005,10.355695582413718,33.813340419075679
0.0055250000000000004,10.356224741390788,33.815510908184159
0.0055500000000000002,10.356756961710778,33.817691281272069
0.0055750000000000001,10.357292252369007,33.819881538997748
0.0055999999999999999,10.357830622401735,33.822081682024923
0.0056250000000000007,10.35837208088617,33.824291711022759
0.0056500000000000005,10.358916636940462,33.826511626665862
0.0056750000000000004,10.35946429972371,33.828741429634348
0.0057000000000000002,10.360015078435968,33.830981120613835
0.0057250000000000001,10.360568982318243,33.833230700295509
0.0057499999999999999,10.36112602065251,33.835490169376151
0.0057750000000000006,10.361686202761691,33.837759528558124
0.0058000000000000005,10.36224953800968,33.840038778549456
0.0058250000000000003,10.362816035801346,33.84232792006388
0.0058500000000000002,10.363385705582523,33.844626953820828
0.005875,10.363958556840018,33.846935880545466
0.0058999999999999999,10.364534599101617,33.849254700968764
0.0059250000000000006,10.365113841936084,33.85158341582747
0.0059500000000000004,10.36569629495316,33.853922025864179
0.0059750000000000003,10.366281967803578,33.856270531827384
0.0060000000000000001,10.366870870179046,33.858628934471454
0.006025,10.367463011812267,33.860997234556713
0.0060500000000000007,10.368058402476933,33.863375432849431
0.0060750000000000005,10.36865705198773,33.865763530121896
0.0061000000000000004,10.369258970200335,33.868161527152417
0.0061250000000000002,10.369864167011425,33.870569424725382
0.0061500000000000001,10.370472652358675,33.872987223631284
0.0061749999999999999,10.371084436220762,33.875414924666728
0.0062000000000000006,10.37169952861737,33.877852528634499
0.0062250000000000005,10.37231793960917,33.880300036343542
0.0062500000000000003,10.372939679297856,33.88275744860907
0.0062750000000000002,10.373564757826124,33.885224766252534
0.0063,10.374193185377674,33.887701990101696
0.0063249999999999999,10.374824972177223,33.89018912099062
0.0063500000000000006,10.375460128490499,33.892686159759748
0.0063750000000000005,10.376098664624235,33.895193107255906
0.0064000000000000003,10.376740590926186,33.89770996433235
0.0064250000000000002,10.377385917785112,33.90023673184875
0.00645,10.378034655630795,33.90277341067133
0.0064750000000000007,10.37868681493403,33.905320001672784
0.0065000000000000006,10.379342406206632,33.907876505732389
0.0065250000000000004,10.380001440001422,33.910442923735985
0.0065500000000000003,10.380663926912241,33.913019256576014
0.0065750000000000001,10.381329877573965,33.915605505151639
0.0066,10.381999302662475,33.918201670368674
0.0066250000000000007,10.382672212894658,33.920807753139592
0.0066500000000000005,10.383348619028435,33.923423754383691
0.0066750000000000004,10.384028531862732,33.926049675027002
0.0067000000000000002,10.384711962237498,33.928685516002389
0.0067250000000000001,10.385398921033692,33.931331278249559
0.0067499999999999999,10.386089419173295,33.933986962715103
0.0067750000000000006,10.386783467619303,33.936652570352514
0.0068000000000000005,10.387481077375716,33.939328102122239
0.0068250000000000003,10.388182259487554,33.94201355899169
0.0068500000000000002,10.388887025040843,33.944708941935282
0.006875,10.389595385162625,33.947414251934504
0.0069000000000000008,10.39030735102094,33.950129489977854
0.0069250000000000006,10.391022933824839,33.952854657060989
0.0069500000000000004,10.391742144824377,33.955589754186683
0.0069750000000000003,10.392464995310611,33.958334782364872
0.0070000000000000001,10.393191496615595,33.9610897426127
0.007025,10.393921660112376,33.963854635954526
0.0070500000000000007,10.394655497215009,33.966629463422024
0.0070750000000000006,10.395393019378529,33.969414226054106
0.0071000000000000004,10.396134238098961,33.972208924897032
0.0071250000000000003,10.396879164913312,33.97501356100441
0.0071500000000000001,10.397627811399573,33.977828135437242
0.007175,10.398380189176718,33.980652649263959
0.0072000000000000007,10.399136309904691,33.983487103560464
0.0072250000000000005,10.399896185284412,33.98633149941012
0.0072500000000000004,10.400659827057764,33.989185837903818
0.0072750000000000002,10.401427247007591,33.992050120139986
0.0073000000000000001,10.402198456957697,33.994924347224632
0.0073250000000000008,10.402973468772837,33.997808520271377
0.0073500000000000006,10.403752294358707,34.000702640401478
0.0073750000000000005,10.404534945661952,34.00360670874386
0.0074000000000000003,10.405321434670146,34.006520726435127
0.0074250000000000002,10.406111773411803,34.009444694619653
0.00745,10.406905973956366,34.012378614449567
0.0074750000000000007,10.40770404841418,34.015322487084752
0.0075000000000000006,10.408506008936516,34.018276313692951
0.0075250000000000004,10.409311867715552,34.021240095449755
0.0075500000000000003,10.410121636984352,34.024213833538617
0.0075750000000000001,10.410935329016883,34.027197529150925
0.0076,10.411752956127993,34.030191183485975
0.0076250000000000007,10.4125745306734,34.033194797751044
0.0076500000000000005,10.413400065049702,34.036208373161429
0.0076750000000000004,10.414229571694346,34.039231910940423
0.0077000000000000002,10.415063063085638,34.042265412319395
0.0077250000000000001,10.41590055174273,34.04530887853781
0.0077499999999999999,10.416742050225604,34.048362310843224
0.0077750000000000007,10.417587571135067,34.051425710491351
0.0078000000000000005,10.418437127112732,34.054499078746026
0.0078250000000000004,10.419290730841027,34.057582416879342
0.0078500000000000011,10.420148395043173,34.060675726171596
0.0078750000000000001,10.421010132483179,34.063779007911336
0.0079000000000000008,10.42187595596582,34.066892263395395
0.0079249999999999998,10.42274587833664,34.070015493928913
0.0079500000000000005,10.42361991248193,34.07314870082535
0.0079750000000000012,10.424498071328728,34.076291885406555
0.0080000000000000002,10.425380367844786,34.079445049002736
0.0080250000000000009,10.426266815038588,34.082608192952549
0.0080499999999999999,10.427157425959301,34.085781318603054
0.0080750000000000006,10.428052213696798,34.088964427309797
0.0080999999999999996,10.428951191381614,34.0921575204368
0.0081250000000000003,10.429854372184961,34.095360599356638
0.008150000000000001,10.430761769318693,34.098573665450402
0.008175,10.43167339603529,34.101796720107743
0.0082000000000000007,10.432589265627858,34.105029764726908
0.0082249999999999997,10.433509391430107,34.108272800714786
0.0082500000000000004,10.434433786816337,34.111525829486887
0.0082750000000000011,10.435362465201418,34.114788852467392
0.0083000000000000001,10.436295440040771,34.118061871089147
0.0083250000000000008,10.43723272483037,34.121344886793757
0.0083499999999999998,10.438174333106696,34.12463790103152
0.0083750000000000005,10.439120278446746,34.12794091526149
0.0084000000000000012,10.440070574468001,34.131253930951551
0.0084250000000000002,10.441025234828412,34.134576949578339
0.0084500000000000009,10.441984273226378,34.13790997262732
0.0084749999999999999,10.442947703400735,34.14125300159283
0.0085000000000000006,10.443915539130728,34.144606037978058
0.0085249999999999996,10.444887794235989,34.14796908329506
0.0085500000000000003,10.445864482576528,34.15134213906483
0.008575000000000001,10.446845618052707,34.154725206817275
0.0086,10.44783121460522,34.158118288091266
0.0086250000000000007,10.448821286215063,34.161521384434614
0.0086499999999999997,10.449815846903526,34.16493449740414
0.0086750000000000004,10.450814910732166,34.168357628565694
0.0087000000000000011,10.451818491802779,34.171790779494124
0.0087250000000000001,10.452826604257371,34.175233951773308
0.0087500000000000008,10.453839262278152,34.178687146996204
0.0087749999999999998,10.454856480087505,34.182150366764866
0.0088000000000000005,10.455878271947956,34.185623612690421
0.0088250000000000012,10.456904652162152,34.189106886393127
0.0088500000000000002,10.457935635072838,34.192600189502372
0.0088750000000000009,10.458971235062823,34.196103523656681
0.0088999999999999999,10.460011466554963,34.199616890503741
0.0089250000000000006,10.461056344012125,34.203140291700414
0.0089499999999999996,10.462105881937168,34.206673728912769
0.0089750000000000003,10.463160094872912,34.210217203816065
0.0090000000000000011,10.464218997402106,34.213770718094807
0.009025,10.465282604147406,34.217334273442731
0.0090500000000000008,10.46635092977133,34.220907871562787
0.0090749999999999997,10.467423988976247,34.224491514167205
0.0091000000000000004,10.46850179650434,34.228085202977525
0.0091250000000000012,10.469584367137566,34.231688939724521
0.0091500000000000001,10.470671715697637,34.235302726148298
0.0091750000000000009,10.471763857045982,34.238926563998255
0.0091999999999999998,10.472860806083713,34.242560455033122
0.0092250000000000006,10.473962577751593,34.246204401020961
0.0092500000000000013,10.47506918703,34.249858403739168
0.0092750000000000003,10.476180648938893,34.253522464974473
0.009300000000000001,10.477296978537785,34.257196586522994
0.009325,10.478418190925701,34.260880770190205
0.0093500000000000007,10.479544301241145,34.264575017790975
0.0093749999999999997,10.480675324662043,34.2682793311495
0.0094000000000000004,10.481811276405734,34.271993712099402
0.0094250000000000011,10.48295217172892,34.275718162483699
0.0094500000000000001,10.484098025927626,34.279452684154791
0.0094750000000000008,10.485248854337163,34.283197278974484
0.0094999999999999998,10.486404672332096,34.286951948814036
0.0095250000000000005,10.4875654953262,34.290716695554117
0.0095500000000000012,10.488731338772403,34.294491521084808
0.0095750000000000002,10.48990221816276,34.298276427305588
0.0096000000000000009,10.491078149028406,34.302071416125365
0.0096249999999999999,10.492259146939519,34.305876489462527
0.0096500000000000006,10.493445227505271,34.309691649244847
0.0096750000000000013,10.494636406373781,34.313516897409528
0.0097000000000000003,10.495832699232084,34.317352235903257
0.009725000000000001,10.49703412180607,34.321197666682117
0.00975,10.498240689860442,34.325053191711604
0.0097750000000000007,10.499452419198679,34.328918812966698
0.0097999999999999997,10.500669325662972,34.332794532431777
0.0098250000000000004,10.501891425134199,34.336680352100679
0.0098500000000000011,10.503118733531847,34.340576273976616
0.0098750000000000001,10.504351266813989,34.344482300072279
0.0099000000000000008,10.505589040977224,34.348398432409766
0.0099249999999999998,10.506832072056616,34.352324673020568
0.0099500000000000005,10.508080376125665,34.356261023945621
0.0099750000000000012,10.509333969296232,34.360207487235229
0.01,10.510592867718497,34.364164064949115
0.010025000000000001,10.511857087580902,34.368130759156372
0.01005,10.513126645110102,34.372107571935501
0.010075000000000001,10.51440155657092,34.37609450537439
0.010100000000000001,10.515681838266271,34.380091561570289
0.010125,10.516967506537116,34.384098742629817
0.010150000000000001,10.51825857776239,34.388116050668913
0.010175,10.519555068358972,34.392143487812881
0.010200000000000001,10.520856994781603,34.396181056196333
0.010225,10.522164373522841,34.40022875796322
0.01025,10.523477221112987,34.404286595266775
0.010275000000000001,10.524795554120036,34.408354570269523
0.0103,10.526119389149613,34.41243268514328
0.010325000000000001,10.527448742844909,34.41652094206912
0.01035,10.528783631886618,34.420619343237355
0.010375000000000001,10.530124072992876,34.424727890847556
0.010400000000000001,10.531470082919189,34.428846587108474
0.010425,10.532821678458385,34.432975434238109
0.010450000000000001,10.534178876440512,34.437114434463567
0.010475,10.535541693732814,34.441263590021173
0.010500000000000001,10.53691014723964,34.445422903156391
0.010525000000000001,10.538284253902377,34.449592376123803
0.01055,10.539664030699386,34.453772011187091
0.010575000000000001,10.541049494645927,34.457961810618997
0.0106,10.542440662794084,34.462161776701343
0.010625000000000001,10.543837552232702,34.466371911724984
0.01065,10.545240180087319,34.47059221798979
0.010675,10.546648563520076,34.474822697804612
0.010700000000000001,10.548062719729662,34.479063353487284
0.010725,10.549482665951221,34.483314187364563
0.010750000000000001,10.550908419456288,34.48757520177211
0.010775,10.552339997552709,34.491846399054488
0.010800000000000001,10.553777417584559,34.4961277815651
0.010825000000000001,10.555220696932079,34.500419351666224
0.01085,10.556669853011577,34.504721111728884
0.010875000000000001,10.55812490327536,34.509033064132893
0.0109,10.559585865211652,34.51335521126682
0.010925000000000001,10.561052756344511,34.517687555527921
0.01095,10.562525594233739,34.522030099322123
0.010975,10.564004396474809,34.526382845064006
0.011000000000000001,10.56548918069878,34.530745795176742
0.011025,10.56697996457221,34.535118952092105
0.011050000000000001,10.568476765797069,34.539502318250378
0.011075,10.569979602110646,34.543895896100352
0.0111,10.571488491285473,34.548299688099291
0.011125000000000001,10.573003451129239,34.5527136967129
0.01115,10.574524499484681,34.557137924415237
0.011175000000000001,10.576051654229518,34.561572373688747
0.0112,10.577584933276341,34.566017047024182
0.011225000000000001,10.579124354572523,34.57047194692052
0.011250000000000001,10.580669936100138,34.574937075885018
0.011275,10.582221695875855,34.579412436433081
0.011300000000000001,10.583779651950849,34.583898031088268
0.011325,10.585343822410705,34.588393862382219
0.011350000000000001,10.586914225375317,34.592899932854635
0.011375,10.588490878998792,34.597416245053211
0.0114,10.590073801469362,34.601942801533617
0.011425000000000001,10.591663011009281,34.606479604859473
0.01145,10.593258525874711,34.61102665760221
0.011475000000000001,10.594860364355634,34.615583962341077
0.0115,10.596468544775751,34.620151521663125
0.011525000000000001,10.59808308549237,34.624729338163078
0.011550000000000001,10.599704004896301,34.629317414443335
0.011575,10.601331321411772,34.633915753113932
0.011600000000000001,10.602965053496296,34.638524356792431
0.011625,10.60460521964059,34.643143228103924
0.011650000000000001,10.606251838368445,34.647772369680922
0.011675000000000001,10.60790492823663,34.652411784163348
0.0117,10.609564507834783,34.657061474198464
0.011725000000000001,10.611230595785296,34.6617214424408
0.01175,10.612903210743205,34.666391691552121
0.011775000000000001,10.614582371396086,34.671072224201346
0.0118,10.616268096463925,34.675763043064485
0.011825,10.617960404699025,34.680464150824626
0.011850000000000001,10.619659314885872,34.685175550171813
0.011875,10.621364845841038,34.689897243803017
0.011900000000000001,10.623077016413054,34.694629234422088
0.011925,10.624795845482286,34.699371524739625
0.011950000000000001,10.626521351960822,34.704124117472965
0.011975000000000001,10.628253554792362,34.708887015346122
0.012,10.629992472952091,34.713660221089711
0.012025000000000001,10.631738125446558,34.718443737440872
0.01205,10.633490531313541,34.72323756714318
0.012075000000000001,10.635249709621945,34.72804171294662
0.012100000000000001,10.637015679471666,34.732856177607488
0.012125,10.638788459993474,34.737680963888359
0.012150000000000001,10.640568070348879,34.742516074557976
0.012175,10.642354529730005,34.747361512391173
0.012200000000000001,10.644147857359467,34.752217280168828
0.012225,10.645948072490244,34.75708338067777
0.01225,10.647755194405535,34.761959816710721
0.012275000000000001,10.649569242418648,34.766846591066219
0.0123,10.65139023587286,34.771743706548541
0.012325000000000001,10.65321819414129,34.776651165967614
0.01235,10.65505313662675,34.781568972138935
0.012375000000000001,10.65689508276162,34.786497127883493
0.012400000000000001,10.65874405200773,34.791435636027721
0.012425,10.660600063856199,34.796384499403388
0.012450000000000001,10.662463137827308,34.801343720847505
0.012475,10.664333293470349,34.806313303202217
0.012500000000000001,10.666210550363532,34.811293249314843
0.012525000000000001,10.668094928113785,34.816283562037675
0.01255,10.669986446356656,34.821284244227925
0.012575000000000001,10.671885124756153,34.826295298747631
0.0126,10.67379098300461,34.831316728463612
0.012625000000000001,10.675704040822534,34.836348536247321
0.01265,10.677624317958475,34.841390724974815
0.012675000000000001,10.679551834188867,34.846443297526605
0.012700000000000001,10.681486609317895,34.851506256787644
0.012725,10.683428663177343,34.85657960564717
0.012750000000000001,10.685378015626435,34.861663346998604
0.012775,10.687334686551708,34.866757483739541
0.012800000000000001,10.689298695866849,34.871862018771587
0.012825000000000001,10.691270063512547,34.876976955000302
0.01285,10.69324880945635,34.882102295335052
0.012875000000000001,10.695234953692493,34.887238042688992
0.0129,10.697228516241768,34.892384199978899
0.012925000000000001,10.699229517151355,34.897540770125104
0.012950000000000001,10.701237976494692,34.902707756051448
0.012975,10.703253914371286,34.907885160685098
0.013000000000000001,10.705277350906584,34.913072986956493
0.013025,10.707308306251798,34.918271237799239
0.013050000000000001,10.709346800583758,34.923479916150008
0.013075,10.711392854104746,34.928699024948415
0.013100000000000001,10.713446487042344,34.933928567136931
0.013125000000000001,10.71550771964926,34.939168545660777
0.01315,10.717576572203194,34.944418963467875
0.013175000000000001,10.719653065006639,34.949679823508617
0.0132,10.721737218386755,34.9549511287359
0.013225000000000001,10.723829052695184,34.960232882104933
0.013250000000000001,10.725928588307893,34.965525086573173
0.013275,10.728035845625012,34.970827745100209
0.013300000000000001,10.730150845070655,34.976140860647625
0.013325,10.732273607092766,34.981464436178918
0.013350000000000001,10.734404152162957,34.986798474659409
0.013375000000000001,10.736542500776315,34.992142979056077
0.0134,10.73868867345125,34.997497952337483
0.013425000000000001,10.740842690729339,35.002863397473675
0.01345,10.743004573175138,35.008239317436072
0.013475000000000001,10.745174341376011,35.013625715197314
0.0135,10.747352015941951,35.019022593731151
0.013525000000000001,10.749537617505434,35.024429956012376
0.013550000000000001,10.751731166721223,35.029847805016701
0.013575,10.753932684266207,35.035276143720608
0.013600000000000001,10.756142190839217,35.040714975101267
0.013625,10.758359707160857,35.046164302136404
0.013650000000000001,10.760585253973316,35.051624127804146
0.013675000000000001,10.762818852040214,35.057094455082982
0.0137,10.765060522146399,35.062575286951592
0.013725000000000001,10.767310285097787,35.068066626388735
0.01375,10.769568161721187,35.073568476373168
0.013775000000000001,10.771834172864093,35.079080839883453
0.013800000000000002,10.774108339394534,35.084603719897885
0.013825,10.776390682200887,35.090137119394385
0.013850000000000001,10.778681222191684,35.095681041350346
0.013875,10.780979980295442,35.101235488742532
0.013900000000000001,10.783286977460484,35.10680046454695
0.013925,10.785602234654734,35.112375971738693
0.013950000000000001,10.787925772865561,35.117962013291887
0.013975000000000001,10.790257613099563,35.123558592179471
0.014,10.792597776382415,35.129165711373155
0.014025000000000001,10.794946283758666,35.13478337384327
0.01405,10.797303156291568,35.140411582558677
0.014075000000000001,10.799668415062857,35.146050340486539
0.014100000000000001,10.802042081172607,35.151699650592306
0.014125,10.804424175739012,35.157359515839516
0.014150000000000001,10.806814719898215,35.163029939189713
0.014175,10.809213734804107,35.168710923602283
0.014200000000000001,10.811621241628146,35.174402472034345
0.014225000000000002,10.814037261559166,35.180104587440617
0.014250000000000001,10.816461815803192,35.185817272773306
0.014275000000000001,10.818894925583235,35.191540530981939
0.0143,10.821336612139122,35.197274365013264
0.014325000000000001,10.823786896727279,35.20301877781111
0.01435,10.826245800620569,35.208773772316277
0.014375000000000001,10.828713345108076,35.214539351466371
0.014400000000000001,10.831189551494909,35.220315518195648
0.014425,10.833674441102032,35.226102275434975
0.014450000000000001,10.836168035266063,35.231899626111634
0.014475,10.838670355339069,35.237707573149187
0.014500000000000001,10.841181422688374,35.243526119467333
0.014525000000000001,10.84370125869637,35.249355267981834
0.01455,10.846229884760335,35.255195021604351
0.014575000000000001,10.848767322292213,35.261045383242283
0.0146,10.851313592718435,35.266906355798689
0.014625000000000001,10.853868717479704,35.27277794217207
0.014650000000000002,10.856432718030819,35.278660145256296
0.014675000000000001,10.859005615840477,35.284552967940485
0.014700000000000001,10.861587432391067,35.290456413108849
0.014725,10.864178189178475,35.29637048364053
0.014750000000000001,10.866777907711894,35.302295182409509
0.014775,10.86938660951361,35.308230512284418
0.014800000000000001,10.872004316118829,35.314176476128495
0.014825000000000001,10.874631049075449,35.320133076799316
0.01485,10.87726682994388,35.326100317148764
0.014875000000000001,10.879911680296855,35.332078200022906
0.0149,10.882565621719211,35.338066728261765
0.014925000000000001,10.885228675807705,35.344065904699256
0.014950000000000001,10.887900864170799,35.350075732163035
0.014975,10.890582208428475,35.356096213474324
0.015000000000000001,10.893272730212026,35.362127351447796
0.015025,10.895972451163866,35.368169148891482
0.015050000000000001,10.898681392937329,35.374221608606589
0.015075,10.901399577196461,35.38028473338737
0.015100000000000001,10.904127025615828,35.386358526020999
0.015125000000000001,10.906863759880322,35.392442989287439
0.01515,10.90960980168494,35.39853812595927
0.015175000000000001,10.912365172734601,35.40464393880157
0.0152,10.91512989474395,35.410760430571827
0.015225000000000001,10.917903989437143,35.416887604019735
0.015250000000000001,10.920687478547654,35.423025461887065
0.015275,10.923480383818074,35.429174006907566
0.015300000000000001,10.926282726999915,35.435333241806795
0.015325,10.929094529853408,35.441503169302024
0.015350000000000001,10.931915814147308,35.447683792102048
0.015375000000000002,10.934746601658679,35.453875112907092
0.0154,10.937586914172712,35.46007713440865
0.015425000000000001,10.940436773482519,35.466289859289382
0.01545,10.94329620138892,35.472513290222928
0.015475000000000001,10.946165219700264,35.478747429873785
0.0155,10.949043850232222,35.484992280897224
0.015525000000000001,10.951932114807583,35.4912478459391
0.015550000000000001,10.954830035256064,35.497514127635739
0.015575,10.957737633414105,35.50379112861382
0.015600000000000001,10.960654931124662,35.510078851490157
0.015625,10.963581950237039,35.516377298871724
0.015650000000000001,10.966518712606652,35.52268647335535
0.015675000000000001,10.969465240094852,35.529006377527693
0.015700000000000002,10.972421554568726,35.535337013965069
0.015724999999999999,10.975387677900891,35.541678385233311
0.01575,10.978363631969307,35.54803049388768
0.015775000000000001,10.981349438657077,35.554393342472693
0.015800000000000002,10.984345119852247,35.560766933522004
0.015825000000000002,10.987350697447605,35.567151269558252
0.01585,10.990366193340494,35.573546353092951
0.015875,10.993391629432615,35.579952186626372
0.015900000000000001,10.996427027629835,35.586368772647411
0.015925000000000002,10.999472409841983,35.592796113633426
0.015950000000000002,11.002527797982657,35.599234212050135
0.015975,11.005593213969032,35.605683070351475
0.016,11.008668679721666,35.612142690979461
0.016025000000000001,11.011754217164313,35.618613076364106
0.016050000000000002,11.014849848223722,35.62509422892326
0.016075000000000002,11.017955594829445,35.631586151062471
0.0161,11.021071478913644,35.638088845174885
0.016125,11.024197522410898,35.644602313641087
0.016150000000000001,11.027333747258023,35.651126558829013
0.016175000000000002,11.030480175393878,35.657661583093834
0.016199999999999999,11.033636828759162,35.664207388777776
0.016225,11.036803729296235,35.670763978210019
0.016250000000000001,11.039980898948933,35.67733135370662
0.016275000000000001,11.043168359662367,35.683909517570321
0.016300000000000002,11.046366133382746,35.690498472090468
0.016324999999999999,11.049574242057183,35.69709821954288
0.01635,11.052792707633511,35.703708762189727
0.016375000000000001,11.056021552060106,35.710330102279435
0.016400000000000001,11.059260797285681,35.716962242046527
0.016425000000000002,11.062510465259123,35.723605183711527
0.016449999999999999,11.065770577929285,35.730258929480797
0.016475,11.069041157244826,35.736923481546505
0.016500000000000001,11.072322225154018,35.743598842086456
0.016525000000000001,11.07561380360457,35.750285013264012
0.016550000000000002,11.078915914543435,35.756981997227911
0.016574999999999999,11.082228579916631,35.763689796112189
0.0166,11.085551821669082,35.770408412036119
0.016625000000000001,11.088885661744408,35.777137847104001
0.016650000000000002,11.092230122084771,35.783878103405137
0.016675000000000002,11.095585224630675,35.790629183013614
0.0167,11.098950991320812,35.797391087988345
0.016725,11.10232744409187,35.804163820372807
0.016750000000000001,11.105714604878372,35.81094738219506
0.016775000000000002,11.109112495612482,35.817741775467546
0.016800000000000002,11.112521138223865,35.82454700218706
0.016825,11.115940554639469,35.831363064334553
0.01685,11.119370766783387,35.838189963875102
0.016875000000000001,11.122811796576675,35.84502770275779
0.016900000000000002,11.12626366593719,35.851876282915605
0.016925000000000003,11.129726396779404,35.858735706265314
0.01695,11.133200011014257,35.865605974707393
0.016975000000000001,11.136684530548971,35.872487090125901
0.017000000000000001,11.140179977286895,35.879379054388387
0.017025000000000002,11.143686373127332,35.886281869345815
0.017049999999999999,11.147203739965386,35.893195536832444
0.017075,11.150732099691789,35.900120058665728
0.017100000000000001,11.154271474192745,35.907055436646267
0.017125000000000001,11.15782188534976,35.914001672557639
0.017150000000000002,11.161383355039487,35.920958768166365
0.017174999999999999,11.164955905133576,35.927926725221809
0.0172,11.168539557498502,35.934905545456061
0.017225000000000001,11.172134333995411,35.941895230583881
0.017250000000000001,11.175740256479971,35.948895782302607
0.017275000000000002,11.179357346802211,35.955907202292039
0.017299999999999999,11.182985626806371,35.962929492214379
0.017325,11.18662511833074,35.969962653714141
0.017350000000000001,11.190275843207514,35.977006688418058
0.017375000000000002,11.193937823262642,35.984061597934996
0.017400000000000002,11.197611080315678,35.991127383855918
0.017425,11.201295636179637,35.998204047753759
0.01745,11.204991512660838,36.005291591183337
0.017475000000000001,11.20869873155876,36.012390015681305
0.017500000000000002,11.212417314665911,36.019499322766094
0.017525000000000002,11.216147283767658,36.026619513937774
0.01755,11.219888660642111,36.033750590678025
0.017575,11.223641467059981,36.040892554450103
0.017600000000000001,11.227405724784411,36.048045406698641
0.017625000000000002,11.231181455570875,36.055209148849727
0.017650000000000002,11.234968681167011,36.062383782310746
0.017675,11.238767423312506,36.069569308470342
0.0177,11.242577703738949,36.076765728698341
0.017725000000000001,11.246399544169702,36.083973044345704
0.017750000000000002,11.250232966319768,36.091191256744438
0.017774999999999999,11.254077991895656,36.098420367207552
0.0178,11.257934642595256,36.10566037702899
0.017825000000000001,11.261802940107708,36.112911287483584
0.017850000000000001,11.265682906113275,36.120173099826957
0.017875000000000002,11.269574562283216,36.127445815295509
0.017899999999999999,11.273477930279666,36.134729435106365
0.017925,11.277393031755508,36.14202396045728
0.017950000000000001,11.281319888354261,36.149329392526617
0.017975000000000001,11.285258521709947,36.156645732473294
0.018000000000000002,11.289208953446979,36.163972981436721
0.018024999999999999,11.293171205180037,36.171311140536758
0.01805,11.297145298513962,36.178660210873673
0.018075000000000001,11.301131255043638,36.186020193528101
0.018100000000000002,11.305129096353872,36.193391089560976
0.018125000000000002,11.309138844019285,36.200772900013504
0.018149999999999999,11.313160519604203,36.208165625907135
0.018175,11.317194144662558,36.215569268243513
0.018200000000000001,11.321239740737759,36.222983828004431
0.018225000000000002,11.325297329362598,36.230409306151792
0.018250000000000002,11.329366932059148,36.237845703627571
0.018275,11.333448570338655,36.245293021353824
0.0183,11.337542265701435,36.252751260232593
0.018325000000000001,11.341648039636782,36.260220421145938
0.018350000000000002,11.34576591362285,36.267700504955833
0.018375000000000002,11.349895909126577,36.275191512504207
0.0184,11.354038047603574,36.282693444612896
0.018425,11.358192350498035,36.29020630208359
0.018450000000000001,11.362358839242656,36.297730085697864
0.018475000000000002,11.366537535258518,36.305264796217088
0.018500000000000003,11.370728459955012,36.312810434382456
0.018525,11.374931634729748,36.320367000914942
0.018550000000000001,11.379147080968474,36.327934496515319
0.018575000000000001,11.383374820044985,36.335512921864108
0.018600000000000002,11.387614873321041,36.343102277621597
0.018624999999999999,11.391867262146283,36.350702564427785
0.01865,11.396132007858144,36.358313782902407
0.018675000000000001,11.400409131781778,36.365935933644899
0.018700000000000001,11.404698655229989,36.373569017234416
0.018725000000000002,11.409000599503138,36.381213034229802
0.018749999999999999,11.413314985889075,36.388867985169597
0.018775,11.417641835663071,36.396533870572021
0.018800000000000001,11.421981170087726,36.404210690934967
0.018825000000000001,11.426333010412936,36.411898446736068
0.018850000000000002,11.430697377875788,36.419597138432614
0.018874999999999999,11.435074293700511,36.427306766461584
0.0189,11.439463779098405,36.435027331239667
0.018925000000000001,11.443865855267783,36.442758833163282
0.018950000000000002,11.448280543393894,36.450501272608513
0.018975000000000002,11.45270786464887,36.458254649931177
0.019,11.457147840191677,36.466018965466859
0.019025,11.461600491168037,36.473794219530845
0.019050000000000001,11.466065838710383,36.481580412418182
0.019075000000000002,11.470543903937806,36.489377544403716
0.019100000000000002,11.475034707955992,36.497185615742083
0.019125,11.479538271857182,36.505004626667699
0.01915,11.484054616720115,36.512834577394855
0.019175000000000001,11.48858376360997,36.520675468117652
0.019200000000000002,11.493125733578337,36.528527299010086
0.019225000000000003,11.49768054766316,36.536390070226048
0.01925,11.502248226888696,36.544263781899375
0.019275,11.506828792265479,36.552148434143845
0.019300000000000001,11.511422264790255,36.560044027053216
0.019325000000000002,11.516028665445969,36.56795056070127
0.019350000000000003,11.52064801520172,36.575868035141845
0.019375,11.525280335012715,36.583796450408855
0.019400000000000001,11.529925645820251,36.59173580651634
0.019425000000000001,11.53458396855166,36.599686103458502
0.019450000000000002,11.539255324120292,36.60764734120972
0.019474999999999999,11.54393973342548,36.615619519724618
0.0195,11.548637217352514,36.623602638938102
0.019525000000000001,11.553347796772607,36.631596698765406
0.019550000000000001,11.558071492542879,36.63960169910213
0.019575000000000002,11.562808325506326,36.647617639824276
0.019599999999999999,11.5675583164918,36.655644520788336
0.019625,11.572321486313982,36.663682341831269
0.019650000000000001,11.577097855773371,36.671731102770657
0.019675000000000002,11.581887445656264,36.679790803404664
0.019700000000000002,11.586690276734728,36.687861443512126
0.019724999999999999,11.591506369766602,36.695943022852603
0.01975,11.596335745495471,36.704035541166462
0.019775000000000001,11.60117842465066,36.712138998174915
0.019800000000000002,11.60603442794722,36.720253393580059
0.019825000000000002,11.610903776085914,36.728378727064957
0.01985,11.615786489753223,36.736514998293721
0.019875,11.620682589621319,36.744662206911528
0.019900000000000001,11.625592096348086,36.752820352544738
0.019925000000000002,11.63051503057709,36.760989434800926
0.019950000000000002,11.635451412937607,36.769169453268972
0.019975,11.640401264044621,36.77736040751914
0.02,11.645364604498839,36.785562297103127
