x,y,worst_lower,worst_upper,normal_lower,no_signal_upper,worst_theta,safe_margin,calls,interval_splits,angle_bound_complete
5,0,745.1153919804418,1500,745.1153919804418,0,5.836922249971566e-05,4.999234649321465,63,0,0
5,1,741.0393760868136,1500,741.0393760868136,0,6.247551567429738,4.981192207247432,63,0,0
5,2,734.0872485103445,1500,734.0872485103445,0,6.246882798206954,4.962145104928595,63,0,0
5,5,713.9950229104048,1500,713.9950229104048,0,6.244876594102228,4.898976428619676,77,0,0
5,10,682.8549824849079,1500,682.8549824849079,0,6.241533301645454,4.773608078452412,77,0,0
5,15,654.3295838309604,1500,654.3295838309604,0,6.238190550172014,4.623139086730362,77,0,0
5,20,628.1038493040691,1500,628.1038493040691,0,6.234848414234542,4.447580834676728,77,0,0
5,25,603.911440219665,1500,603.911440219665,0,6.231506968303216,4.246946592529753,77,0,0
5,30,581.5256172480135,1500,581.5256172480135,0,6.228166286755838,4.021251514535038,77,0,0
5,40,541.4236671292969,1500,541.4236671292969,0,6.22148751380294,3.494748853063584,77,0,0
5,50,506.5405859949442,1500,506.5405859949442,0,6.214812688175758,2.868231529972491,109,0,0
30,0,732.6153488909009,1500,732.6153488909009,0,0.0003561704378120326,29.99528955235655,119,0,0
30,1,731.6494724452956,1500,731.6494724452956,0,6.247242397975454,29.97678218328656,119,0,0
30,2,724.7001322384358,1500,724.7001322384358,0,6.246562261357468,29.95724428437393,119,0,0
30,5,704.625224667239,1500,704.625224667239,0,6.244521960439423,29.89244804764598,91,0,0
30,10,673.5392104246348,1500,673.5392104246348,0,6.241121859724889,29.76385017905966,63,0,0
30,15,645.0922951929904,1500,645.0922951929904,0,6.23772232804831,29.60950618643471,63,0,0
30,20,618.963174121347,1500,618.963174121347,0,6.234323443820831,29.42942835252427,63,0,0
30,25,594.8806654117629,1500,594.8806654117629,0,6.230925285363901,29.22363099811673,63,0,0
30,30,572.6143032686375,1500,572.6143032686375,0,6.227527930898478,28.99213047635214,63,0,0
30,40,532.769087877089,1500,532.769087877089,0,6.220735946259058,28.45209546538615,63,0,0
30,50,498.1540009417934,1500,498.1540009417934,0,6.213948113252782,27.80949452571542,63,0,0
55,0,720.1152469493559,1500,720.1152469493559,0,6.282521032682428,54.99113573850696,119,0,0
55,1,720.1159042822052,1500,720.1159042822052,0,6.281829117685831,54.97213885215456,119,0,0
55,2,715.2865156772848,1500,715.2865156772848,0,6.246230635660941,54.95208419967082,119,0,0
55,5,695.2301046693032,1500,695.2301046693032,0,6.24415505939218,54.88557433654103,91,0,0
55,10,664.2005312723894,1500,664.2005312723894,0,6.240696187581497,54.75357622388083,63,0,0
55,15,635.834857722131,1500,635.834857722131,0,6.237237914836807,54.59515247386446,63,0,0
55,20,609.8052736589708,1500,609.8052736589708,0,6.233780323698491,54.41031636851687,63,0,0
55,25,585.8356346174545,1500,585.8356346174545,0,6.230323496609212,54.19908339298956,63,0,0
55,30,563.6916690945237,1500,563.6916690945237,0,6.226867515902163,53.96147122908678,63,0,0
55,40,524.1087729470028,1500,524.1087729470028,0,6.219958422349957,53.40719100144247,63,0,0
55,50,489.7667294384343,1500,489.7667294384343,0,6.213053699074107,52.74766077009588,63,0,0
80,0,707.6150901294144,1500,707.6150901294144,0,6.282202081767566,79.98675619588096,119,0,0
80,1,707.6159900144814,1500,707.6159900144814,0,6.28149799173617,79.96724319845441,119,0,0
80,2,705.8453851740267,1500,705.8453851740267,0,6.245887335644329,79.94664372074237,119,0,0
80,5,685.8087224396155,1500,685.8087224396155,0,6.24377524333693,79.87832715485376,91,0,0
80,10,654.8381337899908,1500,654.8381337899908,0,6.24025553413196,79.74274417219453,63,0,0
80,15,626.5565900314892,1500,626.5565900314892,0,6.236736456171016,79.5800192476828,63,0,0
80,20,600.6295911052239,1500,600.6295911052239,0,6.233218096418584,79.39016677396455,63,0,0
80,25,576.775907211786,1500,576.775907211786,0,6.229700541732533,79.17320353019613,63,0,0
80,30,554.757380477175,1500,554.757380477175,0,6.226183878851305,78.92914867464492,63,0,0
80,40,515.442570381176,1500,515.442570381176,0,6.219153574783343,78.35985260517214,63,0,0
80,50,481.3787639595755,1500,481.3787639595755,0,6.212127875249535,77.68247906769886,63,0,0
105,0,695.1148829160259,1500,695.1148829160259,0,6.281871701004187,104.9821320123503,119,0,0
105,1,695.1159745131463,1500,695.1159745131463,0,6.281154999956041,104.9620740828731,119,0,0
105,2,695.1176484506905,1500,695.1176484506905,0,6.280438318925774,104.9408993575302,119,0,0
105,5,676.3600904029689,1500,676.3600904029689,0,6.243381818255206,104.8706752197587,91,0,0
105,10,645.4511680568977,1500,645.4511680568977,0,6.239799094501343,104.7313072904294,63,0,0
105,15,617.2567797669925,1500,617.2567797669925,0,6.236217036515405,104.5640412568432,63,0,0
105,20,591.4355455252605,1500,591.4355455252605,0,6.232635736007627,104.36889274956,63,0,0
105,25,567.7010243939588,1500,567.7010243939588,0,6.229055284571746,104.1458799899272,63,0,0
105,30,545.8110900886335,1500,545.8110900886335,0,6.225475773670997,103.8950237815912,63,0,0
105,40,506.7703231106523,1500,506.7703231106523,0,6.218319938591701,103.3098770856565,63,0,0
105,50,472.9900974641541,1500,472.9900974641541,0,6.211168959336991,102.6136703398663,63,0,0
130,0,682.6146303520404,1500,682.6146303520404,0,0.001656042316617659,129.9772421026342,119,0,0
130,1,682.6159259422149,1500,682.6159259422149,0,6.2807994929798,129.9566079371599,119,0,0
130,2,682.6179499643794,1500,682.6179499643794,0,6.280069742230097,129.9348249210939,119,0,0
130,5,666.8831709066193,1500,666.8831709066193,0,6.242974039504029,129.8625836549085,91,0,0
130,10,636.0387431440893,1500,636.0387431440893,0,6.239326005120827,129.7192134787279,63,0,0
130,15,607.9346818378149,1500,607.9346818378149,0,6.235678673592997,129.5471457612097,63,0,0
130,20,582.2225305535271,1500,582.2225305535271,0,6.232032141727911,129.3463975168829,63,0,0
130,25,558.6105082564264,1500,558.6105082564264,0,6.22838650620544,129.1169885792912,63,0,0
130,30,536.8524368953956,1500,536.8524368953956,0,6.224741863562634,128.8589415912166,63,0,0
130,40,498.0918687683316,1500,498.0918687683316,0,6.217455942258604,128.2570380127403,63,0,0
130,50,464.6007234853684,1500,464.6007234853684,0,6.210175146677537,127.5409236513917,63,0,0
155,0,670.1143380899508,1500,670.1143380899508,0,0.002011205852323353,154.9720628869608,119,0,0
155,1,670.1158506373678,1500,670.1158506373678,0,6.280430773185331,154.9508184049918,119,0,0
155,2,670.1181051231316,1500,670.1181051231316,0,6.279687467376897,154.9283911245935,119,0,0
155,5,657.376873010601,1500,657.376873010601,0,6.242551107115061,154.8540134592772,91,0,0
155,10,626.5999246192762,1500,626.5999246192762,0,6.238835338279518,154.7064044781456,63,0,0
155,15,598.5895165251391,1500,598.5895165251391,0,6.235120312192701,154.5292514257887,63,0,0
155,20,572.9899130010492,1500,572.9899130010492,0,6.231406131143622,154.3225728689396,63,0,0
155,25,549.5038607982466,1500,549.5038607982466,0,6.227692897281512,154.0863904491293,63,0,0
155,30,527.8810454981466,1500,527.8810454981466,0,6.223980712599031,153.8207288713841,63,0,0
155,40,489.4070394975924,1500,489.4070394975924,0,6.216559897860529,153.2010823008208,63,0,0
155,50,456.2106362330776,1500,456.2106362330776,0,6.20914449910459,152.4638915389817,63,0,0
180,0,657.614012449495,1500,657.614012449495,0,0.002379819686144296,179.9665679109789,119,0,0
180,1,657.6157556531318,1500,657.6157556531318,0,6.280048090127218,179.9446759171832,119,0,0
180,2,657.6182548109821,1500,657.6182548109821,0,6.279290716387116,179.9215651113313,91,0,0
180,5,647.840049030414,1500,647.840049030414,0,6.242112160560149,179.8449208789401,91,0,0
180,10,617.1337318680419,1500,617.1337318680419,0,6.238326096058048,179.6928149330613,63,0,0
180,15,589.2204674599501,1500,589.2204674599501,0,6.234540817274331,179.510267013159,63,0,0
180,20,563.7370313725646,1500,563.7370313725646,0,6.230756432401051,179.2972974327486,63,0,0
180,25,540.3805628785248,1500,540.3805628785248,0,6.226973049476767,179.0539298677633,63,0,0
180,30,518.8965254358142,1500,518.8965254358142,0,6.223190776368101,178.7801913434283,63,0,0
180,40,480.7156617567006,1500,480.7156617567006,0,6.215629990094454,178.141726172522,63,0,0
180,50,447.819830710657,1500,447.819830710657,0,6.208074932379323,177.3821844942649,63,0,0
205,0,645.1136604819171,1500,645.1136604819171,0,6.280422644661991,204.9607273939987,119,0,0
205,1,645.1156488321019,1500,645.1156488321019,0,6.279650635441364,204.9381471868028,119,0,0
205,2,645.1184076912351,1500,645.1184076912351,0,6.278878651241175,204.9143098938148,91,0,0
205,5,638.2714908061188,1500,638.2714908061188,0,6.241656272911217,204.83525666045,91,0,0
205,10,607.6391352166064,1500,607.6391352166064,0,6.237797203560613,204.6783712769876,63,0,0
205,15,579.8266794585554,1500,579.8266794585554,0,6.2339389662766,204.490089829801,63,0,0
205,20,554.4631942855367,1500,554.4631942855367,0,6.230081675616941,204.2704346052166,63,0,0
205,25,531.2400731066439,1500,531.2400731066439,0,6.226225445970525,204.0194315765342,63,0,0
205,30,509.8984704518376,1500,509.8984704518376,0,6.222370391537105,203.7371103887131,63,0,0
205,40,472.017556120213,1500,472.017556120213,0,6.214664264041627,203.0786503670125,63,0,0
205,50,439.4283028481377,1500,439.4283028481377,0,6.206964202181566,202.2953644176262,63,0,0
230,0,632.6132900417939,1500,632.6132900417939,0,0.00316057433032953,229.9545076892795,119,0,0
230,1,632.6155388823172,1500,632.6155388823172,0,6.279237537148284,229.931194606005,91,0,0
230,2,632.6185733570509,1500,632.6185733570509,0,6.278450367973958,229.9065836836357,91,0,0
230,5,628.66992567562,1500,628.66992567562,0,6.241182444311187,229.8249651589368,91,0,0
230,10,598.1150528371819,1500,598.1150528371819,0,6.237247501348911,229.6629904017296,63,0,0
230,15,570.4072562048414,1500,570.4072562048414,0,6.233313440518581,229.4686038705636,63,0,0
230,20,545.1676787847604,1500,545.1676787847604,0,6.229380383252511,229.2418300883529,63,0,0
230,25,522.08182666444,1500,522.08182666444,0,6.225448450796882,228.982697632586,63,0,0
230,30,500.8864577208778,1500,500.8864577208778,0,6.221517764189425,228.6912391173707,63,0,0
230,40,463.312537077707,1500,463.312537077707,0,6.213660611494495,228.0114944229787,63,0,0
230,50,431.0360496542574,1500,431.0360496542574,0,6.205809888458918,227.2029368121354,63,0,0
255,0,620.1129098674947,1500,620.1129098674947,0,6.279610844638473,254.9478706357249,119,0,0
255,1,620.1154354639335,1500,620.1154354639335,0,6.278807853270657,254.9237755215141,91,0,0
255,2,620.1187624245597,1500,620.1187624245597,0,6.27800489005904,254.8983390865449,91,0,0
255,5,619.0340121216923,1500,619.0340121216923,0,6.240689594659197,254.8139832668535,91,0,0
255,10,588.5603474183038,1500,588.5603474183038,0,6.236675736966051,254.6465780591155,63,0,0
255,15,560.9612577666552,1500,560.9612577666552,0,6.232662815567486,254.445677590587,63,0,0
255,20,535.8497285442195,1500,535.8497285442195,0,6.228650959331029,254.2113089301154,63,0,0
255,25,512.9052340563851,1500,512.9052340563851,0,6.22464029691866,253.9435036191263,63,0,0
255,30,491.8600470338258,1500,491.8600470338258,0,6.220630956762186,253.6422976504648,63,0,0
255,40,454.6004128315503,1500,454.6004128315503,0,6.212616755646247,252.9398498211652,63,0,0
255,50,422.6430693900626,1500,422.6430693900626,0,6.204609377905411,252.104341425912,63,0,0
280,0,607.6125296715016,1500,607.6125296715016,0,0.004005308904179189,279.9407727746134,119,0,0
280,1,607.6153492865211,1500,607.6153492865211,0,6.278360564666851,279.9158413592926,91,0,0
280,2,607.6189866373935,1500,607.6189866373935,0,6.277541160980276,279.8895221299929,91,0,0
280,5,607.6343819688512,1500,607.6343819688512,0,6.275083140437482,279.8022391198416,91,0,0
280,10,578.9738225782228,1500,578.9738225782228,0,6.236080555420138,279.6290269304526,63,0,0
280,15,551.4876979321709,1500,551.4876979321709,0,6.23198555042491,279.4211612144446,63,0,0
280,20,526.5085519476528,1500,526.5085519476528,0,6.227891677333598,279.1786719512857,63,0,0
280,25,503.7096797828796,1500,503.7096797828796,0,6.223799072840449,278.9015940703481,63,0,0
280,30,482.8187799393625,1500,482.8187799393625,0,6.219707873385034,278.589967425835,63,0,0
280,40,445.8809850947483,1500,445.8809850947483,0,6.211530233909745,277.8632517123896,63,0,0
280,50,414.2493617676423,1500,414.2493617676423,0,6.203359844303993,276.9989409716268,63,0,0
305,0,595.112160242037,1500,595.112160242037,0,6.278731129898078,304.9331643974075,175,0,0
305,1,595.1152922185372,1500,595.1152922185372,0,6.277894566965743,304.9073365604584,91,0,0
305,2,595.1192589842976,1500,595.1192589842976,0,6.277058035871934,304.8800710810037,91,0,0
305,5,595.1361675031759,1500,595.1361675031759,0,6.274548645309242,304.7896505236891,91,0,0
305,10,569.3542189986865,1500,569.3542189986865,0,6.235460488475505,304.6102142802592,91,0,0
305,15,541.9855413517208,1500,541.9855413517208,0,6.231279975358992,304.3948834664025,63,0,0
305,20,517.1433200390574,1500,517.1433200390574,0,6.227100666580299,304.1436914045454,63,0,0
305,25,494.4945209317571,1500,494.4945209317571,0,6.222922707547724,303.8566769145411,63,0,0
305,30,473.7621788399614,1500,473.7621788399614,0,6.218746243387191,303.5338842837806,63,0,0
305,40,437.1540488909754,1500,437.1540488909754,0,6.210398378593969,302.7811688791072,63,0,0
305,50,405.8549281776609,1500,405.8549281776609,0,6.202058226423098,301.8860074469717,63,0,0
330,0,582.6118135576778,1500,582.6118135576778,0,0.004922222408375917,329.9249883805682,175,0,0
330,1,582.6152774107926,1500,582.6152774107926,0,6.277408661468571,329.8981972792071,91,0,0
330,2,582.619593831772,1500,582.619593831772,0,6.276554272088211,329.8699149996838,91,0,0
330,5,582.6376579531147,1500,582.6376579531147,0,6.273991319932043,329.7761230296592,91,0,0
330,10,559.700210253799,1500,559.700210253799,0,6.234813942573653,329.5899990859866,91,0,0
330,15,532.4537004686541,1500,532.4537004686541,0,6.23054427818053,329.3666475711931,63,0,0
330,20,507.7531643329117,1500,507.7531643329117,0,6.226275896870948,329.1061056662737,63,0,0
330,25,485.2590856827123,1500,485.2590856827123,0,6.222008953522825,328.8084166807171,63,0,0
330,30,464.6897460407324,1500,464.6897460407324,0,6.217743602700319,328.4736300166472,63,0,0
330,40,428.419392358994,1500,428.419392358994,0,6.209218295119999,327.6929914750521,63,0,0
330,50,397.4597719503297,1500,397.4597719503297,0,6.200701203105263,326.7647054405792,63,0,0
355,0,570.1115029169405,1500,570.1115029169405,0,6.277774607373426,354.9161787496432,175,0,0
355,1,570.115319436041,1500,570.115319436041,0,6.276901544860125,354.8883497782444,175,0,0
355,2,570.1200070740367,1500,570.1200070740367,0,6.276028518538688,354.8589719567424,91,0,0
355,5,570.1392961152196,1500,570.1392961152196,0,6.273409670008473,354.7615475629688,91,0,0
355,10,550.0103983052937,1500,550.0103983052937,0,6.234139185174916,354.56821850198,91,0,0
355,15,522.8910322210783,1500,522.8910322210783,0,6.229776488725958,354.3362263282222,63,0,0
355,20,498.3371744737801,1500,498.3371744737801,0,6.225415161120511,354.0656127001338,63,0,0
355,25,476.0026717195208,1500,476.0026717195208,0,6.221055367545261,353.7564261357593,63,0,0
355,30,455.6009627491226,1500,455.6009627491226,0,6.216697272837457,353.4087219694352,63,0,0
355,40,419.6767965644381,1500,419.6767965644381,0,6.207986837403532,352.5980159484025,63,0,0
355,50,389.0638986552022,1500,389.0638986552022,0,6.199285165123245,351.6340716210555,63,0,0
380,0,557.6112430851648,1500,557.6112430851648,0,0.005920977021411051,379.9066588963057,175,0,0
380,1,557.6154344472014,1500,557.6154344472014,0,6.276371797543455,379.8777084364591,175,0,0
380,2,557.6205163030123,1500,557.6205163030123,0,6.275479303597213,379.8471468203248,91,0,0
380,5,557.6411042066999,1500,557.6411042066999,0,6.272802067959582,379.7457974785535,91,0,0
380,10,540.2833086338406,1500,540.2833086338406,0,6.23343432927471,379.5446834703661,91,0,0
380,15,513.2963344950861,1500,513.2963344950861,0,6.228974461267864,379.3033559988735,63,0,0
380,20,488.8943957337493,1500,488.8943957337493,0,6.224516055677087,379.0218619479152,63,0,0
380,25,466.7245445440485,1500,466.7245445440485,0,6.220059288931858,378.7002559126498,63,0,0
380,30,446.49528802419,1500,446.49528802419,0,6.215604337071576,378.3386001468488,63,0,0
380,40,410.9260353224524,1500,410.9260353224524,0,6.206700579964942,377.4954263652954,63,0,0
380,50,380.6673164461788,1500,380.6673164461788,0,6.197806183304286,376.4929893538718,63,0,0
405,0,545.111050461453,1500,545.111050461453,0,0.006454546402947049,404.8963393463933,175,0,0
405,1,545.1156403571867,1500,545.1156403571867,0,6.275817870378442,404.866173254958,175,0,0
405,2,545.1211410015098,1500,545.1211410015098,0,6.274905021356503,404.8343284856961,175,0,0
405,5,545.1431067563257,1500,545.1431067563257,0,6.272166737730304,404.7287248760479,91,0,0
405,10,530.517384971769,1500,530.517384971769,0,6.232697315803328,404.5191732288362,91,0,0
405,15,503.6683423085163,1500,503.6683423085163,0,6.228135854522971,404.2677286595583,63,0,0
405,20,479.4238263356028,1500,479.4238263356028,0,6.223575957953658,403.9744441881587,63,0,0
405,25,457.4239356866656,1500,457.4239356866656,0,6.219017814809737,403.6393815440298,63,0,0
405,30,437.3721576741611,1500,437.3721576741611,0,6.21446161336903,403.2626111013656,63,0,0
405,40,402.166875035697,1500,402.166875035697,0,6.205355786248517,402.384271091945,63,0,0
405,50,372.2700364591673,1500,372.2700364591673,0,6.196259972333107,401.340157044878,63,0,0
430,0,532.6109432689337,1500,532.6109432689337,0,0.007013039668139293,429.8851149412923,175,0,0
430,1,532.6159570438497,1500,532.6159570438497,0,6.275238069563486,429.8536267076864,175,0,0
430,2,532.6219027634072,1500,532.6219027634072,0,6.274303915958341,429.8203863770184,175,0,0
430,5,532.6453308735365,1500,532.6453308735365,0,6.27150173746827,429.7101559471041,91,0,0
430,10,520.7109835997844,1500,520.7109835997844,0,6.231925893564076,429.4914283779347,91,0,0
430,15,494.0057237012001,1500,494.0057237012001,0,6.227258108865938,429.2289825520028,63,0,0
430,20,469.9244145886369,1500,469.9244145886369,0,6.222592000936185,428.9228787431641,63,0,0
430,25,448.1000408070252,1500,448.1000408070252,0,6.217927771939465,428.5731871119735,63,0,0
430,30,428.2309831015237,1500,428.2309831015237,0,6.213265623550663,428.1799876257036,63,0,0
430,40,393.3990745533662,1500,393.3990745533662,0,6.20394837253663,427.2634334351559,63,0,0
430,50,363.8720732713721,1500,363.8720732713721,0,6.194641849535613,426.1740483306529,63,0,0
455,0,520.1109417722411,1500,520.1109417722411,0,6.275587062621919,454.8728612445681,175,0,0
455,1,520.1164065842518,1500,520.1164065842518,0,6.274630539349848,454.8399297265449,175,0,0
455,2,520.1228255453194,1500,520.1228255453194,0,6.273674063677589,454.8051659879442,175,0,0
455,5,520.1478065560351,1500,520.1478065560351,0,6.270804939720641,454.6898850451637,91,0,0
455,10,510.8623671651832,1500,510.8623671651832,0,6.231117596298593,454.4611420472145,91,0,0
455,15,484.3070753072298,1500,484.3070753072298,0,6.226338420282812,454.1866897914613,63,0,0
455,20,460.3950558232691,1500,460.3950558232691,0,6.221561044047378,453.8665971896836,63,0,0
455,25,438.7520176792703,1500,438.7520176792703,0,6.216785684513953,453.500944438558,63,0,0
455,30,419.0711500955658,1500,419.0711500955658,0,6.212012558053218,453.0898229197769,63,0,0
455,40,384.6223850577728,1500,384.6223850577728,0,6.202473866728258,452.1315943379591,63,0,0
455,50,355.4734454329833,1500,355.4734454329833,0,6.192946687813614,450.99286156607,63,0,0
480,0,507.6110685268648,1500,507.6110685268648,0,0.008212123936520536,479.8594299135431,175,0,0
480,1,507.6170135232525,1500,507.6170135232525,0,6.273993242217347,479.8249165302716,175,0,0
480,2,507.6239359551442,1500,507.6239359551442,0,6.273013352375298,479.7884831382397,175,0,0
480,5,507.6505670424439,1500,507.6505670424439,0,6.270074008723959,479.6676670489934,91,0,0
480,10,500.9696979758958,1500,500.9696979758958,0,6.230269716387928,479.4279485233481,91,0,0
480,15,474.5709175807875,1500,474.5709175807875,0,6.225373710506819,479.1403405494117,63,0,0
480,20,450.8345891096739,1500,450.8345891096739,0,6.220479639743887,478.804922406825,63,0,0
480,25,429.3789840562682,1500,429.3789840562682,0,6.215587737246813,478.4217863333165,63,0,0
480,30,409.8920175729049,1500,409.8920175729049,0,6.210698235541666,477.9910373986847,63,0,0
480,40,375.8365499872965,1500,375.8365499872965,0,6.200927361109715,476.9871845118448,63,0,0
480,50,347.0741760839134,1500,347.0741760839134,0,6.191168861740609,475.794455109837,63,0,0
505,0,495.1113486659525,1500,495.1113486659525,0,0.008856837770892866,499.9992308611314,175,0,0
505,1,495.1178051824461,1500,495.1178051824461,0,6.273323936065621,499.9980563402532,175,0,0
505,2,495.125263583942,1500,495.125263583942,0,6.272319457858974,499.9948818386066,175,0,0
505,5,495.153649217916,1500,495.153649217916,0,6.269306374276903,499.9733589499634,91,0,0
505,10,491.0310307184755,1500,491.0310307184755,0,6.229379274599441,499.89749612694,91,0,0
505,15,464.7956896458001,1500,464.7956896458001,0,6.224360592667765,499.7716651363841,63,0,0
505,20,441.2417937447731,1500,441.2417937447731,0,6.219343995100325,499.5959036730937,63,0,0
505,25,419.9800154070258,1500,419.9800154070258,0,6.214329732926857,499.3702643259496,63,0,0
505,30,400.6929162677255,1500,400.6929162677255,0,6.209318056473728,499.0948144993991,63,0,0
505,40,367.041305005958,1500,367.041305005958,0,6.199303458072205,498.3948264799942,63,0,0
505,50,338.6742936710604,1500,338.6742936710604,0,6.18930218563291,497.4967708136804,63,0,0
530,0,482.6118102312994,1500,482.6118102312994,0,6.27365053868062,474.9992312237332,175,0,0
530,1,482.6188120166863,1500,482.6188120166863,0,6.272620147883455,474.9981126322158,175,0,0
530,2,482.6268413889433,1500,482.6268413889433,0,6.271589816593077,474.9950892955383,175,0,0
530,5,482.6570940822207,1500,482.6570940822207,0,6.268499201580859,474.9745912472492,91,0,0
530,10,481.0443045438582,1500,481.0443045438582,0,6.228442985168419,474.9023400772816,91,0,0
530,15,454.9797437365732,1500,454.9797437365732,0,6.223295331649022,474.7824973626291,63,0,0
530,20,431.6153854915722,1500,431.6153854915722,0,6.2181499274805,474.6150956708419,63,0,0
530,25,410.5541425229509,1500,410.5541425229509,0,6.213007043446988,474.4001804440184,63,0,0
530,30,391.4731473750352,1500,391.4731473750352,0,6.207866949534243,474.13780993724,63,0,0
530,40,358.2363780328387,1500,358.2363780328387,0,6.197596207517946,473.470999679746,63,0,0
530,50,330.2738327845855,1500,330.2738327845855,0,6.187339842169933,472.6153837862828,63,0,0
555,0,470.1124845566721,1500,470.1124845566721,0,6.272936756756496,449.9992315533714,175,0,0
555,1,470.1200680269848,1500,470.1200680269848,0,6.271879143245125,449.9981638067502,175,0,0
555,2,470.1287061371084,1500,470.1287061371084,0,6.270821594085128,449.9952778929887,175,0,0
555,5,470.1609472918193,1500,470.1609472918193,0,6.267649356303409,449.9757115252056,91,0,0
555,10,470.2335266680552,1500,470.2335266680552,0,6.22745721535336,449.9067437856326,91,0,0
555,15,445.1213391936748,1500,445.1213391936748,0,6.22217379817633,449.7923454250681,63,0,0
555,20,421.9540125537629,1500,421.9540125537629,0,6.216892813207045,449.6325447728859,63,0,0
555,25,401.1003489885123,1500,401.1003489885123,0,6.211614553107393,449.4273813623753,63,0,0
555,30,382.2319811518403,1500,382.2319811518403,0,6.206339309630069,449.1769058819218,63,0,0
555,40,349.4214893473936,1500,349.4214893473936,0,6.195799034433866,448.5402768520107,63,0,0
555,50,321.8728351356884,1500,321.8728351356884,0,6.185274299840963,447.7232835841252,63,0,0
580,0,457.6134067133862,1500,457.6134067133862,0,6.272184203292623,424.9992318543453,175,0,0
580,1,457.62161124046,1500,457.62161124046,0,6.271097890841468,424.9982105313434,175,0,0
580,2,457.6308989207132,1500,457.6308989207132,0,6.270011648126585,424.9954500908522,175,0,0
580,5,457.6652597899499,1500,457.6652597899499,0,6.266753363958401,424.9767343938031,175,0,0
580,10,457.7441807948057,1500,457.7441807948057,0,6.261324523457317,424.9107646558348,219,0,0
580,15,435.2186359769228,1500,435.2186359769228,0,6.220991415451674,424.8013375979925,91,0,0
580,20,412.2562512685153,1500,412.2562512685153,0,6.215567527905491,424.6484780159346,63,0,0
580,25,391.6175685141044,1500,391.6175685141044,0,6.210146592734273,424.4522205153579,63,0,0
580,30,372.9686554839043,1500,372.9686554839043,0,6.204728925854448,424.2126094728853,63,0,0
580,40,340.5963517909257,1500,340.5963517909257,0,6.193904654785741,423.6035528122438,63,0,0
580,50,313.471350703279,1500,313.471350703279,0,6.183097217128124,422.8218562945132,63,0,0
605,0,445.1146160302571,1500,445.1146160302571,0,6.271389632007887,399.9992321302382,175,0,0
605,1,445.1234842703913,1500,445.1234842703913,0,6.270273021076761,399.9982533622355,175,0,0
605,2,445.133465758985,1500,445.133465758985,0,6.269156485884568,399.995607939048,175,0,0
605,5,445.170088541852,1500,445.170088541852,0,6.265807362494305,399.9776720282605,175,0,0
605,10,445.2533805336443,1500,445.2533805336443,0,6.2602272637954,399.9144505281372,91,0,0
605,15,425.2696876537987,1500,425.2696876537987,0,6.219743096881696,399.8095807951701,91,0,0
605,20,402.5206015000946,1500,402.5206015000946,0,6.214168376905023,399.6630846552985,63,0,0
605,25,382.1046821300718,1500,382.1046821300718,0,6.208596862832089,399.4749925724049,63,0,0
605,30,363.6823744289495,1500,363.6823744289495,0,6.203028897477905,399.2453436166849,63,0,0
605,40,331.7606710894252,1500,331.7606710894252,0,6.191904977478996,398.6615741474035,63,0,0
605,50,305.0694390828918,1500,305.0694390828918,0,6.180799330877245,397.9122591785127,63,0,0
630,0,432.6161567028241,1500,432.6161567028241,0,0.01263588325891787,374.9992323840596,175,0,0
630,1,432.6257349724269,1500,432.6257349724269,0,6.269400777540278,374.9982927666684,175,0,0
630,2,432.6364583030222,1500,432.6364583030222,0,6.268252213610401,374.9957531595137,175,0,0
630,5,432.6754973961834,1500,432.6754973961834,0,6.264807046728629,374.9785346559395,175,0,0
630,10,432.7634519746732,1500,432.7634519746732,0,6.25906703263305,374.9178415910766,91,0,0
630,15,415.2724338190772,1500,415.2724338190772,0,6.218423173118627,374.817164837773,91,0,0
630,20,392.7454817177334,1500,392.7454817177334,0,6.212689013709046,374.6765237080874,63,0,0
630,25,372.5605152443055,1500,372.5605152443055,0,6.206958343581464,374.4959451593267,63,0,0
630,30,354.3723067514817,1500,354.3723067514817,0,6.201231535581024,374.2754637682442,63,0,0
630,40,322.9141463292531,1500,322.9141463292531,0,6.189790989622188,373.7149686579683,63,0,0
630,50,296.6671710790363,1500,296.6671710790363,0,6.178370325734602,372.9954659464308,63,0,0
655,0,420.1180785102529,1500,420.1180785102529,0,6.269659532299496,349.9992326183564,175,0,0
655,1,420.1284172167657,1500,420.1284172167657,0,6.26847695988015,349.9983291400014,175,0,0
655,2,420.1399346652914,1500,420.1399346652914,0,6.267294477439607,349.9958872092774,175,0,0
655,5,420.1815580986466,1500,420.1815580986466,0,6.26374760294482,349.9793309308945,175,0,0
655,10,420.2744764771882,1500,420.2744764771882,0,6.257838252352964,349.9209718523682,91,0,0
655,15,405.2246918985678,1500,405.2246918985678,0,6.217025306212509,349.8241657384586,91,0,0
655,20,382.9292237420447,1500,382.9292237420447,0,6.21112234408204,349.688929758986,63,0,0
655,25,362.9838345690263,1500,362.9838345690263,0,6.205223188981962,349.5152878826937,63,0,0
655,30,345.0375844702053,1500,345.0375844702053,0,6.199328247386662,349.3032708560332,63,0,0
655,40,314.0564706254388,1500,314.0564706254388,0,6.187552621685751,348.7642680570265,63,0,0
655,50,288.264630591651,1500,288.264630591651,0,6.175798680804595,348.0723017082767,63,0,0
680,0,407.6204376627962,1500,407.6204376627962,0,0.0144698896166567,324.9992328352978,175,0,0
680,1,407.6315918009578,1500,407.6315918009578,0,6.267496856249061,324.9983628190218,175,0,0
680,2,407.6439604001689,1500,407.6439604001689,0,6.266278393387041,324.9960113295142,175,0,0
680,5,407.6883514901476,1500,407.6883514901476,0,6.262623631558967,324.980068225198,175,0,0
680,10,407.7862727981843,1500,407.7862727981843,0,6.25653466703266,324.9238702830767,91,0,0
680,15,395.1241482873228,1500,395.1241482873228,0,6.215542388140106,324.8306482563785,91,0,0
680,20,373.070067146642,1500,373.070067146642,0,6.209460412705715,324.700417478121,63,0,0
680,25,353.373344928335,1500,353.373344928335,0,6.203382601787044,324.5331993542941,63,0,0
680,30,335.6773014464058,1500,335.6773014464058,0,6.197309399640325,324.3290213462859,63,0,0
680,40,305.187332032522,1500,305.187332032522,0,6.18517858833184,323.809925660313,63,0,0
680,50,279.8619168597108,1500,279.8619168597108,0,6.173071488767271,323.1434702419167,63,0,0
705,0,395.1232978084211,1500,395.1232978084211,0,0.01547333725823347,299.9992330367435,175,0,0
705,1,395.135327534128,1500,395.135327534128,0,6.266455163032043,299.9983940924051,175,0,0
705,2,395.1486096686146,1500,395.1486096686146,0,6.265198464165294,299.9961265840908,175,0,0
705,5,395.1959689299127,1500,395.1959689299127,0,6.261429055239134,299.9807528578451,175,0,0
705,10,395.2988101226999,1500,395.2988101226999,0,6.220242651132539,299.9265617167074,91,0,0
705,15,384.9683487711059,1500,384.9683487711059,0,6.213966420292697,299.8366679051859,91,0,0
705,20,363.1661533054615,1500,363.1661533054615,0,6.207694268597726,299.7110851723877,63,0,0
705,25,343.727685964829,1500,343.727685964829,0,6.20142668504412,299.5498327141632,63,0,0
705,30,326.2905120516801,1500,326.2905120516801,0,6.195164156480973,299.3529351584504,63,0,0
705,40,296.3064147613812,1500,296.3064147613812,0,6.182656199647949,298.8523303099964,63,0,0
705,50,271.4591471406042,1500,271.4591471406042,0,6.170174241526107,298.2095754768621,63,0,0
730,0,382.6267312345994,1500,382.6267312345994,0,0.01654189019786919,274.9992332242963,175,0,0
730,1,382.6397025313961,1500,382.6397025313961,0,6.265345888973785,274.9984232090093,175,0,0
730,2,382.6539666286258,1500,382.6539666286258,0,6.264048479840389,274.9962338901355,175,0,0
730,5,382.7045139944237,1500,382.7045139944237,0,6.260157009183196,274.9813902763046,175,0,0
730,10,382.8121604958992,1500,382.8121604958992,0,6.218767422772395,274.9290675623507,91,0,0
730,15,374.7546881787754,1500,374.7546881787754,0,6.212288369623734,274.8422725459488,91,0,0
730,20,353.2155190815845,1500,353.2155190815845,0,6.205813804506567,274.7210176031255,63,0,0
730,25,334.0454287741868,1500,334.0454287741868,0,6.199344264977688,274.565320013602,63,0,0
730,30,316.8762299665743,1500,316.8762299665743,0,6.192880286077218,274.3752019484936,63,0,0
730,40,287.4134007827461,1500,287.4134007827461,0,6.179971136175558,273.8918174349408,63,0,0
730,50,263.0564599242158,1500,263.0564599242158,0,6.167090574956393,273.2711385746559,63,0,0
755,0,372.5019161506758,1500,372.5019161506758,0,3.124255710327436,249.9992333993456,175,0,0
755,1,372.5023076580832,1500,372.5023076580832,0,3.125589041291938,249.9984503845118,175,0,0
755,2,372.5033658290643,1500,372.5033658290643,0,3.126922367102059,249.9963340424943,175,0,0
755,5,372.5105402492385,1500,372.5105402492385,0,3.130922266201431,249.9819852017612,175,0,0
755,10,372.5358296618107,1500,372.5358296618107,0,3.137588219224769,249.9314063752482,91,0,0
755,15,364.4803992147388,1500,364.4803992147388,0,6.210497996012325,249.8475036617323,91,0,0
755,20,343.2160901624694,1500,343.2160901624694,0,6.203807564224205,249.7302882410509,63,0,0
755,25,324.3250725101042,1500,324.3250725101042,0,6.19712267855824,249.5797757235093,63,0,0
755,30,307.4334271789846,1500,307.4334271789846,0,6.190443928789796,249.3959861394954,63,0,0
755,40,278.5079719206035,1500,278.5079719206035,0,6.177107179387766,248.9286779112491,63,0,0
755,50,254.6540188065756,1500,254.6540188065756,0,6.163801963385183,248.3286116228795,63,0,0
780,0,385.0019157370509,1500,385.0019157370509,0,3.124251957129299,224.9992335631015,175,0,0
780,1,385.0022946152129,1500,385.0022946152129,0,3.125542277522139,224.9984758067604,175,0,0
780,2,385.0033186518415,1500,385.0033186518415,0,3.12683259324349,224.9964277334529,175,0,0
780,5,385.0102616452687,1500,385.0102616452687,0,3.130703469414904,224.9825417462507,175,0,0
780,10,385.0347353592937,1500,385.0347353592937,0,3.137154435323741,224.9335943169618,91,0,0
780,15,368.8260767160391,1500,368.8260767160391,0,3.178510903164585,224.8523973856684,91,0,0
780,20,333.1656740586889,1500,333.1656740586889,0,6.201662510092911,224.7389610853209,63,0,0
780,25,314.5650410209156,1500,314.5650410209156,0,6.194747517274639,224.5932995650672,63,0,0
780,30,297.9610332749238,1500,297.9610332749238,0,6.187839317642339,224.4154309814362,63,0,0
780,40,269.5898125684829,1500,269.5898125684829,0,6.174045887002995,223.9631652167824,63,0,0
780,50,246.2520171822606,1500,246.2520171822606,0,6.160287351908236,223.3823887002054,63,0,0
805,0,397.5019153494078,1500,397.5019153494078,0,3.124248438505819,199.9992337166226,175,0,0
805,1,397.5022823876502,1500,397.5022823876502,0,3.125498436479594,199.9984996401223,175,0,0
805,2,397.5032744233071,1500,397.5032744233071,0,3.126748430206286,199.9965155687634,175,0,0
805,5,397.5100004536147,1500,397.5100004536147,0,3.130498346843329,199.9830635078324,175,0,0
805,10,397.5337094423236,1500,397.5337094423236,0,3.136747758438904,199.9356455292894,91,0,0
805,15,387.0153764361319,1500,387.0153764361319,0,3.177902770344601,199.8569853363983,91,0,0
805,20,330.2770597245008,1500,330.2770597245008,0,3.18414972495412,199.7470921419414,63,0,0
805,25,304.7636796052421,1500,304.7636796052421,0,6.19220231622098,199.6059788106858,63,0,0
805,30,288.4579351453318,1500,288.4579351453318,0,6.185048439274785,199.4336618518599,63,0,0
805,40,260.6586132006605,1500,260.6586132006605,0,6.170766199540244,198.9955012507321,63,0,0
805,50,237.850683959476,1500,237.850683959476,0,6.15652271133463,198.4328148824893,63,0,0
830,0,410.001914985373,1500,410.001914985373,0,3.124245133132047,174.9992338608394,175,0,0
830,1,410.0022709012652,1500,410.0022709012652,0,3.125457252462716,174.9985220290413,175,0,0
830,2,410.0032328753887,1500,410.0032328753887,0,3.126669367920816,174.996598080753,175,0,0
830,5,410.0097550913916,1500,410.0097550913916,0,3.13030565544351,174.9835536484597,175,0,0
830,10,410.0327456950018,1500,410.0327456950018,0,3.136365724813501,174.9375724402149,91,0,0
830,15,405.4061410926298,1500,405.4061410926298,0,3.177331481309941,174.8612953017126,91,0,0
830,20,346.7194617588315,1500,346.7194617588315,0,3.183389310276632,174.7547306336804,63,0,0
830,25,302.9168949860931,1500,302.9168949860931,0,3.189445352768083,174.6178901673412,63,0,0
830,30,278.9229772753312,1500,278.9229772753312,0,6.182050620088133,174.450788957961,63,0,0
830,40,251.714074902787,1500,251.714074902787,0,6.167243960566619,174.0258810999119,63,0,0
830,50,229.4502905613926,1500,229.4502905613926,0,6.15248049616352,173.4801936230321,63,0,0
855,0,422.5019146428536,1500,422.5019146428536,0,3.124242022191851,149.9992339965729,175,0,0
855,1,422.5022600906499,1500,422.5022600906499,0,3.125418491028809,149.9985431009678,175,0,0
855,2,422.5031937715535,1500,422.5031937715535,0,3.126594956324943,149.996675739123,175,0,0
855,5,422.509524161929,1500,422.509524161929,0,3.130124298403201,149.9840149581099,175,0,0
855,10,422.5318386325753,1500,422.5318386325753,0,3.136006160471833,149.9393860158814,91,0,0
855,15,422.5688557389243,1500,422.5688557389243,0,3.176793786571153,149.8653518016229,91,0,0
855,20,363.3756231597238,1500,363.3756231597238,0,3.182673600095618,149.7619199966986,63,0,0
855,25,317.9658460147155,1500,317.9658460147155,0,3.188551780068496,149.6291013281192,63,0,0
855,30,282.6836085198441,1500,282.6836085198441,0,3.19442792115023,149.4669095629824,63,0,0
855,40,242.7559152167487,1500,242.7559152167487,0,6.163451327795063,149.0544769675395,63,0,0
855,50,221.0511595571114,1500,221.0511595571114,0,6.148128980142749,148.5247928391389,63,0,0
880,0,435.0019143199968,1500,435.0019143199968,0,3.124239089019509,124.9992341245502,175,0,0
880,1,435.0022498978729,1500,435.0022498978729,0,3.125381944528532,124.9985629687868,175,0,0
880,2,435.0031569023015,1500,435.0031569023015,0,3.12652479679164,124.9967489598953,175,0,0
880,5,435.0093064281693,1500,435.0093064281693,0,3.129953304252514,124.9844499079198,175,0,0
880,10,435.03098339701,1500,435.03098339701,0,3.13566713983388,124.9410959693813,175,0,0
880,15,435.0669431035055,1500,435.0669431035055,0,3.141380222773315,124.8691765549626,91,0,0
880,20,380.2376300340458,1500,380.2376300340458,0,3.181998765415172,124.7686987065013,91,0,0
880,25,333.2298959086546,1500,333.2298959086546,0,3.187709225424639,124.6396722581991,63,0,0
880,30,296.6045522031986,1500,296.6045522031986,0,3.193417816172374,124.4821098318122,63,0,0
880,40,243.2485381939879,1500,243.2485381939879,0,3.204827907002475,124.081441431226,63,0,0
880,50,212.6536753733508,1500,212.6536753733508,0,6.143431436071546,123.5668499618225,63,0,0
905,0,447.501914015157,1500,447.501914015157,0,3.124236318801047,99.9992342454176,175,0,0
905,1,447.5022402714404,1500,447.5022402714404,0,3.125347428384614,99.99858173284019,175,0,0
905,2,447.5031220814113,1500,447.5031220814113,0,3.126458534985314,99.99681811286723,175,0,0
905,5,447.509100790501,1500,447.509100790501,0,3.129791809456473,99.98486069446778,175,0,0
905,10,447.5301756699642,1500,447.5301756699642,0,3.135346951225269,99.94271093475481,175,0,0
905,15,447.5651367025549,1500,447.5651367025549,0,3.140901401334845,99.87278886826209,91,0,0
905,20,397.2979543821729,1500,397.2979543821729,0,3.181361402308535,99.77510096636286,91,0,0
905,25,348.7021423556218,1500,348.7021423556218,0,3.186913441932676,99.64965626682636,63,0,0
905,30,310.7365576592193,1500,310.7365576592193,0,3.192463763622182,99.49646636963951,63,0,0
905,40,255.2650696611016,1500,255.2650696611016,0,3.203557889996161,99.1069101600292,63,0,0
905,50,216.7080778522827,1500,216.7080778522827,0,3.214641063373631,98.60657614887532,63,0,0
930,0,460.0019137268665,1500,460.0019137268665,0,3.124233698323998,74.99923435975177,175,0,0
930,1,460.0022311654265,1500,460.0022311654265,0,3.125314777974018,74.99859948262247,175,0,0
930,2,460.0030891427941,1500,460.0030891427941,0,3.126395854876547,74.99688352785836,175,0,0
930,5,460.0089062681853,1500,460.0089062681853,0,3.129639043830174,74.98524927687367,175,0,0
930,10,460.0294115998703,1500,460.0294115998703,0,3.135044067978523,74.94423861278005,175,0,0
930,15,460.0634279248589,1500,460.0634279248589,0,3.14044845503647,74.87620596159604,91,0,0
930,20,414.549430860281,1500,414.549430860281,0,3.180758474534594,74.78115728421687,91,0,0
930,25,364.3759752361562,1500,364.3759752361562,0,3.186160641217513,74.65910090569594,63,0,0
930,30,325.0736485035229,1500,325.0736485035229,0,3.19156122539333,74.51004751160224,63,0,0
930,40,267.4830486998409,1500,267.4830486998409,0,3.202356390173649,74.13100419248269,63,0,0
930,50,227.3353981442267,1500,227.3353981442267,0,3.213141464055276,73.64415981855859,63,0,0
955,0,472.5019134538136,1500,472.5019134538136,0,3.124231215766683,49.99923446806827,175,0,0
955,1,472.5022225387398,1500,472.5022225387398,0,3.125283846002395,49.99861629820725,175,0,0
955,2,472.5030579378447,1500,472.5030579378447,0,3.126336473701866,49.99694549997093,175,0,0
955,5,472.5087219837158,1500,472.5087219837158,0,3.129494318256647,49.98561740804246,175,0,0
955,10,472.5286877405292,1500,472.5286877405292,0,3.134757124095953,49.94568589374842,175,0,0
955,15,472.5618090653444,1500,472.5618090653444,0,3.140019341821288,49.87944324300508,91,0,0
955,20,431.9852352018596,1500,431.9852352018596,0,3.180187265204632,49.78689495853416,91,0,0
955,25,380.2450613239007,1500,380.2450613239007,0,3.185447433190365,49.66804872567513,63,0,0
955,30,339.6100718771273,1500,339.6100718771273,0,3.190706140231003,49.52291440919646,63,0,0
955,40,279.8978216451629,1500,279.8978216451629,0,3.201218011646014,49.15383185615599,63,0,0
955,50,238.1508174428479,1500,238.1508174428479,0,3.211720566160919,48.67976962829437,63,0,0
980,0,485.0019131948212,1500,485.0019131948212,0,3.124228860519898,24.99923457083003,175,0,0
980,1,485.0022143545044,1500,485.0022143545044,0,3.125254500282463,24.99863225145589,175,0,0
980,2,485.0030283332001,1500,485.0030283332001,0,3.126280137698921,24.99700429404004,175,0,0
980,5,485.008547149584,1500,485.008547149584,0,3.129357014294144,24.98596666110018,175,0,0
980,10,485.0280009991483,1500,485.0280009991483,0,3.134484893655706,24.9470589613552,175,0,0
980,15,485.0602732089525,1500,485.0602732089525,0,3.139612228985755,24.88251454071803,91,0,0
980,20,449.5988641618416,1500,449.5988641618416,0,3.179645335876957,24.79233848951185,91,0,0
980,25,396.3033299372639,1500,396.3033299372639,0,3.184770775058831,24.6765379172524,63,0,0
980,30,354.3402880930066,1500,354.3402880930066,0,3.189894862721752,24.53512194984773,63,0,0
980,40,292.50487707692,1500,292.50487707692,0,3.200137910304899,24.1754903928462,63,0,0
980,50,249.1506662330244,1500,249.1506662330244,0,3.210372337853511,23.71355699739127,63,0,0
1005,0,497.5019129488306,1500,497.5019129488306,0.08727559111865058,3.124226623035363,-0.0007653315462903265,175,0,0
1005,1,497.5022065795321,1500,497.5022065795321,0.08728436233550967,3.12522662184563,-0.001352592956550325,175,0,0
1005,2,497.5030002088337,1500,497.5030002088337,0.08731067606507531,3.126226618481386,-0.002939851582141273,175,0,0
1005,5,497.50838105703,1500,497.50838105703,0.08765681759325894,3.129226575342235,-0.0137015481338949,175,0,0
1005,10,497.527348592173,1500,497.527348592173,0.09143808368993438,3.134226273306111,-0.05163661899075578,175,0,0
1005,15,497.5588141319229,1500,497.5588141319229,0.1052343051690667,3.139225467023265,-0.1145676994430005,91,0,0
1005,20,467.3841168594712,1500,467.3841168594712,0.1348641170153452,3.179130491781069,-0.2024900713684019,91,0,0
1005,25,412.5449594741586,1500,412.5449594741586,0.1816848940475426,3.184127927973262,-0.3153971449643223,63,0,0
1005,30,369.2589608528313,1500,369.2589608528313,0.2445156969324969,3.189124111413902,-0.4532804612164227,63,0,0
1005,40,305.2998404261704,1500,305.2998404261704,0.4134662069170993,3.199111725086742,-0.8039326592662519,63,0,0
1005,50,260.3313698320089,1500,260.3313698320089,0.6361388904419334,3.209091347826574,-1.254341746839486,63,0,0
1030,0,510.0019127148865,1500,510.0019127148865,12.50608575004343,3.124224494696332,-25.00076523868461,175,0,0
1030,1,510.0021991838733,1500,510.0021991838733,12.50638568615728,3.125200103329966,-25.00133817666483,175,0,0
1030,2,510.0029734564292,1500,510.0029734564292,12.50719828410923,3.126175709944349,-25.00288672179749,175,0,0
1030,5,510.0082230664391,1500,510.0082230664391,12.51271214401735,3.129102499100584,-25.01338594196477,175,0,0
1030,10,510.0267280075809,1500,510.0267280075809,12.53215672721987,3.133980267321191,-25.0503958247773,175,0,0
1030,15,510.0574262175182,1500,510.0574262175182,12.5644238646003,3.138857567293408,-25.11179224553598,91,0,0
1030,20,485.3350774073989,1500,485.3350774073989,12.60947987239518,3.178640752126028,-25.19757082290084,91,0,0
1030,25,428.9643647670461,1500,428.9643647670461,12.66709672788262,3.183516420007971,-25.30772543734315,63,0,0
1030,30,384.3609479976089,1500,384.3609479976089,12.73724426677638,3.188390924513581,-25.44224823332706,63,0,0
1030,40,318.2784688250603,1500,318.2784688250603,12.91516665325491,3.198135519257044,-25.78435828514375,63,0,0
1030,50,271.6894453455589,1500,271.6894453455589,13.14332711608563,3.207872692441526,-26.22380353561653,63,0,0
1055,0,522.5019124921254,1500,522.5019124921254,25.0099039460817,3.124222467706705,-50.00076515024489,175,0,0
1055,1,522.5021921404309,1500,522.5021921404309,25.01021015140303,3.125174847598458,-50.0013244468621,175,0,0
1055,2,522.5029479779868,1500,522.5029479779868,25.01104154411953,3.126127225611786,-50.00283612199291,175,0,0
1055,5,522.5080725991112,1500,522.5080725991112,25.01668694386078,3.128984331104976,-50.01308536437864,175,0,0
1055,10,522.5261369725605,1500,522.5261369725605,25.03660130833535,3.133745974790612,-50.04921411176906,175,0,0
1055,15,522.5561043837832,1500,522.5561043837832,25.06965150788788,3.13850718287967,-50.10914893503605,91,0,0
1055,20,503.4460987247349,1500,503.4460987247349,25.11576341651297,3.178174324646581,-50.19288575831979,91,0,0
1055,25,445.5561852005782,1500,445.5561852005782,25.17447461859769,3.182934014423231,-50.30041888866708,63,0,0
1055,30,399.6412927585321,1500,399.6412927585321,25.24571742247609,3.187692621896791,-50.43174101796421,63,0,0
1055,40,331.4366461875654,1500,331.4366461875654,25.42583339315689,3.197205730051789,-50.76571498059207,63,0,0
1055,50,283.2214987405631,1500,283.2214987405631,25.65619200337019,3.206711933214295,-51.19471698602001,63,0,0
1080,0,535.0019122797642,1500,535.0019122797642,37.513918854809,3.124220534995598,-75.00076506591881,175,0,0
1080,1,535.0021854246287,1500,535.0021854246287,37.51423132188281,3.125150766550075,-75.0013113556538,175,0,0
1080,2,535.0029236846225,1500,535.0029236846225,37.51508149536588,3.126080996354154,-75.00278787565935,175,0,0
1080,5,535.0079291301769,1500,535.0079291301769,37.52085835374302,3.128871659165255,-75.012798766895,175,0,0
1080,10,535.0255734257006,1500,535.0255734257006,37.54124223414705,3.13352257859668,-75.04808735840038,175,0,0
1080,15,535.0548440213805,1500,535.0548440213805,37.57507507004978,3.138173092116823,-75.1066285505251,91,0,0
1080,20,521.711787440964,1500,521.711787440964,37.62224228564093,3.177729583697857,-75.18841854513971,91,0,0
1080,25,462.3152735387029,1500,462.3152735387029,37.68204706624162,3.182378682349763,-75.2934520371266,63,0,0
1080,30,415.0952154767505,1500,415.0952154767505,37.75438420591466,3.18702677241167,-75.42172221609985,63,0,0
1080,40,344.770378509081,1500,344.770378509081,37.93669144917204,3.196319125321072,-75.74793788084298,63,0,0
1080,50,294.9242220290101,1500,294.9242220290101,38.16924535045492,3.205605042977106,-76.1669810468677,63,0,0
1105,0,547.5019120770909,1500,547.5019120770909,50.01805438207357,3.124218690134934,-100.0007649854258,175,0,0
1105,1,547.5021790141252,1500,547.5021790141252,50.01837310979341,3.125127780092947,-100.0012988594997,175,0,0
1105,2,547.5029004955337,1500,547.5029004955337,50.01924206267029,3.126036868417216,-100.0027418223331,175,0,0
1105,5,547.5077921824812,1500,547.5077921824812,50.02515037397256,3.128764108561668,-100.0125251963468,175,0,0
1105,10,547.5250354929706,1500,547.5250354929706,50.04600375554247,3.133309335894159,-100.047011817752,175,0,0
1105,15,547.5536409399001,1500,547.5536409399001,50.08061920666601,3.137854184363523,-100.1042227123244,91,0,0
1105,20,540.1269898059171,1500,540.1269898059171,50.12884169080846,3.177305051334664,-100.1841543349956,91,0,0
1105,25,479.2366854123106,1500,479.2366854123106,50.18973998476718,3.181848579193201,-100.2868017340438,63,0,0
1105,30,430.7181057630111,1500,430.7181057630111,50.26317137635689,3.186391165631168,-100.4121585526275,63,0,0
1105,40,358.2757893736077,1500,358.2757893736077,50.44766967101891,3.195472766065246,-100.7309680076676,63,0,0
1105,50,306.7943905583649,1500,306.7943905583649,50.68241857653676,3.204548359343632,-101.1405038285261,63,0,0
1130,0,560.0019118834574,1500,560.0019118834574,62.52229530876402,3.124216927268021,-125.0007649085101,175,0,0
1130,1,560.0021728885647,1500,560.0021728885647,62.52262029701325,3.125105815254468,-125.0012869187294,175,0,0
1130,2,560.0028783370997,1500,560.0028783370997,62.5235080296811,3.125994701713684,-125.0026978158148,175,0,0
1130,5,560.0076613212824,1500,560.0076613212824,62.5295477981851,3.128661337881673,-125.0122637842908,175,0,0
1130,10,560.0245214669026,1500,560.0245214669026,62.55087069835064,3.133105569859186,-125.0459840759295,175,0,0
1130,15,560.052491321325,1500,560.052491321325,62.58626879505631,3.137549447671037,-125.1019237854402,91,0,0
1130,20,558.6867785284275,1500,558.6867785284275,62.6355465795679,3.176899380911513,-125.1800795988258,91,0,0
1130,25,496.3156694223006,1500,496.3156694223006,62.69753841040056,3.181342024180703,-125.2804468870602,63,0,0
1130,30,446.5055150701428,1500,446.5055150701428,62.7720640770344,3.185783787365274,-125.4030197074576,63,0,0
1130,40,371.9491156578958,1500,371.9491156578958,62.95875346884716,3.194663973950353,-125.7147516166374,63,0,0
1130,50,318.8288604037112,1500,318.8288604037112,63.19569742500534,3.203538544347975,-126.1152015881642,63,0,0
1155,0,572.5019116982724,1500,572.5019116982724,75.02663656319569,3.124215241047445,-150.0007648349385,175,0,0
1155,1,572.5021670293621,1500,572.5021670293621,75.02696781215239,3.125084805407461,-150.0012754971224,175,0,0
1155,2,572.5028571421024,1500,572.5028571421024,75.02787432550545,3.125954368337698,-150.0026557226172,175,0,0
1155,5,572.5075361496411,1500,572.5075361496411,75.03404555819056,3.128563035399742,-150.012013737798,175,0,0
1155,10,572.5240297884897,1500,572.5240297884897,75.05583800291586,3.132910662514211,-150.0450010158677,175,0,0
1155,15,572.5513916795646,1500,572.5513916795646,75.09201878911304,3.137257958059702,-150.0997247986409,175,0,0
1155,20,572.5896202715766,1500,572.5896202715766,75.14235192398085,3.176511342820147,-150.176181983539,219,0,0
1155,25,513.5476578164347,1500,513.5476578164347,75.2054373377733,3.180857482572224,-150.274368236793,91,0,0
1155,30,462.4531496532341,1500,462.4531496532341,75.28105732975136,3.185202798361832,-150.3942779946685,63,0,0
1155,40,385.7867034225644,1500,385.7867034225644,75.46993793223501,3.193890303047795,-150.6992396293301,63,0,0
1155,50,331.0245658572156,1500,331.0245658572156,75.70907707033624,3.202572549323146,-151.0909978468958,63,0,0
1180,0,585.0019115209944,1500,585.0019115209944,87.5310759731651,3.124213626580889,-175.0007647644977,175,0,0
1180,1,585.0021614195138,1500,585.0021614195138,87.53141348312833,3.125064689595135,-175.0012645615404,175,0,0
1180,2,585.0028368490439,1500,585.0028368490439,87.53233877825987,3.125915751268936,-175.0026154206139,175,0,0
1180,5,585.0074163043996,1500,585.0074163043996,87.53864148317176,3.128468915919297,-175.011774331422,175,0,0
1180,10,585.0235590313937,1500,585.0235590313937,87.56090350176039,3.132724048468729,-175.0440597857589,175,0,0
1180,15,585.0503388251539,1500,585.0503388251539,87.59786702664339,3.136978870163784,-175.0976193738629,175,0,0
1180,20,585.0877542312973,1500,585.0877542312973,87.64925556871465,3.141233227006587,-175.172450186968,91,0,0
1180,25,530.9282577015553,1500,530.9282577015553,87.71343461975869,3.1803935501401,-175.2685481619781,91,0,0
1180,30,478.5568638941162,1500,478.5568638941162,87.79014899718024,3.184646515721949,-175.3859080825691,63,0,0
1180,40,399.7850039807481,1500,399.7850039807481,87.98122094812994,3.193149515171215,-175.6843871378617,63,0,0
1180,50,343.3785170107108,1500,343.3785170107108,88.2225554297751,3.201647584242791,-176.0678226192456,63,0,0
1205,0,597.5019113511279,1500,597.5019113511279,100.0356124538466,3.12421207938373,-200.0007646969921,175,0,0
1205,1,597.5021560434335,1500,597.5021560434335,100.0359562251762,3.125045411940421,-200.0012540816072,175,0,0
1205,2,597.5028174015517,1500,597.5028174015517,100.0369003032811,3.125878743238713,-200.0025767978559,175,0,0
1205,5,597.5073014526624,1500,597.5073014526624,100.0433344890156,3.12837871800938,-200.0115449001678,175,0,0
1205,10,597.5231078881266,1500,597.5231078881266,100.0660661125042,3.132545209442288,-200.0431577714232,175,0,0
1205,15,597.5493298343606,1500,597.5493298343606,100.1038124280194,3.136711409045266,-200.0956016644386,175,0,0
1205,20,597.5859659259818,1500,597.5859659259818,100.1562564375454,3.140877172241909,-200.1688738484484,91,0,0
1205,25,548.453242755622,1500,548.453242755622,100.2215291839485,3.179948939586565,-200.2629705089525,91,0,0
1205,30,494.8126539683315,1500,494.8126539683315,100.2993380114002,3.184113396634834,-200.377886748709,63,0,0
1205,40,413.9405701354088,1500,413.9405701354088,100.4926014595632,3.192439558287683,-200.6701529712232,63,0,0
1205,50,355.8877974273843,1500,355.8877974273843,100.7361314598683,3.200761090878554,-201.045611738615,63,0,0
1230,0,610.0019111882174,1500,610.0019111882174,112.5402454037344,3.124210595337436,-225.0007646322415,175,0,0
1230,1,610.0021508868078,1500,610.0021508868078,112.540595436826,3.125026921127635,-225.0012440294258,175,0,0
1230,2,610.0027987478554,1500,610.0027987478554,112.5415582991618,3.125843245734917,-225.0025397515326,175,0,0
1230,5,610.0071912887091,1500,610.0071912887091,112.5481239746645,3.128292201579685,-225.011324833325,175,0,0
1230,10,610.0226751579255,1500,610.0226751579255,112.5713252352111,3.132373669458025,-225.0422925720648,175,0,0
1230,15,610.0483620220782,1500,610.0483620220782,112.6098543950985,3.136454863009651,-225.093666300884,175,0,0
1230,20,610.084250597669,1500,610.084250597669,112.6633539344312,3.140535646326584,-225.1654434527868,91,0,0
1230,25,566.1185454067265,1500,566.1185454067265,112.7297204364635,3.1795224686227,-225.2576204419975,91,0,0
1230,30,511.2166518342569,1500,511.2166518342569,112.8086237810171,3.183602024101289,-225.3701926648566,63,0,0
1230,40,428.2500525769061,1500,428.2500525769061,113.0040788810669,3.191758547565367,-225.6564993146128,63,0,0
1230,50,368.5495618987648,1500,368.5495618987648,113.2498045823178,3.199910719230605,-226.02430626509,63,0,0
1255,0,622.5019110318442,1500,622.5019110318442,125.0449744630146,3.124209170652956,-250.0007645700812,175,0,0
1255,1,622.5021459364676,1500,622.5021459364676,125.0453307582874,3.125009169946338,-250.0012343793312,175,0,0
1255,2,622.5027808403256,1500,622.5027808403256,125.0463124061564,3.125809168126368,-250.0025041870581,175,0,0
1255,5,622.5070855312764,1500,622.5070855312764,125.0530095806324,3.128209145746564,-250.011113569039,175,0,0
1255,10,622.5222597360796,1500,622.5222597360796,125.0766805112469,3.132208990612899,-250.0414619789342,175,0,0
1255,15,622.5474329179671,1500,622.5474329179671,125.1159925706222,3.136208577283558,-250.0918083431925,175,0,0
1255,20,622.5826038689062,1500,622.5826038689062,125.1705477036466,3.140207777839699,-250.162150245749,91,0,0
1255,25,583.9202494486689,1500,583.9202494486689,125.2380080230205,3.179113049476461,-250.2524843116275,91,0,0
1255,30,527.76511952544,1500,527.76511952544,125.3180059533623,3.183111094367924,-250.3628062077496,63,0,0
1255,40,442.7101964329495,1500,442.7101964329495,125.51565286371,3.191104748689663,-250.6433913743606,63,0,0
1255,50,381.3610342833926,1500,381.3610342833926,125.7635744525975,3.199094306775218,-251.0038519640959,63,0,0
1280,0,635.0019108816227,1500,635.0019108816227,137.5497994037308,3.124207801838423,-275.0007645103583,175,0,0
1280,1,635.0021411802777,1500,635.0021411802777,137.5501619616216,3.124992114888866,-275.0012251076712,175,0,0
1280,2,635.0027636350695,1500,635.0027636350695,137.5511623963617,3.125776426890172,-275.0024700172651,175,0,0
1280,5,635.0069839211601,1500,635.0069839211601,137.5579910792312,3.128129346950089,-275.0109105895212,175,0,0
1280,10,635.0218606045156,1500,635.0218606045156,137.5821317136436,3.132050769345449,-275.0406639565037,175,0,0
1280,15,635.0465402454048,1500,635.0465402454048,137.6222267287945,3.135971948435866,-275.0900232387373,175,0,0
1280,20,635.0810217054594,1500,635.0810217054594,137.6778375206546,3.139892763677594,-275.158986159485,91,0,0
1280,25,601.8545830649261,1500,601.8545830649261,137.7463917201768,3.178719679633886,-275.2475495383662,91,0,0
1280,30,544.4544437284435,1500,544.4544437284435,137.827484306186,3.182639405837643,-275.3557092920898,63,0,0
1280,40,457.3178379634255,1500,457.3178379634255,138.0273231879227,3.190476563137308,-275.6307970822018,63,0,0
1280,50,394.3195054237019,1500,394.3195054237019,138.2774408542027,3.198309860144445,-275.9841988462149,63,0,0
1305,0,647.5019107371968,1500,647.5019107371968,150.0547200748679,3.124206485670572,-300.0007644529326,175,0,0
1305,1,647.5021366070358,1500,647.5021366070358,150.0550888958271,3.124975715794291,-300.0012161926131,175,0,0
1305,2,647.5027470915701,1500,647.5027470915701,150.0561081188065,3.125744944928243,-300.0024371616917,175,0,0
1305,5,647.506886219095,1500,647.506886219095,150.0630683196808,3.128052617288362,-300.010715416812,175,0,0
1305,10,647.5214768234673,1500,647.5214768234673,150.0876786922711,3.131898633134144,-300.0398966258124,175,0,0
1305,15,647.5456819028633,1500,647.5456819028633,150.1285567205508,3.135744419442362,-300.0883067850332,175,0,0
1305,20,647.5795003833235,1500,647.5795003833235,150.1852232375044,3.139589862488197,-300.1559437465555,91,0,0
1305,25,619.9179122349062,1500,619.9179122349062,150.2548713808939,3.178341433647621,-300.2428045099186,91,0,0
1305,30,561.2811306296637,1500,561.2811306296637,150.3370586934223,3.182185849257996,-300.3488852227852,63,0,0
1305,40,472.0699013930865,1500,472.0699013930865,150.5390897097634,3.189872515145634,-300.6186868336099,63,0,0
1305,50,407.422331137867,1500,407.422331137867,150.7914036455547,3.197555538911893,-300.9653007599502,63,0,0
1330,0,660.0019105982375,1500,660.0019105982375,162.5597363727794,3.124205219169403,-325.0007643976739,175,0,0
1330,1,660.0021322063853,1500,660.0021322063853,162.5601114572697,3.124959935532692,-325.0012076139722,175,0,0
1330,2,660.0027311723687,1500,660.0027311723687,162.5611494698841,3.125714650961189,-325.002405545948,175,0,0
1330,5,660.006792203873,1500,660.006792203873,162.5682411985515,3.12797878304039,-325.010527609023,175,0,0
1330,10,660.0211075240891,1500,660.0211075240891,162.5933213443104,3.131752237569446,-325.0391582496964,175,0,0
1330,15,660.0448559473931,1500,660.0448559473931,162.6349824440777,3.135525475308925,-325.0866550967094,175,0,0
1330,20,660.0780364594665,1500,660.0780364594665,162.6927047534163,3.139298388848215,-325.1530161214241,91,0,0
1330,25,638.1067344982681,1500,638.1067344982681,162.7634469052014,3.177977455871968,-325.2382384899815,91,0,0
1330,30,578.2418010157052,1500,578.2418010157052,162.8467290159491,3.181749399018862,-325.3423185639065,63,0,0
1330,40,486.9633958754291,1500,486.9633958754291,163.0509523319249,3.189291240153652,-325.6070332557063,63,0,0
1330,50,420.6669302834415,1500,420.6669302834415,163.3054627313156,3.196829641207581,-325.9471150304746,63,0,0
1355,0,672.50191046444,1500,672.50191046444,175.0648482242912,3.124203999575658,-350.0007643444617,175,0,0
1355,1,672.5021279687371,1500,672.5021279687371,175.0652295727851,3.124944739724511,-350.0011993530582,175,0,0
1355,2,672.5027158427813,1500,672.5027158427813,175.066286376456,3.125685478989549,-350.0023751011549,175,0,0
1355,5,672.506701670672,1500,672.506701670672,175.0735096428736,3.127907683353079,-350.0103467569991,175,0,0
1355,10,672.5207519018893,1500,672.5207519018893,175.0990595973792,3.131611263751154,-350.0384472196615,175,0,0
1355,15,672.5440605799441,1500,672.5440605799441,175.1415038279623,3.135314639180873,-350.0850645761534,175,0,0
1355,20,672.5766267458225,1500,672.5766267458225,175.2002819979632,3.13901770808696,-350.150196908447,91,0,0
1355,25,656.4176730548201,1500,656.4176730548201,175.272118223422,3.177626954004456,-350.2338415371762,91,0,0
1355,30,595.3331856128558,1500,595.3331856128558,175.3564952048653,3.181329105415866,-350.3359950221879,63,0,0
1355,40,501.9954125814415,1500,501.9954125814415,175.5629109871371,3.188731474524652,-350.5958110009099,63,0,0
1355,50,434.0507828898547,1500,434.0507828898547,175.8196180459535,3.196130590925689,-350.9296021384125,63,0,0
1380,0,685.0019103355222,1500,685.0019103355222,187.5700555765615,3.124202824330752,-375.0007642931846,175,0,0
1380,1,685.0021238851991,1500,685.0021238851991,187.5704431895411,3.124930096490515,-375.0011913925407,175,0,0
1380,2,685.0027010706463,1500,685.0027010706463,187.5715187857144,3.125657367813799,-375.0023457634429,175,0,0
1380,5,685.0066144295652,1500,685.0066144295652,187.5788736000027,3.127839169071456,-375.0101724813396,175,0,0
1380,10,685.0204092108811,1500,685.0204092108811,187.6048933994054,3.131475415969633,-375.0377620441868,175,0,0
1380,15,685.0432941322853,1500,685.0432941322853,187.6481208210806,3.135111468876621,-375.0835318873569,175,0,0
1380,20,685.0752682861206,1500,685.0752682861206,187.7079549209778,3.138747231674536,-375.1474801955351,91,0,0
1380,25,674.8474711791258,1500,674.8474711791258,187.7808852861008,3.177289193331394,-375.2296044328202,91,0,0
1380,30,612.5521206521707,1500,612.5521206521707,187.8663572114471,3.180924087756787,-375.3299013432279,63,0,0
1380,40,517.1631219073153,1500,517.1631219073153,188.0749656281952,3.18819204638763,-375.5849965630684,63,0,0
1380,50,447.5714283568893,1500,447.5714283568893,188.3338695438588,3.195456926323263,-375.9127254335795,63,0,0
1405,0,697.5019102112219,1500,697.5019102112219,200.0753583907437,3.124201691058855,-400.0007642437388,175,0,0
1405,1,697.502119947515,1500,697.502119947515,200.0757522687003,3.124915976228555,-400.001183716327,175,0,0
1405,2,697.5026868260996,1500,697.5026868260996,200.0768466588457,3.125630260605794,-400.0023174735038,175,0,0
1405,5,697.5065303041923,1500,697.5065303041923,200.0843330312854,3.127773101694228,-400.0100044297451,175,0,0
1405,10,697.5200787583585,1500,697.5200787583585,200.110822712299,3.131344419635458,-400.0371013382812,175,0,0
1405,15,697.5425550553273,1500,697.5425550553273,200.1548333862766,3.134915553792621,-400.0820539325609,175,0,0
1405,20,697.5739583351955,1500,697.5739583351955,200.2157234862416,3.138486413103912,-400.1448604927778,91,0,0
1405,25,693.3929869303946,1500,693.3929869303946,200.289748057708,3.176963491589469,-400.2255186164341,91,0,0
1405,30,629.8955436475171,1500,629.8955436475171,200.3763150008672,3.180533528205729,-400.3240252188004,63,0,0
1405,40,532.4637707954365,1500,532.4637707954365,200.5871162217196,3.18767186745799,-400.5745681132539,63,0,0
1405,50,461.2264637164717,1500,461.2264637164717,200.848217193156,3.194807289836614,-400.8964508793188,63,0,0
1430,0,710.0019100912951,1500,710.0019100912951,212.5807566378879,3.124200597550864,-425.0007641960278,175,0,0
1430,1,710.0021161480073,1500,710.0021161480073,212.5811567813209,3.124902351413826,-425.0011763094542,175,0,0
1430,2,710.0026730813727,1500,710.0026730813727,212.5822699669311,3.125604104525308,-425.002290176192,175,0,0
1430,5,710.0064491305687,1500,710.0064491305687,212.5898879079605,3.127709352439269,-425.0098422746369,175,0,0
1430,10,710.0197599002236,1500,710.0197599002236,212.6168475078554,3.13121801942696,-425.0364638141396,175,0,0
1430,15,710.0418419086728,1500,710.0418419086728,212.6616414962708,3.13472651213401,-425.0806278313621,175,0,0
1430,20,710.0726943404756,1500,710.0726943404756,212.7235876674005,3.138234744206236,-425.1423326954227,91,0,0
1430,25,710.1123160564866,1500,710.1123160564866,212.7987065125629,3.17664921436783,-425.2215761280324,91,0,0
1430,30,647.3604893747528,1500,647.3604893747528,212.886368548129,3.180156666274553,-425.3183552039154,63,0,0
1430,40,547.8946801633804,1500,547.8946801633804,213.0993627441131,3.187169925717556,-425.5645053528228,63,0,0
1430,50,475.013541955159,1500,475.013541955159,213.3626609716925,3.194180418966419,-425.8807468236894,63,0,0
1455,0,722.5019099755153,1500,722.5019099755153,225.0862502962049,3.124199541750024,-450.0007641499624,175,0,0
1455,1,722.5021124795285,1500,722.5021124795285,225.0866567056224,3.124889196419779,-450.0011691579903,175,0,0
1455,2,722.5026598106125,1500,722.5026598106125,225.0877886882132,3.125578850376255,-450.0022638201649,175,0,0
1455,5,722.5063707560194,1500,722.5063707560194,225.0955382084267,3.127647801405788,-450.0096857110289,175,0,0
1455,10,722.5194520367962,1500,722.5194520367962,225.1229677650263,3.131095977629378,-450.0358482727654,175,0,0
1455,15,722.5411533512486,1500,722.5411533512486,225.1685451309328,3.134543988431671,-450.0792509019775,175,0,0
1455,20,722.5714739253847,1500,722.5714739253847,225.2315474452413,3.137991751847149,-450.1398920506813,175,0,0
1455,25,722.6104126779562,1500,722.6104126779562,225.3077606321153,3.141439185945574,-450.2177695563807,91,0,0
1455,30,664.9440860409396,1500,664.9440860409396,225.3965178353531,3.179792793883557,-450.3128806424515,91,0,0
1455,40,563.4532424358204,1500,563.4532424358204,225.6117051788646,3.18668527885039,-450.5547893816522,63,0,0
1455,50,488.9303703948843,1500,488.9303703948843,225.8772008643614,3.193575138102959,-450.8655837942717,63,0,0
1480,0,735.0019098636709,1500,735.0019098636709,237.5918393491982,3.124198521739024,-475.0007641054581,175,0,0
1480,1,735.0021089354155,1500,735.0021089354155,237.5922520251158,3.124876487357256,-475.001162248949,175,0,0
1480,2,735.0026469897182,1500,735.0026469897182,237.5934028062252,3.125554452297866,-475.0022383575606,175,0,0
1480,5,735.0062950382196,1500,735.0062950382196,237.6012839163725,3.127588336821689,-475.0095344546105,175,0,0
1480,10,735.01915460905,1500,735.01915460905,237.6291834680495,3.130978072642896,-475.035253596445,175,0,0
1480,15,735.0404881328891,1500,735.0404881328891,237.6755442754158,3.134367651311722,-475.0779206444151,175,0,0
1480,20,735.070294874432,1500,735.070294874432,237.7396028058279,3.137756994958915,-475.1375341279108,175,0,0
1480,25,735.1085738064691,1500,735.1085738064691,237.8169104030844,3.141146025747612,-475.214091992513,91,0,0
1480,30,682.6435516332014,1500,682.6435516332014,237.9067628499213,3.179441250923955,-475.3075916003472,91,0,0
1480,40,579.1369191746095,1500,579.1369191746095,238.1241435147022,3.186217048344941,-475.545402579758,63,0,0
1480,50,502.9747091296265,1500,502.9747091296265,238.3918368612669,3.192990351180342,-475.8509343137957,63,0,0
