r_m,T_C,C_kg_kg
0,49.849495598030103,1.766177105618028
1.2500000000000001e-05,49.849495633426059,1.7661767938864947
2.5000000000000001e-05,49.84949573961395,1.7661758586919829
3.7500000000000003e-05,49.849495916594059,1.7661743000348293
5.0000000000000002e-05,49.849496164366911,1.7661721179155911
6.2500000000000001e-05,49.849496482933091,1.7661693123350457
7.5000000000000007e-05,49.849496872293344,1.766165883294192
8.7499999999999999e-05,49.849497332448756,1.7661618307942524
0.0001,49.849497863400444,1.766157154836669
0.00011250000000000001,49.849498465149736,1.7661518554231088
0.000125,49.849499137698118,1.7661459325554587
0.00013750000000000001,49.849499881047358,1.7661393862358283
0.00015000000000000001,49.849500695199417,1.7661322164665503
0.00016250000000000002,49.849501580156222,1.7661244232501778
0.000175,49.849502535920109,1.7661160065894868
0.0001875,49.849503562493439,1.7661069664874756
0.00020000000000000001,49.849504659878889,1.7660973029473641
0.00021250000000000002,49.849505828079089,1.7660870159725937
0.00022500000000000002,49.849507067097186,1.7660761055668284
0.0002375,49.849508376936278,1.7660645717339545
0.00025000000000000001,49.849509757599648,1.7660524144780789
0.00026250000000000004,49.849511209090757,1.7660396338035336
0.00027500000000000002,49.84951273141332,1.7660262297148688
0.0002875,49.849514324571238,1.7660122022168581
0.00030000000000000003,49.849515988568434,1.765997551314499
0.00031250000000000001,49.849517723409285,1.7659822770130069
0.00032500000000000004,49.84951952909806,1.7659663793178224
0.00033750000000000002,49.849521405639358,1.7659498582346069
0.00035,49.849523353037959,1.7659327137692435
0.00036250000000000003,49.849525371298739,1.7659149459278374
0.00037500000000000001,49.849527460426863,1.765896554716714
0.00038750000000000004,49.849529620427631,1.7658775401424232
0.00040000000000000002,49.849531851306459,1.7658579022117364
0.0004125,49.849534153069015,1.765837640931645
0.00042500000000000003,49.84953652572117,1.7658167563093621
0.00043750000000000001,49.849538969268842,1.7657952483523245
0.00045000000000000004,49.849541483718269,1.7657731170681885
0.00046250000000000002,49.849544069075819,1.7657503624648347
0.000475,49.849546725348027,1.7657269845503625
0.00048750000000000003,49.84954945254151,1.7657029833330937
0.00050000000000000001,49.849552250663336,1.7656783588215734
0.00051250000000000004,49.849555119720527,1.7656531110245668
0.00052500000000000008,49.849558059720252,1.7656272399510609
0.0005375,49.849561070670035,1.7656007456102638
0.00055000000000000003,49.849564152577365,1.7655736280116063
0.00056250000000000007,49.849567305450229,1.7655458871647387
0.00057499999999999999,49.849570529296457,1.7655175230795344
0.00058750000000000002,49.849573824124214,1.7654885357660877
0.00060000000000000006,49.849577189941748,1.7654589252347137
0.00061249999999999998,49.849580626757678,1.7654286914959512
0.00062500000000000001,49.849584134580532,1.7653978345605563
0.00063750000000000005,49.849587713419304,1.7653663544395093
0.00065000000000000008,49.849591363283011,1.7653342511440113
0.0006625,49.849595084180798,1.7653015246854835
0.00067500000000000004,49.849598876122073,1.7652681750755705
0.00068750000000000007,49.849602739116378,1.7652342023261351
0.00069999999999999999,49.849606673173533,1.7651996064492628
0.00071250000000000003,49.849610678303371,1.76516438745726
0.00072500000000000006,49.849614754516033,1.7651285453626548
0.00073749999999999998,49.849618901821728,1.7650920801781949
0.00075000000000000002,49.84962312023098,1.7650549919168499
0.00076250000000000005,49.849627409754319,1.7650172805918105
0.00077500000000000008,49.849631770402652,1.7649789462164867
0.00078750000000000001,49.849636202186886,1.7649399888045112
0.00080000000000000004,49.849640705118141,1.7649004083697357
0.00081250000000000007,49.84964527920787,1.7648602049262347
0.000825,49.849649924467428,1.7648193784883022
0.00083750000000000003,49.849654640908632,1.7647779290704517
0.00085000000000000006,49.849659428543227,1.7647358566874205
0.00086250000000000009,49.849664287383277,1.764693161354163
0.00087500000000000002,49.849669217441019,1.7646498430858555
0.00088750000000000005,49.849674218728786,1.7646059018978946
0.00090000000000000008,49.849679291259179,1.7645613378058986
0.00091250000000000001,49.849684435044978,1.7645161508257043
0.00092500000000000004,49.849689650098931,1.7644703409733704
0.00093750000000000007,49.84969493643429,1.7644239082651747
0.00095,49.849700294064249,1.7643768527176151
0.00096250000000000003,49.849705723002252,1.764329174347411
0.00097500000000000006,49.849711223261899,1.7642808731715005
0.0009875000000000001,49.849716794856896,1.7642319492070415
0.001,49.849722437801361,1.7641824024714137
0.0010124999999999999,49.849728152109243,1.7641322329822153
0.0010250000000000001,49.849733937794973,1.7640814407572649
0.0010375,49.849739794872953,1.7640300258146013
0.0010500000000000002,49.849745723357827,1.7639779881724822
0.0010625000000000001,49.849751723264546,1.7639253278493858
0.001075,49.849757794608003,1.7638720448640091
0.0010875000000000001,49.849763937403381,1.7638181392352703
0.0011000000000000001,49.849770151666043,1.7637636109823052
0.0011125,49.84977643741157,1.7637084601244708
0.0011250000000000001,49.849782794655496,1.763652686681342
0.0011375000000000001,49.849789223413858,1.7635962906727152
0.00115,49.849795723702556,1.7635392721186021
0.0011625000000000001,49.84980229553787,1.7634816310392378
0.001175,49.849808938936185,1.7634233674550757
0.0011875,49.849815653914021,1.7633644813867873
0.0012000000000000001,49.849822440488154,1.7633049728552632
0.0012125,49.849829298675445,1.763244841881614
0.001225,49.849836228492912,1.7631840884871681
0.0012375000000000001,49.849843229957791,1.763122712693473
0.00125,49.849850303087607,1.7630607145222954
0.0012625000000000002,49.849857447899907,1.7629980939956198
0.0012750000000000001,49.849864664412422,1.7629348511356513
0.0012875,49.849871952643028,1.7628709859648124
0.0013000000000000002,49.849879312609907,1.7628064985057428
0.0013125000000000001,49.849886744331386,1.7627413887813039
0.001325,49.849894247825617,1.7626756568145721
0.0013375000000000001,49.849901823111509,1.7626093026288434
0.0013500000000000001,49.84990947020772,1.7625423262476325
0.0013625,49.849917189133166,1.7624747276946726
0.0013750000000000001,49.849924979906952,1.7624065069939134
0.0013875000000000001,49.849932842548462,1.7623376641695232
0.0014,49.84994077707708,1.7622681992458897
0.0014125000000000001,49.849948783512446,1.7621981122476165
0.0014250000000000001,49.849956861874318,1.7621274031995262
0.0014375,49.849965012182722,1.7620560721266594
0.0014500000000000001,49.849973234457707,1.761984119054272
0.0014625,49.849981528719596,1.7619115440078406
0.001475,49.849989894988866,1.7618383470130567
0.0014875000000000001,49.849998333286138,1.761764528095831
0.0015,49.850006843632215,1.7616900872822896
0.0015125000000000002,49.85001542604811,1.7616150245987778
0.0015250000000000001,49.85002408055486,1.7615393400718573
0.0015375,49.850032807173832,1.7614630337283053
0.0015500000000000002,49.850041605926499,1.7613861055951192
0.0015625000000000001,49.850050476834468,1.7613085556995107
0.001575,49.850059419919567,1.7612303840689092
0.0015875000000000002,49.850068435203696,1.7611515907309607
0.0016000000000000001,49.850077522709107,1.7610721757135284
0.0016125,49.850086682458013,1.7609921390446905
0.0016250000000000001,49.850095914472924,1.7609114807527431
0.0016375000000000001,49.850105218776356,1.7608302008661973
0.00165,49.850114595391233,1.7607482994137826
0.0016625000000000001,49.850124044340454,1.7606657764244436
0.0016750000000000001,49.850133565647155,1.7605826319273397
0.0016875,49.850143159334699,1.7604988659518481
0.0017000000000000001,49.850152825426356,1.7604144785275624
0.0017125,49.850162563945908,1.7603294696842895
0.0017250000000000002,49.850172374917065,1.7602438394520539
0.0017375000000000001,49.850182258363766,1.7601575878610942
0.00175,49.850192214310177,1.7600707149418664
0.0017625000000000002,49.850202242780504,1.7599832207250419
0.0017750000000000001,49.850212343799221,1.7598951052415059
0.0017875,49.85022251739084,1.7598063685223602
0.0018000000000000002,49.850232763580216,1.7597170105989202
0.0018125000000000001,49.850243082392183,1.7596270315027185
0.001825,49.850253473851858,1.7595364312655002
0.0018375000000000002,49.850263937984543,1.759445209919227
0.0018500000000000001,49.850274474815507,1.7593533674960746
0.0018625,49.850285084370448,1.7592609040284342
0.0018750000000000001,49.850295766675025,1.7591678195489098
0.0018875000000000001,49.850306521755037,1.7590741140903228
0.0019,49.850317349636704,1.7589797876857054
0.0019125000000000001,49.850328250346088,1.7588848403683073
0.0019250000000000001,49.850339223909629,1.7587892721715892
0.0019375,49.850350270353893,1.7586930831292282
0.0019500000000000001,49.85036138970554,1.7585962732751146
0.0019625000000000003,49.850372581991216,1.7584988426433517
0.0019750000000000002,49.850383847238156,1.758400791268258
0.0019875000000000001,49.850395185473459,1.7583021191843644
0.002,49.850406596724419,1.7582028264264156
0.0020125,49.850418081018496,1.7581029130293699
0.0020249999999999999,49.85042963838336,1.7580023790283992
0.0020375000000000002,49.850441268846744,1.7579012244588876
0.0020500000000000002,49.850452972436642,1.7577994493564333
0.0020625000000000001,49.850464749181214,1.7576970537568462
0.002075,49.850476599108667,1.7575940376961492
0.0020874999999999999,49.850488522247367,1.7574904012105796
0.0021000000000000003,49.85050051862595,1.757386144336585
0.0021125000000000002,49.850512588273155,1.7572812671108271
0.0021250000000000002,49.850524731217789,1.7571757695701782
0.0021375000000000001,49.850536947488969,1.757069651751725
0.00215,49.850549237115771,1.7569629136927651
0.0021624999999999999,49.850561600127612,1.7568555554308078
0.0021750000000000003,49.850574036554065,1.756747577003575
0.0021875000000000002,49.85058654642468,1.756638978449
0.0022000000000000001,49.850599129769357,1.7565297598052272
0.0022125000000000001,49.850611786617939,1.7564199211106144
0.002225,49.850624517000547,1.756309462403729
0.0022374999999999999,49.85063732094757,1.7561983837233495
0.0022500000000000003,49.850650198489326,1.7560866851084671
0.0022625000000000002,49.850663149656469,1.7559743665982828
0.0022750000000000001,49.850676174479766,1.7558614282322083
0.0022875,49.850689272989882,1.7557478700498672
0.0023,49.850702445217998,1.7556336920910924
0.0023125000000000003,49.850715691195226,1.755518894395929
0.0023250000000000002,49.850729010952882,1.7554034770046316
0.0023375000000000002,49.850742404522535,1.7552874399576635
0.0023500000000000001,49.850755871935746,1.7551707832957006
0.0023625,49.850769413224285,1.7550535070596271
0.0023749999999999999,49.850783028420111,1.7549356112905388
0.0023875000000000003,49.850796717555255,1.7548170960297393
0.0024000000000000002,49.850810480661956,1.754697961318743
0.0024125000000000001,49.850824317772556,1.7545782071992735
0.0024250000000000001,49.85083822891972,1.7544578337132632
0.0024375,49.850852214135941,1.7543368409028541
0.0024499999999999999,49.85086627345413,1.754215228810398
0.0024625000000000003,49.850880406907152,1.7540929974784538
0.0024750000000000002,49.850894614528215,1.7539701469497908
0.0024875000000000001,49.850908896350504,1.7538466772673869
0.0025000000000000001,49.850923252407462,1.7537225884744272
0.0025125,49.850937682732635,1.753597880614306
0.0025250000000000003,49.850952187359638,1.753472553730627
0.0025375000000000003,49.850966766322365,1.7533466078672002
0.0025500000000000002,49.850981419654794,1.7532200430680436
0.0025625000000000001,49.850996147391086,1.753092859377384
0.002575,49.851010949565413,1.7529650568396564
0.0025875,49.851025826212329,1.7528366354995009
0.0026000000000000003,49.851040777366244,1.7527075954017675
0.0026125000000000002,49.851055803061925,1.7525779365915117
0.0026250000000000002,49.851070903334183,1.7524476591139968
0.0026375000000000001,49.851086078217961,1.7523167630146932
0.00265,49.851101327748452,1.7521852483392781
0.0026624999999999999,49.851116651960908,1.7520531151336338
0.0026750000000000003,49.851132050890712,1.7519203634438516
0.0026875000000000002,49.851147524573406,1.7517869933162278
0.0027000000000000001,49.851163073044695,1.7516530047972643
0.0027125000000000001,49.851178696340391,1.7515183979336706
0.002725,49.851194394496495,1.7513831727723612
0.0027374999999999999,49.851210167549091,1.7512473293604562
0.0027500000000000003,49.851226015534422,1.7511108677452814
0.0027625000000000002,49.851241938488805,1.7509737879743676
0.0027750000000000001,49.851257936448825,1.7508360900954529
0.0027875,49.851274009451089,1.7506977741564771
0.0028,49.851290157532446,1.7505588402055878
0.0028125000000000003,49.851306380729831,1.7504192882911367
0.0028250000000000003,49.851322679080305,1.7502791184616782
0.0028375000000000002,49.851339052621057,1.7501383307659748
0.0028500000000000001,49.851355501389406,1.7499969252529906
0.0028625,49.851372025422911,1.7498549019718947
0.002875,49.851388624759004,1.7497122609720603
0.0028875000000000003,49.851405299435562,1.7495690023030646
0.0029000000000000002,49.851422049490481,1.7494251260146876
0.0029125000000000002,49.851438874961737,1.7492806321569139
0.0029250000000000001,49.851455775887487,1.7491355207799302
0.0029375,49.851472752305924,1.748989791934128
0.0029499999999999999,49.851489804255536,1.7488434456701003
0.0029625000000000003,49.851506931774885,1.7486964820386441
0.0029750000000000002,49.851524134902597,1.748548901090758
0.0029875000000000001,49.851541413677552,1.748400702877644
0.0030000000000000001,49.851558768138645,1.7482518874507063
0.0030125,49.851576198324871,1.7481024548615511
0.0030250000000000003,49.85159370427553,1.7479524051619872
0.0030375000000000003,49.8516112860299,1.7478017384040239
0.0030500000000000002,49.851628943627432,1.7476504546398737
0.0030625000000000001,49.851646677107759,1.7474985539219501
0.003075,49.851664486510565,1.7473460363028663
0.0030875,49.851682371875711,1.7471929018354395
0.0031000000000000003,49.851700333243151,1.7470391505726854
0.0031125000000000002,49.851718370652947,1.7468847825678231
0.0031250000000000002,49.851736484145405,1.7467297978742693
0.0031375000000000001,49.85175467376083,1.7465741965456425
0.00315,49.851772939539657,1.7464179786357628
0.0031624999999999999,49.851791281522587,1.7462611441986484
0.0031750000000000003,49.851809699750241,1.7461036932885197
0.0031875000000000002,49.851828194263526,1.745945625959793
0.0032000000000000002,49.851846765103431,1.7457869422670873
0.0032125000000000001,49.851865412310943,1.7456276422652213
0.003225,49.851884135927506,1.7454677260092106
0.0032375000000000004,49.851902935994367,1.7453071935542708
0.0032500000000000003,49.851921812552973,1.7451460449558169
0.0032625000000000002,49.851940765644898,1.7449842802694628
0.0032750000000000001,49.851959795311835,1.7448218995510194
0.0032875000000000001,49.851978901595693,1.7446589028564969
0.0033,49.851998084538394,1.7444952902421031
0.0033125000000000003,49.852017344182016,1.7443310617642438
0.0033250000000000003,49.852036680568737,1.7441662174795223
0.0033375000000000002,49.852056093740899,1.7440007574447405
0.0033500000000000001,49.852075583740934,1.7438346817168957
0.0033625,49.852095150611419,1.7436679903531849
0.003375,49.852114794394971,1.7435006834110003
0.0033875000000000003,49.852134515134402,1.7433327609479301
0.0034000000000000002,49.852154312872656,1.7431642230217617
0.0034125000000000002,49.852174187652679,1.7429950696904755
0.0034250000000000001,49.852194139517671,1.7428253010122507
0.0034375,49.852214168510834,1.7426549170454617
0.0034500000000000004,49.85223427467556,1.7424839178486784
0.0034625000000000003,49.852254458055405,1.7423123034806658
0.0034750000000000002,49.85227471869387,1.7421400740003858
0.0034875000000000001,49.852295056634716,1.7419672294669948
0.0035000000000000001,49.85231547192177,1.7417937699398431
0.0035125,49.852335964598957,1.7416196954784771
0.0035250000000000004,49.852356534710331,1.741445006142637
0.0035375000000000003,49.852377182300167,1.7412697019922581
0.0035500000000000002,49.85239790741258,1.7410937830874689
0.0035625000000000001,49.85241871009201,1.7409172494885929
0.0035750000000000001,49.852439590382971,1.7407401012561474
0.0035875,49.852460548330171,1.7405623384508411
0.0036000000000000003,49.852481583978097,1.7403839611335794
0.0036125000000000003,49.852502697371811,1.7402049693654582
0.0036250000000000002,49.852523888556142,1.7400253632077671
0.0036375000000000001,49.852545157575982,1.7398451427219888
0.00365,49.852566504476769,1.7396643079697989
0.0036625000000000004,49.852587929303674,1.739482859013064
0.0036750000000000003,49.852609432102,1.7393007959138433
0.0036875000000000002,49.852631012917215,1.7391181187343894
0.0037000000000000002,49.852652671795063,1.7389348275371446
0.0037125000000000001,49.852674408781056,1.738750922384743
0.003725,49.85269622392105,1.7385664033400101
0.0037375000000000004,49.852718117260856,1.7383812704659636
0.0037500000000000003,49.852740088846566,1.7381955238258107
0.0037625000000000002,49.85276213872428,1.7380091634829498
0.0037750000000000001,49.85278426694012,1.737822189500968
0.0037875000000000001,49.852806473540412,1.7376346019436446
0.0038,49.852828758571697,1.7374464008749491
0.0038125000000000004,49.852851122080388,1.7372575863590389
0.0038250000000000003,49.852873564113089,1.7370681584602621
0.0038375000000000002,49.852896084716527,1.736878117243156
0.0038500000000000001,49.852918683937482,1.7366874627724462
0.0038625,49.852941361822936,1.7364961951130489
0.003875,49.85296411841982,1.7363043143300669
0.0038875000000000003,49.852986953775357,1.736111820488792
0.0039000000000000003,49.85300986793667,1.7359187136547054
0.0039125000000000002,49.853032860951004,1.7357249938934736
0.0039250000000000005,49.853055932865843,1.7355306612709536
0.0039375,49.853079083728716,1.7353357158531884
0.0039500000000000004,49.853102313587094,1.7351401577064092
0.0039624999999999999,49.853125622488868,1.7349439868970324
0.0039750000000000002,49.853149010481644,1.7347472034916629
0.0039875000000000006,49.853172477613406,1.7345498075570924
0.0040000000000000001,49.853196023932028,1.7343517991602975
0.0040125000000000004,49.853219649485574,1.7341531783684405
0.0040249999999999999,49.853243354322281,1.7339539452488724
0.0040375000000000003,49.853267138490317,1.7337540998691268
0.0040499999999999998,49.853291002038098,1.7335536422969249
0.0040625000000000001,49.853314945014041,1.7333525726001717
0.0040750000000000005,49.853338967466655,1.7331508908469573
0.0040875,49.853363069444519,1.7329485971055558
0.0041000000000000003,49.853387250996306,1.7327456914444279
0.0041124999999999998,49.853411512170972,1.7325421739322171
0.0041250000000000002,49.853435853017217,1.7323380446377514
0.0041375000000000006,49.853460273584155,1.7321333036300415
0.00415,49.853484773920698,1.7319279509782814
0.0041625000000000004,49.85350935407606,1.7317219867518499
0.0041749999999999999,49.853534014099537,1.7315154110203081
0.0041875000000000002,49.85355875404025,1.7313082238534001
0.0042000000000000006,49.853583573947731,1.7311004253210507
0.0042125000000000001,49.853608473871475,1.7308920154933689
0.0042250000000000005,49.853633453861022,1.7306829944406461
0.0042374999999999999,49.853658513966025,1.7304733622333544
0.0042500000000000003,49.853683654236306,1.7302631189421462
0.0042624999999999998,49.853708874721491,1.7300522646378582
0.0042750000000000002,49.853734175471573,1.7298407993915053
0.0042875000000000005,49.853759556536573,1.7296287232742842
0.0043,49.853785017966572,1.7294160363575726
0.0043125000000000004,49.853810559811606,1.7292027387129281
0.0043249999999999999,49.853836182121974,1.7289888304120882
0.0043375000000000002,49.853861884947868,1.7287743115269703
0.0043500000000000006,49.853887668339745,1.7285591821296713
0.0043625000000000001,49.853913532348045,1.7283434422924666
0.0043750000000000004,49.853939477023317,1.7281270920878113
0.0043874999999999999,49.853965502416195,1.7279101315883389
0.0044000000000000003,49.853991608577346,1.7276925608668614
0.0044125000000000006,49.85401779555751,1.7274743799963692
0.0044250000000000001,49.8540440634075,1.7272555890500312
0.0044375000000000005,49.854070412178302,1.7270361881011929
0.00445,49.854096841920828,1.7268161772233768
0.0044625000000000003,49.854123352686166,1.7265955564902848
0.0044749999999999998,49.854149944525432,1.7263743259757929
0.0044875000000000002,49.854176617489856,1.7261524857539554
0.0045000000000000005,49.854203371630732,1.7259300358990033
0.0045125,49.854230206999411,1.7257069764853412
0.0045250000000000004,49.854257123647329,1.7254833075875529
0.0045374999999999999,49.854284121625888,1.7252590292803951
0.0045500000000000002,49.854311200986736,1.7250341416388013
0.0045625000000000006,49.854338361781366,1.724808644737879
0.0045750000000000001,49.854365604061606,1.7245825386529108
0.0045875000000000004,49.854392927879175,1.7243558234593541
0.0045999999999999999,49.854420333285937,1.7241284992328396
0.0046125000000000003,49.854447820333753,1.7239005660491737
0.0046250000000000006,49.854475389074558,1.7236720239843348
0.0046375000000000001,49.854503039560463,1.7234428731144753
0.0046500000000000005,49.854530771843457,1.7232131135159192
0.0046625,49.854558585975795,1.722982745265166
0.0046750000000000003,49.854586482009573,1.722751768438886
0.0046874999999999998,49.854614459997215,1.722520183113921
0.0047000000000000002,49.854642519990982,1.7222879893672869
0.0047125000000000005,49.854670662043304,1.72205518727617
0.004725,49.854698886206606,1.7218217769179276
0.0047375000000000004,49.854727192533488,1.7215877583700894
0.0047499999999999999,49.854755581076454,1.7213531317103545
0.0047625000000000002,49.854784051888252,1.7211178970165939
0.0047750000000000006,49.854812605021607,1.7208820543668477
0.0047875000000000001,49.854841240529161,1.7206456038393267
0.0048000000000000004,49.85486995846378,1.7204085455124114
0.0048124999999999999,49.854898758878413,1.7201708794646513
0.0048250000000000003,49.854927641825896,1.7199326057747646
0.0048375000000000007,49.854956607359291,1.7196937245216397
0.0048500000000000001,49.854985655531664,1.7194542357843328
0.0048625000000000005,49.855014786396112,1.7192141396420677
0.004875,49.85504400000579,1.7189734361742368
0.0048875000000000004,49.855073296413863,1.7187321254604
0.0048999999999999998,49.855102675673592,1.7184902075802841
0.0049125000000000002,49.855132137838375,1.718247682613784
0.0049250000000000006,49.855161682961523,1.7180045506409605
0.0049375,49.855191311096405,1.7177608117420409
0.0049500000000000004,49.855221022296597,1.7175164659974196
0.0049624999999999999,49.855250816615587,1.7172715134876555
0.0049750000000000003,49.855280694106867,1.7170259542934734
0.0049875000000000006,49.855310654824152,1.7167797884957645
0.0050000000000000001,49.855340698821045,1.7165330161755832
0.0050125000000000005,49.855370826151308,1.7162856374141497
0.005025,49.855401036868635,1.7160376522928482
0.0050375000000000003,49.855431331026914,1.7157890608932274
0.0050500000000000007,49.855461708679968,1.7155398632969987
0.0050625000000000002,49.855492169881686,1.7152900595860381
0.0050750000000000005,49.855522714686046,1.7150396498423839
0.0050875,49.855553343146994,1.7147886341482377
0.0051000000000000004,49.855584055318552,1.7145370125859634
0.0051124999999999999,49.855614851254714,1.7142847852380871
0.0051250000000000002,49.855645731009709,1.7140319521872962
0.0051375000000000006,49.85567669463768,1.7137785135164405
0.0051500000000000001,49.855707742192813,1.7135244693085303
0.0051625000000000004,49.855738873729315,1.713269819646738
0.0051749999999999999,49.855770089301522,1.7130145646143955
0.0051875000000000003,49.855801388963719,1.7127587042949961
0.0052000000000000006,49.855832772770157,1.7125022387721918
0.0052125000000000001,49.855864240775325,1.7122451681297948
0.0052250000000000005,49.855895793033646,1.7119874924517759
0.0052375,49.855927429599518,1.7117292118222669
0.0052500000000000003,49.855959150527546,1.7114703263255562
0.0052625000000000007,49.855990955872144,1.711210836046092
0.0052750000000000002,49.856022845687932,1.7109507410684799
0.0052875000000000005,49.856054820029556,1.710690041477483
0.0053,49.856086878951601,1.7104287373580223
0.0053125000000000004,49.8561190225087,1.7101668287951759
0.0053249999999999999,49.856151250755637,1.709904315874178
0.0053375000000000002,49.856183563747045,1.7096411986804192
0.0053500000000000006,49.856215961537757,1.7093774772994481
0.0053625000000000001,49.856248444182555,1.7091131518169669
0.0053750000000000004,49.856281011736236,1.7088482223188344
0.0053874999999999999,49.85631366425369,1.7085826888910627
0.0054000000000000003,49.856346401789764,1.7083165516198215
0.0054125000000000006,49.856379224399326,1.7080498105914323
0.0054250000000000001,49.856412132137351,1.7077824658923721
0.0054375000000000005,49.856445125058791,1.7075145176092725
0.00545,49.856478203218558,1.707245965828917
0.0054625000000000003,49.856511366671818,1.7069768106382415
0.0054749999999999998,49.856544615473481,1.7067070521243364
0.0054875000000000002,49.85657794967868,1.7064366903744435
0.0055000000000000005,49.856611369342403,1.7061657254759577
0.0055125,49.856644874519745,1.705894157516425
0.0055250000000000004,49.856678465265958,1.7056219865835414
0.0055374999999999999,49.856712141636109,1.7053492127651562
0.0055500000000000002,49.856745903685287,1.7050758361492675
0.0055625000000000006,49.8567797514688,1.7048018568240253
0.0055750000000000001,49.856813685041793,1.7045272748777291
0.0055875000000000005,49.856847704459511,1.704252090398827
0.0055999999999999999,49.8568818097772,1.7039763034759181
0.0056125000000000003,49.856916001050081,1.7036999141977494
0.0056250000000000007,49.856950278333485,1.7034229226532165
0.0056375000000000001,49.856984641682708,1.7031453289313634
0.0056500000000000005,49.857019091153013,1.702867133121382
0.0056625,49.857053626799683,1.7025883353126119
0.0056750000000000004,49.85708824867806,1.7023089355945387
0.0056874999999999998,49.857122956843632,1.7020289340567976
0.0057000000000000002,49.857157751351608,1.7017483307891668
0.0057125000000000006,49.857192632257423,1.7014671258815732
0.0057250000000000001,49.857227599616436,1.701185319424088
0.0057375000000000004,49.857262653484035,1.7009029115069294
0.0057499999999999999,49.857297793915663,1.700619902220458
0.0057625000000000003,49.857333020966763,1.7003362916551819
0.0057750000000000006,49.857368334692758,1.7000520799017511
0.0057875000000000001,49.857403735149006,1.6997672670509607
0.0058000000000000005,49.857439222391022,1.6994818531937488
0.0058125,49.857474796474214,1.6991958384211985
0.0058250000000000003,49.857510457454026,1.6989092228245333
0.0058375000000000007,49.857546205385979,1.6986220064951205
0.0058500000000000002,49.857582040325504,1.6983341895244697
0.0058625000000000005,49.857617962328142,1.6980457720042308
0.005875,49.857653971449231,1.6977567540261971
0.0058875000000000004,49.857690067744329,1.6974671356823008
0.0058999999999999999,49.857726251268836,1.6971769170646152
0.0059125000000000002,49.857762522078339,1.6968860982653553
0.0059250000000000006,49.857798880228295,1.6965946793768738
0.0059375000000000001,49.857835325774239,1.6963026604916647
0.0059500000000000004,49.857871858771581,1.69601004170236
0.0059624999999999999,49.857908479275849,1.6957168231017308
0.0059750000000000003,49.857945187342473,1.695423004782687
0.0059875000000000006,49.857981983026953,1.6951285868382755
0.0060000000000000001,49.858018866384896,1.6948335693616801
0.0060125000000000005,49.858055837471625,1.6945379524462238
0.006025,49.858092896342598,1.6942417361853661
0.0060375000000000003,49.85813004305335,1.6939449206727011
0.0060500000000000007,49.858167277659369,1.69364750600196
0.0060625000000000002,49.85820460021602,1.69334949226701
0.0060750000000000005,49.858242010778866,1.6930508795618537
0.0060875,49.858279509403303,1.6927516679806276
0.0061000000000000004,49.858317096144766,1.6924518576176029
0.0061124999999999999,49.858354771058671,1.6921514485671851
0.0061250000000000002,49.858392534200483,1.6918504409239137
0.0061375000000000006,49.858430385625539,1.6915488347824608
0.0061500000000000001,49.858468325389317,1.6912466302376326
0.0061625000000000004,49.858506353547185,1.6909438273843647
0.0061749999999999999,49.858544470154484,1.6906404263177293
0.0061875000000000003,49.858582675266604,1.690336427132926
0.0062000000000000006,49.858620968938908,1.6900318299252886
0.0062125000000000001,49.858659351226727,1.6897266347902808
0.0062250000000000005,49.858697822185341,1.6894208418234968
0.0062375,49.858736381870173,1.6891144511206608
0.0062500000000000003,49.858775030336417,1.6888074627776266
0.0062625000000000007,49.858813767639354,1.6884998768903772
0.0062750000000000002,49.858852593834357,1.6881916935550254
0.0062875000000000006,49.858891508976605,1.6878829128678106
0.0063,49.858930513121315,1.6875735349251015
0.0063125000000000004,49.85896960632369,1.6872635598233943
0.0063249999999999999,49.859008788638931,1.6869529876593121
0.0063375000000000003,49.859048060122198,1.6866418185296066
0.0063500000000000006,49.859087420828715,1.6863300525311524
0.0063625000000000001,49.859126870813597,1.6860176897609525
0.0063750000000000005,49.859166410131955,1.6857047303161354
0.0063874999999999999,49.859206038838764,1.6853911742939538
0.0064000000000000003,49.859245756989196,1.6850770217917856
0.0064125000000000007,49.859285564638299,1.6847622729071328
0.0064250000000000002,49.859325461840982,1.6844469277376224
0.0064375000000000005,49.859365448652376,1.6841309863810039
0.00645,49.859405525127464,1.6838144489351485
0.0064625000000000004,49.859445691321064,1.6834973154980524
0.0064750000000000007,49.859485947288228,1.683179586167832
0.0064875000000000002,49.85952629308364,1.6828612610427274
0.0065000000000000006,49.85956672876231,1.6825423402210984
0.0065125000000000001,49.859607254378993,1.682222823801427
0.0065250000000000004,49.859647869988621,1.681902711882314
0.0065374999999999999,49.85968857564589,1.6815820045624816
0.0065500000000000003,49.85972937140555,1.6812607019407704
0.0065625000000000006,49.859770257322289,1.6809388041161424
0.0065750000000000001,49.859811233450756,1.6806163111876757
0.0065875000000000005,49.859852299845649,1.680293223254568
0.0066,49.859893456561629,1.6799695404161348
0.0066125000000000003,49.859934703653224,1.6796452627718099
0.0066250000000000007,49.85997604117501,1.6793203904211416
0.0066375000000000002,49.860017469181528,1.6789949234637962
0.0066500000000000005,49.860058987727236,1.6786688619995569
0.0066625,49.860100596866516,1.6783422061283213
0.0066750000000000004,49.860142296653862,1.678014955950103
0.0066875000000000007,49.860184087143544,1.6776871115650298
0.0067000000000000002,49.860225968390061,1.6773586730733439
0.0067125000000000006,49.860267940447528,1.6770296405754022
0.0067250000000000001,49.860310003370309,1.676700014171673
0.0067375000000000004,49.860352157212517,1.6763697939627396
0.0067499999999999999,49.860394402028575,1.676038980049297
0.0067625000000000003,49.860436737872327,1.6757075725321522
0.0067750000000000006,49.860479164798043,1.6753755715122232
0.0067875000000000001,49.860521682859684,1.6750429770905408
0.0068000000000000005,49.860564292111349,1.6747097893682452
0.0068125,49.860606992606897,1.6743760084465866
0.0068250000000000003,49.860649784400351,1.6740416344269262
0.0068375000000000007,49.860692667545571,1.6737066674107333
0.0068500000000000002,49.860735642096365,1.6733711074995863
0.0068625000000000005,49.860778708106572,1.6730349547951724
0.006875,49.860821865629887,1.6726982093992864
0.0068875000000000004,49.86086511472007,1.6723608714138312
0.0069000000000000008,49.860908455430696,1.6720229409408154
0.0069125000000000002,49.860951887815389,1.6716844180823545
0.0069250000000000006,49.860995411927732,1.6713453029406715
0.0069375000000000001,49.861039027821214,1.671005595618094
0.0069500000000000004,49.861082735549303,1.670665296217053
0.0069624999999999999,49.861126535165369,1.6703244048400858
0.0069750000000000003,49.861170426722836,1.6699829215898341
0.0069875000000000007,49.861214410275018,1.6696408465690431
0.0070000000000000001,49.861258485875133,1.6692981798805604
0.0070125000000000005,49.861302653576338,1.6689549216273372
0.007025,49.861346913431902,1.6686110719124261
0.0070375000000000004,49.861391265494753,1.6682666308389829
0.0070500000000000007,49.861435709818046,1.667921598510262
0.0070625000000000002,49.86148024645469,1.6675759750296208
0.0070750000000000006,49.861524875457761,1.6672297605005162
0.0070875,49.861569596880003,1.6668829550265061
0.0071000000000000004,49.861614410774308,1.6665355587112467
0.0071125000000000008,49.861659317193293,1.6661875716584928
0.0071250000000000003,49.861704316189879,1.6658389939720974
0.0071375000000000006,49.861749407816554,1.6654898257560111
0.0071500000000000001,49.861794592126039,1.6651400671142835
0.0071625000000000005,49.861839869170701,1.6647897181510602
0.007175,49.8618852390032,1.6644387789705815
0.0071875000000000003,49.861930701675817,1.6640872496771866
0.0072000000000000007,49.861976257240912,1.6637351303753076
0.0072125000000000002,49.862021905750801,1.663382421169473
0.0072250000000000005,49.862067647257653,1.6630291221643045
0.0072375,49.862113481813694,1.6626752334645187
0.0072500000000000004,49.862159409471019,1.6623207551749251
0.0072625000000000007,49.86220543028174,1.6619656874004249
0.0072750000000000002,49.862251544297699,1.6616100302460133
0.0072875000000000006,49.862297751570864,1.6612537838167771
0.0073000000000000001,49.86234405215307,1.6608969482178928
0.0073125000000000004,49.862390446096128,1.6605395235546307
0.0073250000000000008,49.862436933451576,1.6601815099323483
0.0073375000000000003,49.86248351427129,1.6598229074564947
0.0073500000000000006,49.862530188606719,1.6594637162326082
0.0073625000000000001,49.862576956509429,1.6591039363663138
0.0073750000000000005,49.862623818030933,1.6587435679633271
0.0073875,49.862670773222526,1.6583826111294522
0.0074000000000000003,49.862717822135501,1.6580210659705779
0.0074125000000000007,49.862764964821089,1.6576589325926796
0.0074250000000000002,49.862812201330456,1.6572962111018208
0.0074375000000000005,49.862859531714726,1.6569329016041494
0.00745,49.862906956024894,1.6565690042058994
0.0074625000000000004,49.862954474311941,1.6562045190133874
0.0074750000000000007,49.863002086626764,1.6558394461330153
0.0074875000000000002,49.863049793020132,1.6554737856712689
0.0075000000000000006,49.863097593542825,1.6551075377347153
0.0075125000000000001,49.863145488245394,1.6547407024300063
0.0075250000000000004,49.863193477178527,1.6543732798638746
0.0075374999999999999,49.86324156039273,1.6540052701431331
0.0075500000000000003,49.863289737938473,1.6536366733746775
0.0075625000000000006,49.863338009866027,1.6532674896654824
0.0075750000000000001,49.863386376225691,1.6528977191226026
0.0075875000000000005,49.863434837067722,1.6525273618531719
0.0076,49.863483392442156,1.6521564179644033
0.0076125000000000003,49.863532042399179,1.6517848875635874
0.0076250000000000007,49.863580786988656,1.6514127707580928
0.0076375000000000002,49.863629626260391,1.6510400676553634
0.0076500000000000005,49.863678560264432,1.6506667783629219
0.0076625,49.863727589050498,1.6502929029883655
0.0076750000000000004,49.863776712668063,1.6499184416393677
0.0076875000000000008,49.863825931166843,1.649543394423675
0.0077000000000000002,49.863875244596315,1.6491677614491103
0.0077125000000000006,49.863924653005903,1.6487915428235682
0.0077250000000000001,49.86397415644489,1.6484147386550192
0.0077375000000000005,49.864023754962567,1.6480373490515032
0.0077499999999999999,49.86407344860811,1.6476593741211336
0.0077625000000000003,49.864123237430604,1.6472808139720956
0.0077750000000000007,49.864173121478977,1.6469016687126443
0.0077875000000000002,49.864223100802135,1.6465219384511061
0.0078000000000000005,49.864273175448993,1.6461416232958765
0.0078125,49.864323345468307,1.6457607233554199
0.0078250000000000004,49.864373610908629,1.6453792387382702
0.0078375000000000007,49.864423971818766,1.6449971695530272
0.0078500000000000011,49.864474428247021,1.6446145159083623
0.0078624999999999997,49.864524980241853,1.6442312779130088
0.0078750000000000001,49.864575627851515,1.6438474556757696
0.0078875000000000004,49.864626371124345,1.6434630493055116
0.0079000000000000008,49.86467721010839,1.6430780589111678
0.0079125000000000011,49.864728144851775,1.6426924846017361
0.0079249999999999998,49.864779175402418,1.6423063264862772
0.0079375000000000001,49.864830301808176,1.6419195846739152
0.0079500000000000005,49.864881524116875,1.6415322592738377
0.0079625000000000008,49.864932842376234,1.6411443503952952
0.0079750000000000012,49.864984256633932,1.6407558581475978
0.0079874999999999998,49.865035766937275,1.6403667826401176
0.0080000000000000002,49.8650873733339,1.639977123982288
0.0080125000000000005,49.865139075871063,1.6395868822835999
0.0080250000000000009,49.86519087459601,1.6391960576536062
0.0080375000000000012,49.865242769555806,1.6388046502019169
0.0080499999999999999,49.865294760797674,1.6384126600382001
0.0080625000000000002,49.865346848368375,1.6380200872721811
0.0080750000000000006,49.865399032315082,1.6376269320136416
0.0080875000000000009,49.865451312684343,1.637233194372421
0.0080999999999999996,49.865503689522846,1.636838874458413
0.0081124999999999999,49.865556162877233,1.6364439723815671
0.0081250000000000003,49.865608732794001,1.6360484882518869
0.0081375000000000006,49.865661399319578,1.6356524221794304
0.008150000000000001,49.865714162500225,1.635255774274307
0.0081624999999999996,49.865767022382165,1.6348585446466799
0.008175,49.865819979011505,1.6344607334067645
0.0081875000000000003,49.865873032434308,1.6340623406648254
0.0082000000000000007,49.865926182696484,1.6336633665311813
0.008212500000000001,49.865979429843875,1.6332638111161981
0.0082249999999999997,49.866032773922157,1.6328636745302929
0.0082375,49.866086214976953,1.6324629568839302
0.0082500000000000004,49.866139753053837,1.6320616582876235
0.0082625000000000007,49.866193388198184,1.6316597788519336
0.0082750000000000011,49.866247120455419,1.6312573186874677
0.0082874999999999997,49.866300949870748,1.6308542779048814
0.0083000000000000001,49.866354876489247,1.6304506566148733
0.0083125000000000004,49.866408900356049,1.6300464549281874
0.0083250000000000008,49.866463021516054,1.6296416729556129
0.0083375000000000012,49.866517240014048,1.6292363108079837
0.0083499999999999998,49.866571555894836,1.6288303685961742
0.0083625000000000001,49.866625969203071,1.6284238464311038
0.0083750000000000005,49.866680479983209,1.6280167444237317
0.0083875000000000009,49.866735088279796,1.6276090626850594
0.0084000000000000012,49.866789794137219,1.6272008013261288
0.0084124999999999998,49.866844597599517,1.626791960458021
0.0084250000000000002,49.866899498710879,1.6263825401918575
0.0084375000000000006,49.866954497515422,1.6259725406387968
0.0084500000000000009,49.867009594057009,1.6255619619100368
0.0084625000000000013,49.867064788379473,1.625150804116811
0.0084749999999999999,49.867120080526533,1.6247390673703914
0.0084875000000000003,49.867175470541824,1.6243267517820845
0.0085000000000000006,49.867230958468866,1.6239138574632317
0.008512500000000001,49.867286544351074,1.6235003845252101
0.0085249999999999996,49.867342228231706,1.6230863330794296
0.0085375,49.867398010153998,1.6226717032373343
0.0085500000000000003,49.867453890161109,1.6222564951104013
0.0085625000000000007,49.867509868295933,1.6218407088101383
0.008575000000000001,49.867565944601395,1.6214243444480845
0.0085874999999999996,49.86762211912027,1.6210074021358094
0.0086,49.867678391895325,1.6205898819849138
0.0086125000000000004,49.867734762969079,1.6201717841070267
0.0086250000000000007,49.867791232383993,1.6197531086138051
0.0086375000000000011,49.86784780018241,1.619333855616935
0.0086499999999999997,49.867904466406721,1.6189140252281278
0.0086625000000000001,49.86796123109896,1.6184936175591234
0.0086750000000000004,49.868018094301192,1.6180726327216852
0.0086875000000000008,49.868075056055353,1.6176510708276044
0.0087000000000000011,49.86813211640326,1.6172289319886939
0.0087124999999999998,49.868189275386733,1.6168062163167916
0.0087250000000000001,49.868246533047234,1.6163829239237584
0.0087375000000000005,49.868303889426478,1.6159590549214762
0.0087500000000000008,49.868361344565763,1.615534609421851
0.0087625000000000012,49.868418898506349,1.6151095875368073
0.0087749999999999998,49.868476551289532,1.6146839893782909
0.0087875000000000002,49.868534302956363,1.6142578150582667
0.0088000000000000005,49.868592153547816,1.6138310646887184
0.0088125000000000009,49.868650103104784,1.6134037383816475
0.0088250000000000012,49.868708151668024,1.6129758362490729
0.0088374999999999999,49.86876629927815,1.6125473584030299
0.0088500000000000002,49.868824545975755,1.6121183049555701
0.0088625000000000006,49.868882891801199,1.6116886760187605
0.0088750000000000009,49.868941336794869,1.6112584717046816
0.0088874999999999996,49.868999880997066,1.6108276921254283
0.0088999999999999999,49.869058524447865,1.6103963373931089
0.0089125000000000003,49.869117267187178,1.6099644076198429
0.0089250000000000006,49.869176109255015,1.609531902917761
0.008937500000000001,49.869235050691081,1.6090988233990067
0.0089499999999999996,49.869294091535018,1.6086651691757308
0.0089625,49.869353231826587,1.6082309403600961
0.0089750000000000003,49.869412471605081,1.607796137064273
0.0089875000000000007,49.869471810909992,1.6073607594004387
0.0090000000000000011,49.869531249780451,1.6069248074807787
0.0090124999999999997,49.86959078825565,1.6064882814174852
0.009025,49.869650426374562,1.6060511813227543
0.0090375000000000004,49.86971016417624,1.605613507308788
0.0090500000000000008,49.869770001699386,1.605175259487793
0.0090625000000000011,49.869829938982711,1.604736437971978
0.0090749999999999997,49.869889976064847,1.604297042873555
0.0090875000000000001,49.869950112984228,1.6038570743047385
0.0091000000000000004,49.870010349779356,1.6034165323777425
0.0091125000000000008,49.870070686488319,1.6029754172047828
0.0091250000000000012,49.870131123149392,1.602533728898073
0.0091374999999999998,49.870191659800547,1.6020914675698277
0.0091500000000000001,49.870252296479833,1.6016486333322579
0.0091625000000000005,49.870313033225045,1.6012052262975729
0.0091750000000000009,49.870373870073827,1.600761246577977
0.0091875000000000012,49.870434807063823,1.6003166942856717
0.0091999999999999998,49.870495844232671,1.5998715695328527
0.0092125000000000002,49.870556981617568,1.5994258724317096
0.0092250000000000006,49.870618219255917,1.5989796030944265
0.0092375000000000009,49.870679557184879,1.5985327616331779
0.0092500000000000013,49.870740995441501,1.5980853481601327
0.0092624999999999999,49.87080253406284,1.5976373627874483
0.0092750000000000003,49.870864173085657,1.5971888056272743
0.0092875000000000006,49.870925912546717,1.5967396767917488
0.009300000000000001,49.870987752482691,1.5962899763929985
0.0093124999999999996,49.87104969293005,1.5958397045431378
0.009325,49.871111733925289,1.5953888613542688
0.0093375000000000003,49.871173875504688,1.5949374469384783
0.0093500000000000007,49.871236117704449,1.5944854614078399
0.009362500000000001,49.871298460560666,1.5940329048744115
0.0093749999999999997,49.871360904109387,1.5935797774502347
0.0093875,49.871423448386423,1.5931260792473345
0.0094000000000000004,49.871486093427642,1.5926718103777171
0.0094125000000000007,49.871548839268577,1.5922169709533702
0.0094250000000000011,49.871611685944913,1.5917615610862625
0.0094374999999999997,49.871674633492084,1.5913055808883418
0.0094500000000000001,49.87173768194549,1.5908490304715355
0.0094625000000000004,49.871800831340316,1.5903919099477488
0.0094750000000000008,49.871864081711735,1.5899342194288635
0.0094875000000000011,49.871927433094683,1.5894759590267391
0.0094999999999999998,49.87199088552417,1.5890171288532091
0.0095125000000000001,49.87205443903499,1.5885577290200839
0.0095250000000000005,49.872118093661925,1.5880977596391446
0.0095375000000000008,49.872181849439428,1.5876372208221481
0.0095500000000000012,49.872245706402197,1.5871761126808215
0.0095624999999999998,49.872309664584535,1.586714435326865
0.0095750000000000002,49.872373724020804,1.5862521888719483
0.0095875000000000005,49.872437884745118,1.5857893734277102
0.0096000000000000009,49.872502146791589,1.5853259891057589
0.0096125000000000013,49.872566510194233,1.5848620360176717
0.0096249999999999999,49.872630974986926,1.5843975142749918
0.0096375000000000002,49.872695541203363,1.5839324239892272
0.0096500000000000006,49.87276020887731,1.5834667652718537
0.0096625000000000009,49.872824978042381,1.5830005382343102
0.0096750000000000013,49.872889848731909,1.5825337429880004
0.0096874999999999999,49.872954820979388,1.5820663796442889
0.0097000000000000003,49.873019894818064,1.5815984483145038
0.0097125000000000006,49.873085070281007,1.5811299491099335
0.009725000000000001,49.873150347401392,1.5806608821418262
0.0097374999999999996,49.873215726212166,1.5801912475213904
0.00975,49.873281206746086,1.5797210453597919
0.0097625000000000003,49.873346789035963,1.5792502757681541
0.0097750000000000007,49.873412473114513,1.578778938857557
0.0097875000000000011,49.87347825901427,1.5783070347390371
0.0097999999999999997,49.873544146767735,1.5778345635235846
0.0098125,49.873610136407201,1.5773615253221438
0.0098250000000000004,49.873676227964964,1.5768879202456114
0.0098375000000000008,49.873742421473217,1.5764137484048382
0.0098500000000000011,49.873808716964028,1.5759390099106234
0.0098624999999999997,49.873875114469307,1.5754637048737195
0.0098750000000000001,49.873941614021057,1.5749878334048255
0.0098875000000000005,49.874008215650903,1.5745113956145902
0.0099000000000000008,49.874074919390658,1.5740343916136108
0.0099125000000000012,49.874141725271826,1.5735568215124291
0.0099249999999999998,49.874208633325978,1.5730786854215333
0.0099375000000000002,49.874275643584411,1.5725999834513571
0.0099500000000000005,49.874342756078498,1.5721207157122778
0.0099625000000000009,49.874409970839437,1.5716408823146153
0.0099750000000000012,49.874477287898358,1.5711604833686312
0.0099874999999999999,49.874544707286219,1.5706795189845286
0.01,49.874612229033936,1.5701979892724494
0.010012500000000001,49.874679853172438,1.5697158943424758
0.010025000000000001,49.87474757973235,1.5692332343046296
0.010037500000000001,49.874815408744396,1.5687500092688673
0.01005,49.874883340239094,1.5682662193450823
0.0100625,49.874951374247033,1.5677818646431039
0.010075000000000001,49.875019510798523,1.5672969452726964
0.010087500000000001,49.875087749923864,1.5668114613435564
0.010100000000000001,49.875156091653217,1.5663254129653128
0.0101125,49.875224536016731,1.565838800247527
0.010125,49.875293083044397,1.5653516232996902
0.010137500000000001,49.875361732766201,1.5648638822312229
0.010150000000000001,49.875430485211943,1.5643755771514751
0.0101625,49.875499340411473,1.5638867081697245
0.010175,49.875568298394462,1.5633972753951748
0.0101875,49.87563735919047,1.5629072789369545
0.010200000000000001,49.875706522828992,1.5624167189041183
0.010212500000000001,49.875775789339428,1.5619255954056437
0.010225,49.875845158751197,1.5614339085504316
0.0102375,49.875914631093551,1.5609416584473046
0.01025,49.875984206395671,1.560448845205004
0.010262500000000001,49.876053884686634,1.5599554689321937
0.010275000000000001,49.876123665995401,1.5594615297374543
0.0102875,49.876193550350983,1.5589670277292844
0.0103,49.876263537782158,1.5584719630160999
0.0103125,49.876333628317859,1.5579763357062324
0.010325000000000001,49.876403821986663,1.5574801459079266
0.010337500000000001,49.876474118817271,1.5569833937293434
0.01035,49.876544518838116,1.5564860792785538
0.0103625,49.876615022077793,1.5559882026635421
0.010375000000000001,49.876685628564545,1.5554897639922021
0.010387500000000001,49.87675633832675,1.5549907633723379
0.010400000000000001,49.876827151392725,1.5544912009116612
0.0104125,49.876898067790627,1.5539910767177922
0.010425,49.876969087548503,1.5534903908982565
0.010437500000000001,49.877040210694396,1.5529891435604852
0.010450000000000001,49.877111437256239,1.5524873348118149
0.010462500000000001,49.877182767261949,1.5519849647594841
0.010475,49.877254200739273,1.551482033510633
0.0104875,49.877325737716063,1.5509785411723058
0.010500000000000001,49.877397378219861,1.5504744878514434
0.010512500000000001,49.877469122278342,1.5499698736548881
0.010525000000000001,49.877540969919089,1.549464698689379
0.0105375,49.877612921169572,1.5489589630615519
0.01055,49.877684976057125,1.5484526668779395
0.010562500000000001,49.877757134609148,1.5479458102449686
0.010575000000000001,49.877829396852952,1.5474383932689595
0.0105875,49.877901762815668,1.5469304160561259
0.0106,49.877974232524458,1.5464218787125712
0.0106125,49.878046806006473,1.5459127813442919
0.010625000000000001,49.878119483288764,1.54540312405717
0.010637500000000001,49.87819226439823,1.5448929069569803
0.01065,49.87826514936183,1.5443821301493814
0.0106625,49.878338138206395,1.5438707937399188
0.010675,49.878411230958768,1.5433588978340236
0.010687500000000001,49.878484427645624,1.5428464425370094
0.010700000000000001,49.878557728293714,1.5423334279540744
0.0107125,49.878631132929662,1.5418198541902968
0.010725,49.878704641580008,1.5413057213506351
0.010737500000000001,49.878778254271353,1.5407910295399274
0.010750000000000001,49.878851971030144,1.5402757788628905
0.010762500000000001,49.878925791882736,1.5397599694241189
0.010775,49.878999716855603,1.5392436013280806
0.0107875,49.879073745974971,1.5387266746791211
0.010800000000000001,49.879147879267165,1.5382091895814578
0.010812500000000001,49.879222116758456,1.5376911461391818
0.010825000000000001,49.879296458474954,1.5371725444562541
0.0108375,49.879370904442823,1.5366533846365076
0.01085,49.879445454688224,1.5361336667836434
0.010862500000000001,49.879520109237191,1.53561339100123
0.010875000000000001,49.879594868115667,1.5350925573927034
0.010887500000000001,49.879669731349694,1.5345711660613648
0.0109,49.879744698965105,1.5340492171103801
0.0109125,49.879819770987886,1.5335267106427788
0.010925000000000001,49.879894947443887,1.5330036467614507
0.010937500000000001,49.879970228358886,1.5324800255691486
0.01095,49.880045613758583,1.531955847168484
0.0109625,49.880121103668849,1.5314311116619264
0.010975,49.880196698115306,1.5309058191518035
0.010987500000000001,49.880272397123733,1.5303799697402991
0.011000000000000001,49.880348200719695,1.5298535635294521
0.0110125,49.880424108928814,1.5293266006211541
0.011025,49.880500121776571,1.5287990811171503
0.0110375,49.8805762392887,1.5282710051190356
0.011050000000000001,49.880652461490655,1.5277423727282564
0.011062500000000001,49.880728788407922,1.5272131840461074
0.011075,49.880805220065973,1.5266834391737325
0.0110875,49.880881756490332,1.5261531382121187
0.0111,49.880958397706344,1.5256222812621021
0.011112500000000001,49.881035143739453,1.5250908684243605
0.011125000000000001,49.881111994615068,1.5245588997994139
0.0111375,49.881188950358485,1.5240263754876253
0.01115,49.881266010995084,1.5234932955891978
0.011162500000000001,49.881343176550232,1.5229596602041722
0.011175000000000001,49.881420447049258,1.522425469432428
0.011187500000000001,49.881497822517389,1.521890723373682
0.0112,49.88157530297994,1.5213554221274856
0.0112125,49.881652888462213,1.5208195657932229
0.011225000000000001,49.88173057898949,1.5202831544701125
0.011237500000000001,49.881808374586932,1.5197461882572036
0.011250000000000001,49.881886275279896,1.5192086672533756
0.0112625,49.881964281093559,1.5186705915573371
0.011275,49.882042392053151,1.5181319612676234
0.011287500000000001,49.882120608183882,1.517592776482598
0.011300000000000001,49.882198929511034,1.5170530373004476
0.011312500000000001,49.882277356059831,1.5165127438191841
0.011325,49.882355887855354,1.5159718961366406
0.0113375,49.882434524923049,1.5154304943504722
0.011350000000000001,49.882513267287955,1.5148885385581523
0.011362500000000001,49.88259211497536,1.5143460288569754
0.011375,49.882671068010538,1.5138029653440519
0.0113875,49.882750126418692,1.5132593481163068
0.0114,49.882829290224983,1.512715177270483
0.011412500000000001,49.882908559454769,1.5121704529031332
0.011425000000000001,49.882987934133219,1.511625175110624
0.0114375,49.883067414285691,1.5110793439891321
0.01145,49.883146999937431,1.5105329596346431
0.0114625,49.883226691113776,1.5099860221429515
0.011475000000000001,49.88330648783996,1.5094385316096572
0.011487500000000001,49.883386390141354,1.5088904881301661
0.0115,49.883466398043275,1.5083418917996885
0.0115125,49.883546511571083,1.5077927427132349
0.011525000000000001,49.883626730750201,1.5072430409656199
0.011537500000000001,49.88370705560606,1.5066927866514561
0.011550000000000001,49.88378748616406,1.5061419798651552
0.0115625,49.88386802244969,1.5055906207009262
0.011575,49.883948664488322,1.5050387092527724
0.011587500000000001,49.884029412305551,1.5044862456144925
0.011600000000000001,49.884110265926942,1.5039332298796779
0.011612500000000001,49.884191225378025,1.5033796621417121
0.011625,49.884272290684379,1.502825542493768
0.0116375,49.884353461871747,1.5022708710288069
0.011650000000000001,49.884434738965673,1.501715647839579
0.011662500000000001,49.884516121991915,1.5011598730186184
0.011675000000000001,49.884597610976215,1.5006035466582455
0.0116875,49.88467920594438,1.5000466688505625
0.0117,49.884760906922189,1.499489239687454
0.011712500000000001,49.884842713935583,1.4989312592605837
0.011725000000000001,49.88492462701042,1.4983727276613958
0.011737500000000001,49.885006646172727,1.4978136449811119
0.01175,49.885088771448501,1.4972540113107273
0.0117625,49.885171002863764,1.4966938267410144
0.011775000000000001,49.88525334044467,1.496133091362517
0.011787500000000001,49.885335784217347,1.4955718052655518
0.0118,49.885418334207991,1.4950099685402041
0.0118125,49.885500990442893,1.4944475812763294
0.011825,49.885583752948421,1.49388464356355
0.011837500000000001,49.885666621750964,1.4933211554912535
0.011850000000000001,49.885749596876877,1.4927571171485927
0.0118625,49.885832678352756,1.4921925286244815
0.011875,49.885915866205146,1.4916273900075978
0.0118875,49.885999160460713,1.4910617013863774
0.011900000000000001,49.886082561146132,1.4904954628490146
0.011912500000000001,49.886166068288261,1.4899286744834612
0.011925,49.886249681913881,1.4893613363774256
0.0119375,49.886333402049864,1.4887934486183667
0.011950000000000001,49.886417228723275,1.4882250112934996
0.011962500000000001,49.88650116196122,1.4876560244897883
0.011975000000000001,49.886585201790744,1.4870864882939463
0.0119875,49.88666934823916,1.4865164027924356
0.012,49.886753601333709,1.4859457680714632
0.012012500000000001,49.886837961101797,1.4853745842169823
0.012025000000000001,49.886922427570887,1.4848028513146891
0.012037500000000001,49.88700700076852,1.4842305694500215
0.01205,49.88709168072247,1.4836577387081573
0.0120625,49.887176467460279,1.483084359174013
0.012075000000000001,49.887261361009926,1.4825104309322421
0.012087500000000001,49.887346361399267,1.4819359540672354
0.012100000000000001,49.887431468656352,1.4813609286631146
0.0121125,49.887516682809249,1.4807853548037364
0.012125,49.887602003886208,1.4802092325726877
0.012137500000000001,49.887687431915559,1.4796325620532838
0.012150000000000001,49.887772966925674,1.4790553433285691
0.012162500000000001,49.887858608945052,1.4784775764813141
0.012175,49.887944358002343,1.4778992615940119
0.0121875,49.888030214126275,1.4773203987488817
0.012200000000000001,49.888116177345694,1.4767409880278612
0.012212500000000001,49.888202247689598,1.4761610295126095
0.012225,49.888288425186985,1.4755805232845041
0.0122375,49.888374709866987,1.474999469424638
0.01225,49.888461101758978,1.4744178680138194
0.012262500000000001,49.888547600892423,1.4738357191325711
0.012275000000000001,49.888634207296775,1.4732530228611269
0.0122875,49.888720921001713,1.4726697792794299
0.0123,49.888807742037066,1.4720859884671329
0.012312500000000001,49.88889467043272,1.4715016505035952
0.012325000000000001,49.888981706218694,1.4709167654678807
0.012337500000000001,49.889068849425179,1.4703313334387582
0.01235,49.889156100082474,1.4697453544946972
0.0123625,49.889243458220982,1.4691588287138679
0.012375000000000001,49.889330923871277,1.4685717561741396
0.012387500000000001,49.889418497064149,1.4679841369530786
0.012400000000000001,49.88950617783042,1.4673959711279461
0.0124125,49.889593966201033,1.466807258775696
0.012425,49.889681862207176,1.4662179999729765
0.012437500000000001,49.889769865880112,1.4656281947961249
0.012450000000000001,49.889857977251324,1.4650378433211664
0.012462500000000001,49.889946196352341,1.4644469456238141
0.012475,49.890034523214858,1.4638555017794661
0.0124875,49.890122957870894,1.4632635118632031
0.012500000000000001,49.890211500352436,1.4626709759497902
0.012512500000000001,49.890300150691672,1.4620778941136701
0.012525000000000001,49.890388908921004,1.4614842664289656
0.0125375,49.890477775072917,1.4608900929694753
0.01255,49.890566749180188,1.4602953738086728
0.012562500000000001,49.890655831275609,1.4597001090197061
0.012575000000000001,49.890745021392199,1.4591042986753933
0.012587500000000001,49.890834319563162,1.4585079428482226
0.0126,49.890923725821942,1.4579110416103511
0.0126125,49.891013240202,1.4573135950336022
0.012625000000000001,49.891102862737121,1.4567156031894639
0.012637500000000001,49.891192593461206,1.4561170661490859
0.01265,49.891282432408303,1.4555179839832808
0.0126625,49.89137237961279,1.4549183567625183
0.012675000000000001,49.891462435108991,1.454318184556928
0.012687500000000001,49.891552598931604,1.4537174674362949
0.012700000000000001,49.891642871115536,1.453116205470057
0.0127125,49.891733251695712,1.4525143987273061
0.012725,49.891823740707359,1.4519120472767828
0.012737500000000001,49.891914338185977,1.451309151186877
0.012750000000000001,49.892005044167128,1.4507057105256262
0.012762500000000001,49.892095858686638,1.4501017253607127
0.012775,49.892186781780538,1.4494971957594622
0.0127875,49.89227781348503,1.4488921217888422
0.012800000000000001,49.892368953836595,1.4482865035154591
0.012812500000000001,49.892460202871838,1.4476803410055579
0.012825000000000001,49.892551560627624,1.4470736343250201
0.0128375,49.892643027141077,1.4464663835393596
0.01285,49.892734602449444,1.4458585887137254
0.012862500000000001,49.892826286590243,1.4452502499128956
0.012875000000000001,49.892918079601159,1.444641367201277
0.012887500000000001,49.89300998152018,1.444031940642905
0.0129,49.893101992385439,1.4434219703014384
0.0129125,49.893194112235406,1.4428114562401593
0.012925000000000001,49.893286341108741,1.4422003985219722
0.012937500000000001,49.893378679044233,1.4415887972094008
0.012950000000000001,49.893471126080996,1.4409766523645871
0.0129625,49.893563682258417,1.4403639640492871
0.012975,49.893656347616052,1.4397507323248739
0.012987500000000001,49.893749122193725,1.4391369572523292
0.013000000000000001,49.893842006031505,1.4385226388922472
0.0130125,49.893934999169723,1.4379077773048297
0.013025,49.894028101648878,1.4372923725498856
0.0130375,49.894121313509828,1.4366764246868287
0.013050000000000001,49.894214634793627,1.4360599337746747
0.013062500000000001,49.894308065541573,1.435442899872039
0.013075,49.894401605795224,1.4348253230371384
0.0130875,49.894495255596517,1.4342072033277851
0.013100000000000001,49.894589014987481,1.4335885408013862
0.013112500000000001,49.894682884010493,1.4329693355149431
0.013125000000000001,49.894776862708206,1.4323495875250478
0.0131375,49.894870951123508,1.431729296887881
0.01315,49.89496514929958,1.4311084636592122
0.013162500000000001,49.895059457279814,1.4304870878943947
0.013175000000000001,49.895153875108051,1.4298651696483675
0.013187500000000001,49.895248402828223,1.4292427089756494
0.0132,49.895343040484597,1.4286197059303385
0.0132125,49.895437788121811,1.4279961605661124
0.013225000000000001,49.895532645784705,1.4273720729362234
0.013237500000000001,49.895627613518414,1.4267474430934974
0.013250000000000001,49.895722691368384,1.4261222710903319
0.0132625,49.895817879380324,1.4254965569786953
0.013275,49.895913177600299,1.4248703008101231
0.013287500000000001,49.896008586074629,1.4242435026357165
0.013300000000000001,49.896104104849982,1.4236161625061416
0.013312500000000001,49.896199733973269,1.4229882804716261
0.013325,49.896295473491705,1.4223598565819564
0.0133375,49.896391323452853,1.4217308908864779
0.013350000000000001,49.896487283904669,1.4211013834340922
0.013362500000000001,49.896583354895178,1.4204713342732542
0.013375000000000001,49.89667953647298,1.4198407434519715
0.0133875,49.896775828686813,1.419209611017801
0.0134,49.896872231585817,1.4185779370178471
0.013412500000000001,49.896968745219532,1.4179457214987612
0.013425000000000001,49.897065369637637,1.4173129645067379
0.0134375,49.897162104890334,1.4166796660875138
0.01345,49.897258951028064,1.4160458262863658
0.013462500000000001,49.897355908101531,1.4154114451481075
0.013475000000000001,49.897452976161873,1.4147765227170894
0.013487500000000001,49.897550155260518,1.4141410590371948
0.0135,49.897647445449316,1.4135050541518384
0.0135125,49.897744846780398,1.412868508103966
0.013525000000000001,49.897842359306317,1.4122314209360498
0.013537500000000001,49.897939983079738,1.4115937926900877
0.013550000000000001,49.898037718153951,1.4109556234076011
0.0135625,49.898135564582475,1.4103169131296329
0.013575,49.898233522419218,1.4096776618967453
0.013587500000000001,49.898331591718382,1.4090378697490171
0.013600000000000001,49.898429772534698,1.4083975367260431
0.013612500000000001,49.898528064923113,1.4077566628669298
0.013625,49.898626468938872,1.4071152482102964
0.0136375,49.898724984637795,1.4064732927942696
0.013650000000000001,49.898823612075958,1.4058307966564838
0.013662500000000001,49.898922351309793,1.405187759834077
0.013675000000000001,49.89902120239617,1.4045441823636902
0.0136875,49.899120165392389,1.4039000642814656
0.0137,49.89921924035594,1.4032554056230426
0.013712500000000001,49.899318427344852,1.4026102064235579
0.013725000000000001,49.899417726417539,1.4019644667176416
0.013737500000000001,49.899517137632735,1.4013181865394158
0.01375,49.899616661049699,1.4006713659224921
0.0137625,49.899716296727902,1.4000240048999706
0.013775000000000001,49.899816044727302,1.3993761035044363
0.013787500000000001,49.89991590510828,1.3987276617679585
0.013800000000000002,49.900015877931565,1.3980786797220863
0.0138125,49.90011596325833,1.3974291573978488
0.013825,49.900216161150269,1.3967790948257519
0.013837500000000001,49.900316471669292,1.3961284920357768
0.013850000000000001,49.900416894877772,1.3954773490573764
0.0138625,49.900517430838647,1.3948256659194755
0.013875,49.900618079615107,1.3941734426504653
0.013887500000000001,49.900718841270802,1.3935206792782038
0.013900000000000001,49.900819715869837,1.3928673758300143
0.013912500000000001,49.900920703476714,1.3922135323326799
0.013925,49.901021804156393,1.3915591488124441
0.0139375,49.901123017974292,1.3909042252950077
0.013950000000000001,49.901224344996159,1.3902487618055273
0.013962500000000001,49.901325785288293,1.389592758368611
0.013975000000000001,49.901427338917394,1.3889362150083189
0.0139875,49.901529005950607,1.3882791317481595
0.014,49.901630786455499,1.3876215086110875
0.014012500000000001,49.90173268050016,1.3869633456195005
0.014025000000000001,49.901834688153052,1.3863046427952401
0.014037500000000001,49.901936809483203,1.3856454001595868
0.01405,49.902039044559906,1.3849856177332571
0.0140625,49.902141393453036,1.3843252955364045
0.014075000000000001,49.902243856232943,1.3836644335886152
0.014087500000000001,49.902346432970482,1.3830030319089053
0.014100000000000001,49.902449123736808,1.3823410905157196
0.0141125,49.902551928603735,1.3816786094269295
0.014125,49.902654847643461,1.3810155886598294
0.014137500000000001,49.902757880928682,1.380352028231137
0.014150000000000001,49.902861028532534,1.3796879281569878
0.014162500000000001,49.902964290528672,1.3790232884529359
0.014175,49.903067666991262,1.3783581091339487
0.0141875,49.903171157994855,1.3776923902144074
0.014200000000000001,49.903274763614561,1.3770261317081023
0.014212500000000001,49.903378483926041,1.3763593336282332
0.014225000000000002,49.903482319005377,1.3756919959874048
0.0142375,49.903586268929175,1.3750241187976251
0.014250000000000001,49.903690333774449,1.374355702070303
0.014262500000000001,49.903794513618934,1.3736867458162476
0.014275000000000001,49.903898808540639,1.3730172500456621
0.0142875,49.904003218618193,1.3723472147681457
0.0143,49.904107743930794,1.3716766399926892
0.014312500000000001,49.904212384558072,1.3710055257276725
0.014325000000000001,49.904317140580119,1.3703338719808627
0.014337500000000001,49.904422012077688,1.3696616787594118
0.01435,49.904526999131974,1.3689889460698546
0.0143625,49.904632101824696,1.3683156739181057
0.014375000000000001,49.904737320238077,1.3676418623094573
0.014387500000000001,49.904842654454932,1.3669675112485775
0.014400000000000001,49.904948104558706,1.3662926207395072
0.0144125,49.905053670633166,1.3656171907856585
0.014425,49.905159352762738,1.3649412213898109
0.014437500000000001,49.905265151032374,1.364264712554111
0.014450000000000001,49.905371065527611,1.3635876642800677
0.014462500000000001,49.905477096334387,1.3629100765685525
0.014475,49.905583243539375,1.3622319494197939
0.0144875,49.90568950722971,1.3615532828333781
0.014500000000000001,49.905795887493056,1.360874076808245
0.014512500000000001,49.905902384417814,1.3601943313426865
0.014525000000000001,49.906008998092602,1.359514046434342
0.0145375,49.906115728606991,1.3588332220802004
0.01455,49.906222576050851,1.3581518582765919
0.014562500000000001,49.906329540514825,1.3574699550191907
0.014575000000000001,49.906436622089885,1.3567875123030093
0.014587500000000002,49.90654382086781,1.3561045301223977
0.0146,49.906651136940795,1.3554210084710401
0.0146125,49.906758570401806,1.354736947341953
0.014625000000000001,49.906866121344095,1.3540523467274828
0.014637500000000001,49.906973789861773,1.3533672066193014
0.014650000000000002,49.907081576049443,1.3526815270084078
0.0146625,49.90718948000228,1.3519953078851215
0.014675000000000001,49.907297501816032,1.3513085492390822
0.014687500000000001,49.907405641587168,1.3506212510592468
0.014700000000000001,49.90751389941267,1.3499334133338854
0.0147125,49.907622275390125,1.3492450360505841
0.014725,49.907730769617736,1.3485561191962345
0.014737500000000001,49.907839382194318,1.347866662757037
0.014750000000000001,49.907948113219277,1.3471766667184968
0.014762500000000001,49.908056962792685,1.3464861310654208
0.014775,49.908165931015255,1.3457950557819156
0.0147875,49.908275017988174,1.3451034408513849
0.014800000000000001,49.90838422381335,1.3444112862565256
0.014812500000000001,49.908493548593412,1.343718591979328
0.014825000000000001,49.908602992431419,1.3430253580010716
0.0148375,49.908712555431251,1.3423315843023216
0.01485,49.908822237697251,1.3416372708629274
0.014862500000000001,49.908932039334474,1.3409424176620204
0.014875000000000001,49.909041960448739,1.3402470246780105
0.014887500000000001,49.909152001146339,1.3395510918885838
0.0149,49.909262161534222,1.3388546192706996
0.0149125,49.909372441720123,1.3381576068005896
0.014925000000000001,49.909482841812292,1.3374600544537532
0.014937500000000001,49.909593361919597,1.3367619622049547
0.014950000000000001,49.909704002151798,1.3360633300282228
0.0149625,49.909814762619085,1.3353641578968449
0.014975,49.90992564343243,1.3346644457833672
0.014987500000000001,49.910036644703311,1.3339641936595912
0.015000000000000001,49.910147766544029,1.3332634014965707
0.015012500000000002,49.910259009067637,1.3325620692646076
0.015025,49.910370372387661,1.3318601969332524
0.015037500000000001,49.910481856618397,1.3311577844712994
0.015050000000000001,49.910593461874811,1.3304548318467841
0.015062500000000001,49.910705188272424,1.3297513390269802
0.015075,49.910817035927764,1.329047305978398
0.0150875,49.910929004957737,1.3283427326667816
0.015100000000000001,49.911041095480115,1.3276376190571035
0.015112500000000001,49.91115330761324,1.3269319651135663
0.015125000000000001,49.91126564147627,1.3262257707995957
0.0151375,49.91137809718888,1.3255190360778391
0.01515,49.911490674871729,1.3248117609101653
0.015162500000000001,49.911603374645892,1.3241039452576571
0.015175000000000001,49.911716196633293,1.3233955890806124
0.015187500000000001,49.911829140956641,1.3226866923385381
0.0152,49.91194220773923,1.3219772549901507
0.0152125,49.912055397105064,1.3212672769933704
0.015225000000000001,49.912168709178914,1.3205567583053202
0.015237500000000001,49.912282144086255,1.3198456988823222
0.015250000000000001,49.912395701953393,1.3191340986798938
0.0152625,49.912509382907231,1.3184219576527458
0.015275,49.91262318707529,1.3177092757547808
0.015287500000000001,49.912737114586022,1.3169960529390869
0.015300000000000001,49.912851165568675,1.3162822891579371
0.015312500000000001,49.912965340153001,1.3155679843627874
0.015325,49.913079638469632,1.3148531385042694
0.0153375,49.913194060649921,1.3141377515321924
0.015350000000000001,49.913308606825957,1.313421823395537
0.015362500000000001,49.913423277130548,1.3127053540424538
0.015375000000000002,49.913538071697346,1.3119883434202586
0.0153875,49.91365299066058,1.3112707914754314
0.0154,49.913768034155453,1.3105526981536118
0.015412500000000001,49.913883202317841,1.3098340633995962
0.015425000000000001,49.913998495284261,1.309114887157335
0.015437500000000002,49.914113913192232,1.3083951693699303
0.01545,49.914229456179783,1.3076749099796297
0.015462500000000001,49.914345124385918,1.3069541089278269
0.015475000000000001,49.914460917950251,1.3062327661550568
0.015487500000000001,49.914576837013371,1.3055108816009919
0.0155,49.914692881716284,1.3047884552044384
0.0155125,49.914809052201313,1.3040654869033361
0.015525000000000001,49.914925348611106,1.3033419766347512
0.015537500000000001,49.915041771089285,1.3026179243348757
0.015550000000000001,49.915158319780211,1.3018933299390236
0.0155625,49.915274994828977,1.3011681933816266
0.015575,49.915391796381641,1.3004425145962313
0.015587500000000001,49.915508724585088,1.2997162935154976
0.015600000000000001,49.915625779586655,1.2989895300711916
0.015612500000000001,49.915742961534782,1.2982622241941857
0.015625,49.915860270578655,1.2975343758144522
0.015637500000000002,49.915977706868198,1.2968059848610645
0.015650000000000001,49.916095270554244,1.2960770512621869
0.015662499999999999,49.916212961788375,1.2953475749450762
0.015675000000000001,49.916330780722937,1.2946175558360775
0.0156875,49.916448727511259,1.293886993860619
0.015700000000000002,49.916566802307315,1.2931558889432111
0.015712500000000001,49.91668500526589,1.2924242410074385
0.015724999999999999,49.916803336542827,1.291692049975961
0.015737500000000001,49.916921796294588,1.2909593157705082
0.01575,49.917040384678501,1.2902260383118747
0.015762500000000002,49.917159101852725,1.2894922175199175
0.015775000000000001,49.917277947976302,1.2887578533135531
0.015787499999999999,49.917396923209054,1.2880229456107526
0.015800000000000002,49.917516027711805,1.2872874943285391
0.0158125,49.917635261645941,1.2865514993829812
0.015825000000000002,49.917754625174013,1.2858149606891927
0.015837500000000001,49.917874118459054,1.2850778781613268
0.01585,49.917993741665249,1.284340251712573
0.015862500000000002,49.918113494957488,1.2836020812551521
0.015875,49.918233378501519,1.2828633667003131
0.015887500000000002,49.918353392464113,1.2821241079583301
0.015900000000000001,49.918473537012758,1.2813843049384961
0.0159125,49.918593812315756,1.2806439575491226
0.015925000000000002,49.918714218542384,1.2799030656975308
0.0159375,49.918834755862697,1.2791616292900512
0.015950000000000002,49.918955424447674,1.278419648232018
0.015962500000000001,49.919076224469251,1.2776771224277668
0.015975,49.919197156100154,1.2769340517806265
0.015987500000000002,49.919318219513883,1.2761904361929197
0.016,49.919439414884984,1.2754462755659557
0.016012500000000002,49.919560742388803,1.2747015698000268
0.016025000000000001,49.919682202201564,1.2739563187944045
0.0160375,49.919803794500481,1.2732105224473338
0.016050000000000002,49.919925519463554,1.2724641806560315
0.0160625,49.920047377269697,1.2717172933166789
0.016075000000000002,49.920169368098712,1.2709698603244197
0.016087500000000001,49.920291492131341,1.2702218815733539
0.0161,49.920413749549226,1.2694733569565344
0.016112500000000002,49.920536140534942,1.2687242863659618
0.016125,49.920658665271745,1.2679746696925793
0.016137499999999999,49.920781323944126,1.2672245068262709
0.016150000000000001,49.92090411673729,1.2664737976558518
0.0161625,49.92102704383732,1.265722542069069
0.016175000000000002,49.921150105431387,1.2649707399525938
0.0161875,49.921273301707409,1.2642183911920171
0.016199999999999999,49.921396632854396,1.2634654956718443
0.016212500000000001,49.921520099062022,1.2627120532754919
0.016225,49.921643700521237,1.2619580638852814
0.016237500000000002,49.921767437423497,1.261203527382436
0.016250000000000001,49.921891309961595,1.2604484436470733
0.016262499999999999,49.922015318328981,1.2596928125582019
0.016275000000000001,49.922139462720139,1.2589366339937149
0.0162875,49.922263743330554,1.2581799078303875
0.016300000000000002,49.922388160356483,1.2574226339438692
0.016312500000000001,49.922512713995225,1.2566648122086796
0.016324999999999999,49.922637404445162,1.2559064424982038
0.016337500000000001,49.922762231905303,1.2551475246846857
0.01635,49.922887196575843,1.2543880586392231
0.016362500000000002,49.923012298657788,1.2536280442317644
0.016375000000000001,49.923137538353295,1.2528674813311
0.016387499999999999,49.923262915865273,1.2521063698048591
0.016400000000000001,49.923388431397683,1.2513447095195029
0.0164125,49.923514085155382,1.2505825003403208
0.016425000000000002,49.923639877344293,1.249819742131421
0.016437500000000001,49.923765808171105,1.2490564347557305
0.016449999999999999,49.923891877843865,1.2482925780749845
0.016462500000000001,49.924018086571124,1.2475281719497227
0.016475,49.92414443456272,1.2467632162392841
0.016487500000000002,49.924270922029315,1.245997710801799
0.016500000000000001,49.924397549182508,1.2452316554941851
0.016512499999999999,49.924524316235143,1.2444650501721408
0.016525000000000001,49.92465122340068,1.2436978946901391
0.0165375,49.924778270893832,1.2429301889014213
0.016550000000000002,49.924905458930112,1.242161932657992
0.016562500000000001,49.925032787726138,1.2413931258106119
0.016574999999999999,49.925160257499535,1.2406237682087913
0.016587500000000002,49.925287868468857,1.2398538597007838
0.0166,49.925415620853599,1.2390834001335818
0.016612500000000002,49.925543514874342,1.238312389352908
0.016625000000000001,49.92567155075259,1.2375408272032087
0.0166375,49.925799728710992,1.2367687135276508
0.016650000000000002,49.925928048972949,1.2359960481681103
0.0166625,49.926056511763058,1.2352228309651683
0.016675000000000002,49.926185117306993,1.2344490617581048
0.016687500000000001,49.92631386583119,1.2336747403848904
0.0167,49.926442757563294,1.2328998666821807
0.016712500000000002,49.926571792731771,1.2321244404853091
0.016725,49.926700971566262,1.2313484616282788
0.016737500000000002,49.926830294297439,1.2305719299437572
0.016750000000000001,49.92695976115688,1.2297948452630674
0.0167625,49.927089372377203,1.2290172074161843
0.016775000000000002,49.927219128192078,1.2282390162317218
0.0167875,49.927349028836289,1.2274602715369305
0.016800000000000002,49.927479074545403,1.2266809731576895
0.016812500000000001,49.927609265556228,1.225901120918496
0.016825,49.92773960210662,1.2251207146424614
0.016837500000000002,49.927870084435263,1.2243397541513017
0.01685,49.928000712782051,1.2235582392653312
0.016862500000000002,49.928131487387851,1.2227761698034536
0.016875000000000001,49.928262408494518,1.2219935455831543
0.0168875,49.928393476345093,1.2212103664204939
0.016900000000000002,49.928524691183533,1.2204266321300998
0.0169125,49.928656053254784,1.219642342525157
0.016925000000000003,49.92878756280497,1.2188574974174013
0.016937500000000001,49.928919220081255,1.2180720966171119
0.01695,49.929051025331802,1.217286139933101
0.016962500000000002,49.929182978805812,1.2164996271727084
0.016975000000000001,49.929315080753568,1.2157125581417905
0.016987499999999999,49.929447331426552,1.214924932644714
0.017000000000000001,49.929579731076963,1.2141367504843457
0.0170125,49.929712279958238,1.213348011462045
0.017025000000000002,49.929844978324901,1.2125587153776562
0.017037500000000001,49.929977826432655,1.2117688620294982
0.017049999999999999,49.930110824537998,1.2109784512143562
0.017062500000000001,49.930243972898666,1.2101874827274739
0.017075,49.930377271773416,1.2093959563625425
0.017087500000000002,49.93051072142211,1.2086038719116936
0.017100000000000001,49.930644322105707,1.2078112291654906
0.017112499999999999,49.930778074086135,1.207018027912917
0.017125000000000001,49.93091197762643,1.2062242679413702
0.0171375,49.931046032990778,1.2054299490366502
0.017150000000000002,49.931180240444306,1.2046350709829508
0.017162500000000001,49.931314600253387,1.2038396335628505
0.017174999999999999,49.931449112685343,1.2030436365573032
0.017187500000000001,49.931583778008651,1.2022470797456271
0.0172,49.931718596492779,1.2014499629054975
0.017212500000000002,49.931853568408442,1.2006522858129351
0.017225000000000001,49.931988694027275,1.1998540482422968
0.017237499999999999,49.932123973622204,1.1990552499662659
0.017250000000000001,49.93225940746705,1.1982558907558425
0.0172625,49.932394995836852,1.1974559703803327
0.017275000000000002,49.932530739007618,1.1966554886073386
0.017287500000000001,49.932666637256588,1.1958544452027489
0.017299999999999999,49.932802690862083,1.1950528399307272
0.017312500000000001,49.932938900103359,1.1942506725537045
0.017325,49.93307526526101,1.1934479428323641
0.017337500000000002,49.933211786616639,1.1926446505256352
0.017350000000000001,49.933348464452905,1.1918407953906818
0.017362499999999999,49.933485299053572,1.1910363771828885
0.017375000000000002,49.933622290703596,1.1902313956558543
0.0173875,49.933759439688998,1.1894258505613791
0.017400000000000002,49.933896746296845,1.1886197416494537
0.017412500000000001,49.934034210815561,1.1878130686682493
0.017425,49.934171833534378,1.1870058313641034
0.017437500000000002,49.934309614743817,1.1861980294815138
0.01745,49.934447554735407,1.185389662763122
0.017462500000000002,49.934585653801825,1.1845807309497058
0.017475000000000001,49.934723912237011,1.1837712337801665
0.0174875,49.934862330335903,1.1829611709915164
0.017500000000000002,49.935000908394557,1.1821505423188698
0.0175125,49.935139646710191,1.181339347495429
0.017525000000000002,49.935278545581141,1.1805275862524729
0.017537500000000001,49.93541760530681,1.179715258319346
0.01755,49.935556826187906,1.1789023634234463
0.017562500000000002,49.935696208526039,1.178088901290214
0.017575,49.935835752624165,1.1772748716431176
0.017587500000000002,49.935975458786196,1.1764602742036436
0.017600000000000001,49.936115327317346,1.1756451086912834
0.0176125,49.936255358523823,1.1748293748235217
0.017625000000000002,49.936395552712909,1.1740130723158233
0.0176375,49.936535910193378,1.1731962008816219
0.017650000000000002,49.936676431274741,1.172378760232305
0.017662500000000001,49.936817116267918,1.1715607500772061
0.017675,49.936957965484751,1.1707421701235861
0.017687500000000002,49.937098979238499,1.1699230200766246
0.0177,49.937240157843334,1.1691032996394071
0.017712500000000003,49.937381501614745,1.1682830085129106
0.017725000000000001,49.93752301086927,1.1674621463959904
0.0177375,49.937664685924567,1.1666407129853686
0.017750000000000002,49.937806527099447,1.1658187079756199
0.017762500000000001,49.93794853471401,1.1649961310591592
0.017774999999999999,49.938090709089394,1.164172981926227
0.017787500000000001,49.938233050547979,1.1633492602648778
0.0178,49.93837555941321,1.1625249657609658
0.017812500000000002,49.938518236009692,1.1617000980981314
0.017825000000000001,49.938661080663245,1.1608746569577881
0.017837499999999999,49.938804093700831,1.1600486420191076
0.017850000000000001,49.938947275450602,1.1592220529590092
0.0178625,49.939090626241764,1.158394889452141
0.017875000000000002,49.939234146404822,1.1575671511708723
0.017887500000000001,49.939377836271362,1.1567388377852743
0.017899999999999999,49.939521696174218,1.1559099489631093
0.017912500000000001,49.939665726447231,1.1550804843698159
0.017925,49.939809927425607,1.1542504436684942
0.017937500000000002,49.939954299445652,1.1534198265198925
0.017950000000000001,49.940098842844812,1.1525886325823931
0.017962499999999999,49.940243557961608,1.1517568615119977
0.017975000000000001,49.940388445136001,1.1509245129623136
0.0179875,49.940533504708952,1.1500915865845383
0.018000000000000002,49.940678737022481,1.1492580820274447
0.018012500000000001,49.940824142420105,1.1484239989373706
0.018024999999999999,49.940969721246191,1.1475893369581975
0.018037500000000001,49.941115473846516,1.1467540957313422
0.01805,49.941261400567839,1.1459182748957384
0.018062500000000002,49.94140750175832,1.145081874087823
0.018075000000000001,49.941553777767268,1.1442448929415214
0.018087499999999999,49.94170022894501,1.1434073310882331
0.018100000000000002,49.941846855643099,1.1425691881568163
0.0181125,49.94199365821445,1.1417304637735721
0.018125000000000002,49.942140637012876,1.1408911575622316
0.018137500000000001,49.942287792393671,1.1400512691439384
0.018149999999999999,49.942435124713199,1.1392107981372359
0.018162500000000002,49.942582634328822,1.1383697441580505
0.018175,49.942730321599441,1.1375281068196765
0.018187500000000002,49.942878186884911,1.1366858857327615
0.018200000000000001,49.943026230546373,1.1358430805052913
0.0182125,49.943174452946188,1.1349996907425739
0.018225000000000002,49.943322854447764,1.1341557160472246
0.0182375,49.943471435415908,1.1333111560191493
0.018250000000000002,49.943620196216436,1.1324660102555315
0.018262500000000001,49.9437691372164,1.1316202783508154
0.018275,49.943918258784151,1.1307739598966893
0.018287500000000002,49.944067561289224,1.1299270544820716
0.0183,49.944217045102356,1.1290795616930955
0.018312500000000002,49.944366710595283,1.1282314811130911
0.018325000000000001,49.944516558141139,1.1273828123225735
0.0183375,49.944666588114266,1.1265335548992221
0.018350000000000002,49.944816800890173,1.1256837084178701
0.0183625,49.944967196845518,1.1248332724504844
0.018375000000000002,49.945117776358224,1.1239822465661524
0.018387500000000001,49.945268539807479,1.1231306303310664
0.0184,49.945419487573467,1.1222784233085052
0.018412500000000002,49.945570620037778,1.121425625058821
0.018425,49.945721937583144,1.1205722351394214
0.018437500000000002,49.945873440593587,1.1197182531047547
0.018450000000000001,49.946025129454185,1.1188636785062949
0.0184625,49.946177004551316,1.1180085108925222
0.018475000000000002,49.946329066272554,1.1171527498089111
0.0184875,49.946481315006707,1.1162963947979125
0.018500000000000003,49.946633751143786,1.115439445398938
0.018512500000000001,49.946786375075007,1.1145819011483422
0.018525,49.946939187192768,1.1137237615794098
0.018537500000000002,49.947092187890775,1.1128650262223374
0.018550000000000001,49.947245377563831,1.1120056946042178
0.018562500000000003,49.947398756608095,1.1111457662490241
0.018575000000000001,49.947552325420794,1.1102852406775936
0.0185875,49.947706084400423,1.1094241174076123
0.018600000000000002,49.947860033946831,1.1085623959535971
0.018612500000000001,49.948014174460823,1.1077000758268813
0.018624999999999999,49.948168506344658,1.1068371565355983
0.018637500000000001,49.948323030001774,1.1059736375846652
0.01865,49.948477745836804,1.1051095184757649
0.018662500000000002,49.948632654255462,1.1042447987073334
0.018675000000000001,49.948787755664917,1.1033794777745416
0.018687499999999999,49.948943050473346,1.1025135551692793
0.018700000000000001,49.949098539090393,1.1016470303801389
0.0187125,49.949254221926751,1.1007799028924015
0.018725000000000002,49.949410099394342,1.0999121721880152
0.018737500000000001,49.949566171906326,1.0990438377455858
0.018749999999999999,49.949722439877185,1.0981748990403564
0.018762500000000001,49.9498789037225,1.0973053555441927
0.018775,49.950035563859139,1.0964352067255665
0.018787500000000002,49.950192420705285,1.0955644520495396
0.018800000000000001,49.950349474680159,1.0946930909777475
0.018812499999999999,49.950506726204303,1.0938211229683843
0.018825000000000001,49.950664175699629,1.0929485474761857
0.0188375,49.950821823589088,1.0920753639524132
0.018850000000000002,49.95097967029696,1.091201571844838
0.018862500000000001,49.951137716248596,1.0903271705977235
0.018874999999999999,49.951295961870812,1.089452159651813
0.018887500000000002,49.951454407591591,1.0885765384443102
0.0189,49.951613053839978,1.0877003064088642
0.018912500000000002,49.951771901046456,1.0868234629755533
0.018925000000000001,49.95193094964268,1.0859460075708702
0.018937499999999999,49.952090200061448,1.0850679396177041
0.018950000000000002,49.952249652736953,1.0841892585353263
0.0189625,49.952409308104563,1.0833099637393739
0.018975000000000002,49.952569166600888,1.0824300546418331
0.018987500000000001,49.952729228663671,1.0815495306510245
0.019,49.952889494731963,1.0806683911715858
0.019012500000000002,49.953049965246159,1.0797866356044559
0.019025,49.953210640647683,1.0789042633468613
0.019037500000000002,49.95337152137931,1.0780212737922983
0.019050000000000001,49.95353260788513,1.0771376663305161
0.0190625,49.95369390061034,1.0762534403475035
0.019075000000000002,49.953855400001515,1.0753685952254708
0.0190875,49.954017106506221,1.074483130342837
0.019100000000000002,49.954179020573505,1.0735970450742101
0.019112500000000001,49.954341142653611,1.0727103387903736
0.019125,49.954503473198024,1.0718230108582711
0.019137500000000002,49.954666012659352,1.0709350606409886
0.01915,49.954828761491669,1.0700464874977409
0.019162500000000002,49.954991720150055,1.0691572907838549
0.019175000000000001,49.955154889090949,1.0682674698507533
0.0191875,49.955318268772054,1.0673770240459384
0.019200000000000002,49.955481859652217,1.0664859527129795
0.0192125,49.9556456621916,1.0655942551914948
0.019225000000000003,49.955809676851729,1.0647019308171339
0.019237500000000001,49.955973904095089,1.0638089789215648
0.01925,49.956138344385636,1.0629153988324596
0.019262500000000002,49.956302998188569,1.0620211898734744
0.019275,49.956467865970168,1.0611263513642379
0.019287500000000003,49.956632948198155,1.0602308826203315
0.019300000000000001,49.956798245341318,1.0593347829532775
0.0193125,49.956963757869865,1.0584380516705223
0.019325000000000002,49.95712948625512,1.0575406880754183
0.019337500000000001,49.957295430969793,1.056642691467212
0.019350000000000003,49.957461592487562,1.0557440611410251
0.019362500000000001,49.957627971283692,1.0548447963878407
0.019375,49.957794567834597,1.0539448964944877
0.019387500000000002,49.957961382617668,1.0530443607436228
0.019400000000000001,49.958128416111919,1.0521431884137182
0.019412499999999999,49.958295668797497,1.0512413787790429
0.019425000000000001,49.958463141155683,1.050338931109648
0.0194375,49.95863083366914,1.0494358446713516
0.019450000000000002,49.95879874682177,1.0485321187257213
0.019462500000000001,49.958966881098682,1.047627752530061
0.019474999999999999,49.959135236986171,1.0467227453373922
0.019487500000000001,49.959303814971868,1.0458170963964404
0.0195,49.959472615544719,1.0449108049516178
0.019512500000000002,49.95964163919475,1.0440038702430068
0.019525000000000001,49.959810886413351,1.0430962915063469
0.019537499999999999,49.959980357693233,1.0421880679730156
0.019550000000000001,49.960150053528153,1.0412791988700139
0.0195625,49.960319974413395,1.0403696834199494
0.019575000000000002,49.960490120845165,1.0394595208410216
0.019587500000000001,49.960660493321356,1.0385487103470039
0.019599999999999999,49.96083109234069,1.0376372511472292
0.019612500000000001,49.961001918403404,1.0367251424465713
0.019625,49.961172972010829,1.0358123834454311
0.019637500000000002,49.961344253665636,1.0348989733397183
0.019650000000000001,49.961515763871816,1.0339849113208357
0.019662499999999999,49.961687503134421,1.0330701965756628
0.019675000000000002,49.96185947196004,1.0321548282865389
0.0196875,49.962031670856241,1.0312388056312467
0.019700000000000002,49.962204100331945,1.0303221277829948
0.019712500000000001,49.962376760897342,1.0294047939104021
0.019724999999999999,49.962549653064038,1.0284868031774794
0.019737500000000002,49.962722777344638,1.0275681547436144
0.01975,49.96289613425315,1.0266488477635511
0.019762500000000002,49.96306972430483,1.0257288813873773
0.019775000000000001,49.963243548016003,1.0248082547605037
0.0197875,49.963417605904638,1.0238869670236472
0.019800000000000002,49.963591898489554,1.0229650173128144
0.0198125,49.963766426291151,1.0220424047592838
0.019825000000000002,49.96394118983082,1.0211191284895866
0.019837500000000001,49.964116189631525,1.0201951876254898
0.01985,49.964291426217102,1.0192705812839788
0.019862500000000002,49.964466900113059,1.0183453085772394
0.019875,49.964642611845797,1.0174193686126374
0.019887500000000002,49.964818561943225,1.0164927604927019
0.019900000000000001,49.964994750934437,1.0155654833151067
0.0199125,49.965171179349767,1.014637536172651
0.019925000000000002,49.965347847720828,1.0137089181532419
0.0199375,49.965524756580351,1.0127796283398736
0.019950000000000002,49.965701906462627,1.0118496658106086
0.019962500000000001,49.965879297903264,1.0109190296385593
0.019975,49.966056931438992,1.0099877188918676
0.019987500000000002,49.966234807604401,1.0090557326336851
0.02,49.966412926948763,1.0081230699221542
