x,y,J,J_lower,P_H,P_N,P_A,P_loc,E_radius_loss,safe_margin,angle_calls,x_global,y_global,C1
62.31375698857,-53.5252840629697,12.574510415067,12.5745104150669,0,0,1,0,1.94363052786779,0,450,1762.31375698857,-53.5252840629697,174.113332130275
62.31375698857,-52.5652925261421,12.5384538037297,12.5384538037297,0,0,1,0,1.93936128554549,0,450,1762.31375698857,-52.5652925261421,174.113332130275
62.31375698857,-51.6053009893145,12.5073012299632,12.5073012299632,0,0,1,0,1.93542708843587,0,450,1762.31375698857,-51.6053009893145,174.113332130275
62.31375698857,-50.6453094524868,12.4812921478242,12.4812921478242,0,0,1,0,1.93184527127807,0,450,1762.31375698857,-50.6453094524868,174.113332130275
62.31375698857,-49.6853179156592,12.4606886714475,12.4606886714475,0,0,1,0,1.92863452681495,0,450,1762.31375698857,-49.6853179156592,174.113332130275
62.31375698857,-48.7253263788316,12.4457829362805,12.4457829362805,0,0,1,0,1.92581559064877,0,450,1762.31375698857,-48.7253263788316,174.113332130275
62.31375698857,-47.765334842004,12.4369256327583,12.4369256327583,0,0,1.00000000000001,0,1.92341438075602,0,378,1762.31375698857,-47.765334842004,174.113332130275
62.31375698857,-46.8053433051764,12.4344245554714,12.4344245554714,0,0,1,0,1.92145003093429,0,414,1762.31375698857,-46.8053433051764,174.113332130275
62.31375698857,-45.8453517683488,12.438663095171,12.438663095171,0,0,1.00000000000001,0,1.91994827733637,0,414,1762.31375698857,-45.8453517683488,174.113332130275
62.31375698857,-44.8853602315212,12.4500649215477,12.4500649215477,0,0,1,0,1.91893712168165,0,414,1762.31375698857,-44.8853602315212,174.113332130275
62.31375698857,-43.9253686946936,12.4691209077095,12.4691209077095,0,0,1,0,1.91844968935618,0,414,1762.31375698857,-43.9253686946936,174.113332130275
62.31375698857,-42.965377157866,12.496352221593,12.496352221593,0,0,1,0,1.91851945393476,0,414,1762.31375698857,-42.965377157866,174.113332130275
62.31375698857,-42.0053856210384,12.5323153607177,12.5323153607177,0,0,1,0,1.91918026058161,0,414,1762.31375698857,-42.0053856210384,174.113332130275
62.31375698857,-41.0453940842108,12.5776553179241,12.577655317924,0,0,1,0,1.9204721310928,0,378,1762.31375698857,-41.0453940842108,174.113332130275
62.31375698857,-40.0854025473832,12.6331225878966,12.6331225878966,0,0,1,0,1.92244274274644,0,378,1762.31375698857,-40.0854025473832,174.113332130275
62.31375698857,-39.1254110105556,12.6995025541509,12.6995025541509,0,0,1,0,1.92513797021498,0,378,1762.31375698857,-39.1254110105556,174.113332130275
62.31375698857,-38.165419473728,12.7776909796274,12.7776909796274,0,0,1,0,1.92861008740622,0,378,1762.31375698857,-38.165419473728,174.113332130275
62.31375698857,-37.2054279369004,12.8687352596439,12.8687352596439,0,0,1,0,1.93292178910324,0,378,1762.31375698857,-37.2054279369004,174.113332130275
62.31375698857,-36.2454364000728,12.9737579487385,12.9737579487385,0,0,1,0,1.93813523816133,0,414,1762.31375698857,-36.2454364000728,174.113332130275
62.31375698857,-35.2854448632451,13.0940763846957,13.0940763846957,0,0,1,0,1.94432531022765,0,378,1762.31375698857,-35.2854448632451,174.113332130275
62.31375698857,-34.3254533264175,13.2311628994826,13.2311628994826,0,0,1,0,1.95157255387139,0,450,1762.31375698857,-34.3254533264175,174.113332130275
63.2737485253977,-53.5252840629697,12.4297085091676,12.4297085091676,0,0,1,0,1.93623831254278,0,450,1763.2737485254,-53.5252840629697,174.113332130275
63.2737485253977,-52.5652925261421,12.3908918293653,12.3908918293652,0,0,1,0,1.93184249721917,0,450,1763.2737485254,-52.5652925261421,174.113332130275
63.2737485253977,-51.6053009893145,12.3568313790134,12.3568313790134,0,0,1,0,1.92777563933858,0,450,1763.2737485254,-51.6053009893145,174.113332130275
63.2737485253977,-50.6453094524868,12.3277559302718,12.3277559302718,0,0,1,0,1.92405466410737,0,450,1763.2737485254,-50.6453094524868,174.113332130275
63.2737485253977,-49.6853179156592,12.3039159455397,12.3039159455397,0,0,1,0,1.92069782309703,0,450,1763.2737485254,-49.6853179156592,174.113332130275
63.2737485253977,-48.7253263788316,12.2856041322382,12.2856041322382,0,0,1,0,1.91772687865327,0,414,1763.2737485254,-48.7253263788316,174.113332130275
63.2737485253977,-47.765334842004,12.2731469557276,12.2731469557276,0,0,1.00000000000001,0,1.91516607487781,0,378,1763.2737485254,-47.765334842004,174.113332130275
63.2737485253977,-46.8053433051764,12.2668197618091,12.2668197618091,0,0,1.00000000000001,0,1.91303202072322,0,378,1763.2737485254,-46.8053433051764,174.113332130275
63.2737485253977,-45.8453517683488,12.2670031348324,12.2670031348324,0,0,1,0,1.91135146500385,0,378,1763.2737485254,-45.8453517683488,174.113332130275
63.2737485253977,-44.8853602315212,12.2741232997629,12.2741232997629,0,0,1,0,1.91015422611543,0,378,1763.2737485254,-44.8853602315212,174.113332130275
63.2737485253977,-43.9253686946936,12.288639437365,12.288639437365,0,0,1,0,1.90947140363564,0,378,1763.2737485254,-43.9253686946936,174.113332130275
63.2737485253977,-42.965377157866,12.311018288232,12.311018288232,0,0,1.00000000000001,0,1.90933192213724,0,378,1763.2737485254,-42.965377157866,174.113332130275
63.2737485253977,-42.0053856210384,12.3418139507085,12.3418139507085,0,0,1,0,1.90977146193634,0,378,1763.2737485254,-42.0053856210384,174.113332130275
63.2737485253977,-41.0453940842108,12.381667747325,12.381667747325,0,0,1,0,1.91083202460097,0,414,1763.2737485254,-41.0453940842108,174.113332130275
63.2737485253977,-40.0854025473832,12.4312758806985,12.4312758806985,0,0,1,0,1.91255743374124,0,378,1763.2737485254,-40.0854025473832,174.113332130275
63.2737485253977,-39.1254110105556,12.4913804085221,12.4913804085221,0,0,1,0,1.91499138498683,0,378,1763.2737485254,-39.1254110105556,174.113332130275
63.2737485253977,-38.165419473728,12.5628486457939,12.5628486457939,0,0,1,0,1.91818614913996,0,378,1763.2737485254,-38.165419473728,174.113332130275
63.2737485253977,-37.2054279369004,12.6467062707389,12.6467062707388,0,0,1,0,1.92220568027821,0,414,1763.2737485254,-37.2054279369004,174.113332130275
63.2737485253977,-36.2454364000728,12.7440070583873,12.7440070583873,0,0,1,0,1.92710818622923,0,414,1763.2737485254,-36.2454364000728,174.113332130275
63.2737485253977,-35.2854448632451,12.8559998573892,12.8559998573892,0,0,1,0,1.9329651093221,0,450,1763.2737485254,-35.2854448632451,174.113332130275
63.2737485253977,-34.3254533264175,12.9841396877914,12.9841396877914,0,0,1,0,1.93986073670094,0,486,1763.2737485254,-34.3254533264175,174.113332130275
64.2337400622253,-53.5252840629697,12.2997675750605,12.2997675750605,0,0,1,0,1.92978795792598,0,450,1764.23374006223,-53.5252840629697,174.113332130275
64.2337400622253,-52.5652925261421,12.2584871038925,12.2584871038925,0,0,1,0,1.92528120916108,0,450,1764.23374006223,-52.5652925261421,174.113332130275
64.2337400622253,-51.6053009893145,12.2218441143945,12.2218441143945,0,0,1,0,1.92109933872222,0,450,1764.23374006223,-51.6053009893145,174.113332130275
64.2337400622253,-50.6453094524868,12.1900533003827,12.1900533003826,0,0,1,0,1.91725841328241,0,450,1764.23374006223,-50.6453094524868,174.113332130275
64.2337400622253,-49.6853179156592,12.1633673367903,12.1633673367903,0,0,1,0,1.91377770668585,0,450,1764.23374006223,-49.6853179156592,174.113332130275
64.2337400622253,-48.7253263788316,12.1420327095206,12.1420327095206,0,0,1.00000000000001,0,1.91067463488649,0,450,1764.23374006223,-48.7253263788316,174.113332130275
64.2337400622253,-47.765334842004,12.12635517911,12.12635517911,0,0,1,0,1.90797192951499,0,450,1764.23374006223,-47.765334842004,174.113332130275
64.2337400622253,-46.8053433051764,12.116650339861,12.1166503398609,0,0,1,0,1.90569190057434,0,378,1764.23374006223,-46.8053433051764,174.113332130275
64.2337400622253,-45.8453517683488,12.1132533732901,12.1132533732901,0,0,1,0,1.90385726102627,0,378,1764.23374006223,-45.8453517683488,174.113332130275
64.2337400622253,-44.8853602315212,12.1165817702938,12.1165817702938,0,0,1,0,1.90249809905732,0,378,1764.23374006223,-44.8853602315212,174.113332130275
64.2337400622253,-43.9253686946936,12.1270563575832,12.1270563575832,0,0,1,0,1.90164249186333,0,378,1764.23374006223,-43.9253686946936,174.113332130275
64.2337400622253,-42.965377157866,12.1451367919512,12.1451367919512,0,0,1,0,1.90132017815118,0,378,1764.23374006223,-42.965377157866,174.113332130275
64.2337400622253,-42.0053856210384,12.1713755130163,12.1713755130162,0,0,1,0,1.90156849024875,0,378,1764.23374006223,-42.0053856210384,174.113332130275
64.2337400622253,-41.0453940842108,12.2063812468843,12.2063812468843,0,0,1,0,1.90242762571267,0,378,1764.23374006223,-41.0453940842108,174.113332130275
64.2337400622253,-40.0854025473832,12.250780995472,12.250780995472,0,0,1,0,1.90393545348359,0,378,1764.23374006223,-40.0854025473832,174.113332130275
64.2337400622253,-39.1254110105556,12.3053222432505,12.3053222432504,0,0,1,0,1.90613895433626,0,378,1764.23374006223,-39.1254110105556,174.113332130275
64.2337400622253,-38.165419473728,12.370890299567,12.3708902995669,0,0,1,0,1.90909561625628,0,378,1764.23374006223,-38.165419473728,174.113332130275
64.2337400622253,-37.2054279369004,12.4483674512762,12.4483674512762,0,0,1,0,1.91285528107109,0,378,1764.23374006223,-37.2054279369004,174.113332130275
64.2337400622253,-36.2454364000728,12.5388141045701,12.53881410457,0,0,1,0,1.9174808350956,0,378,1764.23374006223,-36.2454364000728,174.113332130275
64.2337400622253,-35.2854448632451,12.6434899696727,12.6434899696727,0,0,1,0,1.92304952242206,0,450,1764.23374006223,-35.2854448632451,174.113332130275
64.2337400622253,-34.3254533264175,12.7637012777265,12.7637012777264,0,0,1,0,1.92963219266611,0,486,1764.23374006223,-34.3254533264175,174.113332130275
65.1937315990529,-53.5252840629697,12.1846724728179,12.1846724728178,0,0,1,0,1.92428437491254,0,450,1765.19373159905,-53.5252840629697,174.113332130275
65.1937315990529,-52.5652925261421,12.1412580181637,12.1412580181637,0,0,1,0,1.91968639083572,0,450,1765.19373159905,-52.5652925261421,174.113332130275
65.1937315990529,-51.6053009893145,12.102354282212,12.102354282212,0,0,1,0,1.91540718968753,0,450,1765.19373159905,-51.6053009893145,174.113332130275
65.1937315990529,-50.6453094524868,12.068188086075,12.068188086075,0,0,1,0,1.91146472982013,0,450,1765.19373159905,-50.6453094524868,174.113332130275
65.1937315990529,-49.6853179156592,12.0390079277528,12.0390079277528,0,0,1,0,1.90787846173575,0,450,1765.19373159905,-49.6853179156592,174.113332130275
65.1937315990529,-48.7253263788316,12.0150346412291,12.015034641229,0,0,1,0,1.9046636859208,0,450,1765.19373159905,-48.7253263788316,174.113332130275
65.1937315990529,-47.765334842004,11.996562100575,11.996562100575,0,0,1.00000000000001,0,1.90184255791544,0,450,1765.19373159905,-47.765334842004,174.113332130275
65.1937315990529,-46.8053433051764,11.9839065912341,11.9839065912341,0,0,1,0,1.89943834212234,0,378,1765.19373159905,-46.8053433051764,174.113332130275
65.1937315990529,-45.8453517683488,11.9773920989142,11.9773920989142,0,0,1,0,1.89747349155296,0,378,1765.19373159905,-45.8453517683488,174.113332130275
65.1937315990529,-44.8853602315212,11.9774037864793,11.9774037864793,0,0,1,0,1.89597546225749,0,378,1765.19373159905,-44.8853602315212,174.113332130275
65.1937315990529,-43.9253686946936,11.9843545368178,11.9843545368178,0,0,1,0,1.89497263902451,0,378,1765.19373159905,-43.9253686946936,174.113332130275
65.1937315990529,-42.965377157866,11.9987092010136,11.9987092010136,0,0,1,0,1.89449676834156,0,378,1765.19373159905,-42.965377157866,174.113332130275
65.1937315990529,-42.0053856210384,12.0209686530176,12.0209686530176,0,0,1,0,1.89458070244884,0,378,1765.19373159905,-42.0053856210384,174.113332130275
65.1937315990529,-41.0453940842108,12.0517330627524,12.0517330627524,0,0,1,0,1.8952653366934,0,378,1765.19373159905,-41.0453940842108,174.113332130275
65.1937315990529,-40.0854025473832,12.0916097244176,12.0916097244176,0,0,1,0,1.89658821475406,0,378,1765.19373159905,-40.0854025473832,174.113332130275
65.1937315990529,-39.1254110105556,12.1413425258899,12.1413425258898,0,0,1,0,1.89859812697743,0,378,1765.19373159905,-39.1254110105556,174.113332130275
65.1937315990529,-38.165419473728,12.2017266429227,12.2017266429227,0,0,1,0,1.90134421419306,0,378,1765.19373159905,-38.165419473728,174.113332130275
65.1937315990529,-37.2054279369004,12.2736469771656,12.2736469771656,0,0,1.00000000000001,0,1.90487951464454,0,378,1765.19373159905,-37.2054279369004,174.113332130275
65.1937315990529,-36.2454364000728,12.3581900980707,12.3581900980706,0,0,1,0,1.9092733850054,0,378,1765.19373159905,-36.2454364000728,174.113332130275
65.1937315990529,-35.2854448632451,12.4564527888274,12.4564527888273,0,0,1,0,1.91458683828725,0,414,1765.19373159905,-35.2854448632451,174.113332130275
65.1937315990529,-34.3254533264175,12.5697775134075,12.5697775134074,0,0,1,0,1.92089944057939,0,450,1765.19373159905,-34.3254533264175,174.113332130275
66.1537231358805,-53.5252840629697,12.0844456624112,12.0844456624112,0,0,1,0,1.91973530320315,0,414,1766.15372313588,-53.5252840629697,174.113332130275
66.1537231358805,-52.5652925261421,12.0392047333044,12.0392047333044,0,0,1,0,1.9150636547999,0,450,1766.15372313588,-52.5652925261421,174.113332130275
66.1537231358805,-51.6053009893145,11.9983767157415,11.9983767157414,0,0,1,0,1.91070675510274,0,450,1766.15372313588,-51.6053009893145,174.113332130275
66.1537231358805,-50.6453094524868,11.9621658158873,11.9621658158873,0,0,1,0,1.90668054566005,0,450,1766.15372313588,-50.6453094524868,174.113332130275
66.1537231358805,-49.6853179156592,11.930854409995,11.930854409995,0,0,1,0,1.90300868202796,0,450,1766.15372313588,-49.6853179156592,174.113332130275
66.1537231358805,-48.7253263788316,11.9046360156409,11.9046360156409,0,0,1,0,1.8997041054858,0,450,1766.15372313588,-48.7253263788316,174.113332130275
66.1537231358805,-47.765334842004,11.883773452583,11.883773452583,0,0,1,0,1.89678615148053,0,450,1766.15372313588,-47.765334842004,174.113332130275
66.1537231358805,-46.8053433051764,11.8685841298597,11.8685841298597,0,0,1,0,1.89427889490692,0,378,1766.15372313588,-46.8053433051764,174.113332130275
66.1537231358805,-45.8453517683488,11.8594191216983,11.8594191216983,0,0,1,0,1.89220866052604,0,378,1766.15372313588,-45.8453517683488,174.113332130275
66.1537231358805,-44.8853602315212,11.8565970683904,11.8565970683904,0,0,1,0,1.89059629613319,0,378,1766.15372313588,-44.8853602315212,174.113332130275
66.1537231358805,-43.9253686946936,11.8605410704244,11.8605410704244,0,0,1,0,1.8894723268966,0,378,1766.15372313588,-43.9253686946936,174.113332130275
66.1537231358805,-42.965377157866,11.8717133110504,11.8717133110504,0,0,1,0,1.8888693226625,0,378,1766.15372313588,-42.965377157866,174.113332130275
66.1537231358805,-42.0053856210384,11.8905776258338,11.8905776258337,0,0,1,0,1.88881715134027,0,378,1766.15372313588,-42.0053856210384,174.113332130275
66.1537231358805,-41.0453940842108,11.9177280122284,11.9177280122283,0,0,1,0,1.88935736863708,0,378,1766.15372313588,-41.0453940842108,174.113332130275
66.1537231358805,-40.0854025473832,11.953756589752,11.953756589752,0,0,1,0,1.89052739728096,0,378,1766.15372313588,-40.0854025473832,174.113332130275
66.1537231358805,-39.1254110105556,11.9993700552424,11.9993700552424,0,0,1,0,1.89237342747193,0,378,1766.15372313588,-39.1254110105556,174.113332130275
66.1537231358805,-38.165419473728,12.0553495424274,12.0553495424273,0,0,1,0,1.89494499466108,0,378,1766.15372313588,-38.165419473728,174.113332130275
66.1537231358805,-37.2054279369004,12.1225690857304,12.1225690857303,0,0,1,0,1.89829621219677,0,378,1766.15372313588,-37.2054279369004,174.113332130275
66.1537231358805,-36.2454364000728,12.2020427823801,12.2020427823801,0,0,1,0,1.90249031354275,0,378,1766.15372313588,-36.2454364000728,174.113332130275
66.1537231358805,-35.2854448632451,12.2948609780033,12.2948609780033,0,0,1,0,1.90759061108781,0,414,1766.15372313588,-35.2854448632451,174.113332130275
66.1537231358805,-34.3254533264175,12.402358604223,12.4023586042229,0,0,1,0,1.91367920405076,0,450,1766.15372313588,-34.3254533264175,174.113332130275
67.1137146727081,-53.5252840629697,11.9991148527657,11.9991148527657,0,0,1,0,1.91614772533071,0,414,1767.11371467271,-53.5252840629697,174.113332130275
67.1137146727081,-52.5652925261421,11.9523562899374,11.9523562899374,0,0,1,0,1.91142042003339,0,414,1767.11371467271,-52.5652925261421,174.113332130275
67.1137146727081,-51.6053009893145,11.9099295468556,11.9099295468556,0,0,1,0,1.9070045507593,0,414,1767.11371467271,-51.6053009893145,174.113332130275
67.1137146727081,-50.6453094524868,11.8720330310258,11.8720330310257,0,0,1,0,1.90291580735276,0,450,1767.11371467271,-50.6453094524868,174.113332130275
67.1137146727081,-49.6853179156592,11.8389422334509,11.8389422334509,0,0,1,0,1.89917745538267,0,450,1767.11371467271,-49.6853179156592,174.113332130275
67.1137146727081,-48.7253263788316,11.8108460654475,11.8108460654475,0,0,1,0,1.89580243857506,0,450,1767.11371467271,-48.7253263788316,174.113332130275
67.1137146727081,-47.765334842004,11.7879981961942,11.7879981961941,0,0,1,0,1.89280960380824,0,450,1767.11371467271,-47.765334842004,174.113332130275
67.1137146727081,-46.8053433051764,11.7707248731778,11.7707248731777,0,0,1,0,1.89022455648331,0,450,1767.11371467271,-46.8053433051764,174.113332130275
67.1137146727081,-45.8453517683488,11.7593441207714,11.7593441207714,0,0,1,0,1.88807057079626,0,378,1767.11371467271,-45.8453517683488,174.113332130275
67.1137146727081,-44.8853602315212,11.7541716885293,11.7541716885293,0,0,1,0,1.88636890682678,0,378,1767.11371467271,-44.8853602315212,174.113332130275
67.1137146727081,-43.9253686946936,11.755624085213,11.755624085213,0,0,1,0,1.88515011728799,0,378,1767.11371467271,-43.9253686946936,174.113332130275
67.1137146727081,-42.965377157866,11.7641620491106,11.7641620491106,0,0,1,0,1.8844474874982,0,378,1767.11371467271,-42.965377157866,174.113332130275
67.1137146727081,-42.0053856210384,11.7802177710924,11.7802177710924,0,0,1,0,1.88428831260751,0,378,1767.11371467271,-42.0053856210384,174.113332130275
67.1137146727081,-41.0453940842108,11.8043685426354,11.8043685426353,0,0,1,0,1.88471328663315,0,378,1767.11371467271,-41.0453940842108,174.113332130275
67.1137146727081,-40.0854025473832,11.8372179180295,11.8372179180295,0,0,1,0,1.88576244298719,0,378,1767.11371467271,-40.0854025473832,174.113332130275
67.1137146727081,-39.1254110105556,11.8794140139063,11.8794140139063,0,0,1,0,1.88747656446013,0,378,1767.11371467271,-39.1254110105556,174.113332130275
67.1137146727081,-38.165419473728,11.9317677547398,11.9317677547398,0,0,1,0,1.88991027248977,0,378,1767.11371467271,-38.165419473728,174.113332130275
67.1137146727081,-37.2054279369004,11.9950921955393,11.9950921955393,0,0,1,0,1.89311234131334,0,378,1767.11371467271,-37.2054279369004,174.113332130275
67.1137146727081,-36.2454364000728,12.0703827240356,12.0703827240356,0,0,1,0,1.89714579970782,0,414,1767.11371467271,-36.2454364000728,174.113332130275
67.1137146727081,-35.2854448632451,12.1587349390075,12.1587349390075,0,0,1,0,1.9020770003981,0,414,1767.11371467271,-35.2854448632451,174.113332130275
67.1137146727081,-34.3254533264175,12.2613950645598,12.2613950645598,0,0,1,0,1.90798000569413,0,414,1767.11371467271,-34.3254533264175,174.113332130275
68.0737062095357,-53.5252840629697,11.9287502300102,11.9287502300102,0,0,1,0,1.91353180911361,0,486,1768.07370620954,-53.5252840629697,174.113332130275
68.0737062095357,-52.5652925261421,11.880757631785,11.880757631785,0,0,1,0,1.90876442573808,0,414,1768.07370620954,-52.5652925261421,174.113332130275
68.0737062095357,-51.6053009893145,11.83705285313,11.83705285313,0,0,1,0,1.90430804773895,0,414,1768.07370620954,-51.6053009893145,174.113332130275
68.0737062095357,-50.6453094524868,11.7978283576959,11.7978283576959,0,0,1,0,1.90017805260013,0,414,1768.07370620954,-50.6453094524868,174.113332130275
68.0737062095357,-49.6853179156592,11.763298739564,11.763298739564,0,0,1,0,1.89639141065669,0,414,1768.07370620954,-49.6853179156592,174.113332130275
68.0737062095357,-48.7253263788316,11.7337020595735,11.7337020595735,0,0,1,0,1.8929667337257,0,450,1768.07370620954,-48.7253263788316,174.113332130275
68.0737062095357,-47.765334842004,11.7092923265082,11.7092923265082,0,0,1,0,1.88992333254995,0,450,1768.07370620954,-47.765334842004,174.113332130275
68.0737062095357,-46.8053433051764,11.6903398404772,11.6903398404772,0,0,1,0,1.88728107429291,0,450,1768.07370620954,-46.8053433051764,174.113332130275
68.0737062095357,-45.8453517683488,11.6771843927554,11.6771843927554,0,0,1,0,1.88506607378913,0,342,1768.07370620954,-45.8453517683488,174.113332130275
68.0737062095357,-44.8853602315212,11.6701579952121,11.6701579952121,0,0,1,0,1.88330197207583,0,378,1768.07370620954,-44.8853602315212,174.113332130275
68.0737062095357,-43.9253686946936,11.6696456614792,11.6696456614792,0,0,1,0,1.88201640711078,0,378,1768.07370620954,-43.9253686946936,174.113332130275
68.0737062095357,-42.965377157866,11.6760770814025,11.6760770814025,0,0,1,0,1.88123978269984,0,378,1768.07370620954,-42.965377157866,174.113332130275
68.0737062095357,-42.0053856210384,11.6898915231307,11.6898915231306,0,0,1,0,1.88100096004025,0,378,1768.07370620954,-42.0053856210384,174.113332130275
68.0737062095357,-41.0453940842108,11.7116916662785,11.7116916662785,0,0,1,0,1.88134432273826,0,378,1768.07370620954,-41.0453940842108,174.113332130275
68.0737062095357,-40.0854025473832,11.7420062628685,11.7420062628684,0,0,1,0,1.88230227875524,0,378,1768.07370620954,-40.0854025473832,174.113332130275
68.0737062095357,-39.1254110105556,11.7815124969605,11.7815124969604,0,0,1,0,1.88392001098039,0,378,1768.07370620954,-39.1254110105556,174.113332130275
68.0737062095357,-38.165419473728,11.8309932096594,11.8309932096594,0,0,1,0,1.88625000699764,0,378,1768.07370620954,-38.165419473728,174.113332130275
68.0737062095357,-37.2054279369004,11.8912274302065,11.8912274302065,0,0,1,0,1.8893384394912,0,378,1768.07370620954,-37.2054279369004,174.113332130275
68.0737062095357,-36.2454364000728,11.9632441423987,11.9632441423987,0,0,1,0,1.89325375514755,0,414,1768.07370620954,-36.2454364000728,174.113332130275
68.0737062095357,-35.2854448632451,12.0480472280986,12.0480472280985,0,0,1,0,1.8980531958638,0,414,1768.07370620954,-35.2854448632451,174.113332130275
68.0737062095357,-34.3254533264175,12.1469279013772,12.1469279013772,0,0,1,0,1.90381809035994,0,414,1768.07370620954,-34.3254533264175,174.113332130275
69.0336977463633,-53.5252840629697,11.8733762987352,11.8733762987351,0,0,1,0,1.91189153670418,0,450,1769.03369774636,-53.5252840629697,174.113332130275
69.0336977463633,-52.5652925261421,11.8244846887894,11.8244846887894,0,0,1,0,1.90710529172428,0,450,1769.03369774636,-52.5652925261421,174.113332130275
69.0336977463633,-51.6053009893145,11.7798120133324,11.7798120133324,0,0,1,0,1.90262597136885,0,486,1769.03369774636,-51.6053009893145,174.113332130275
69.0336977463633,-50.6453094524868,11.7395689994329,11.7395689994329,0,0,1,0,1.89847104773967,0,486,1769.03369774636,-50.6453094524868,174.113332130275
69.0336977463633,-49.6853179156592,11.7039912902656,11.7039912902656,0,0,1,0,1.89465995186895,0,414,1769.03369774636,-49.6853179156592,174.113332130275
69.0336977463633,-48.7253263788316,11.6732611810729,11.6732611810729,0,0,1,0,1.89120556053831,0,486,1769.03369774636,-48.7253263788316,174.113332130275
69.0336977463633,-47.765334842004,11.647683357156,11.647683357156,0,0,1,0,1.88813288549075,0,486,1769.03369774636,-47.765334842004,174.113332130275
69.0336977463633,-46.8053433051764,11.6274883690521,11.6274883690521,0,0,1,0,1.88545779820964,0,450,1769.03369774636,-46.8053433051764,174.113332130275
69.0336977463633,-45.8453517683488,11.6130277692414,11.6130277692414,0,0,1,0,1.88320798218645,0,342,1769.03369774636,-45.8453517683488,174.113332130275
69.0336977463633,-44.8853602315212,11.6046126955591,11.6046126955591,0,0,1,0,1.88140515295393,0,378,1769.03369774636,-44.8853602315212,174.113332130275
69.0336977463633,-43.9253686946936,11.6026296064095,11.6026296064095,0,0,1,0,1.88007747402439,0,378,1769.03369774636,-43.9253686946936,174.113332130275
69.0336977463633,-42.965377157866,11.607503969487,11.607503969487,0,0,1,0,1.87925531671532,0,378,1769.03369774636,-42.965377157866,174.113332130275
69.0336977463633,-42.0053856210384,11.6196809973708,11.6196809973708,0,0,1,0,1.87896873626655,0,378,1769.03369774636,-42.0053856210384,174.113332130275
69.0336977463633,-41.0453940842108,11.6397217995604,11.6397217995604,0,0,1,0,1.87925788928912,0,378,1769.03369774636,-41.0453940842108,174.113332130275
69.0336977463633,-40.0854025473832,11.6681661412689,11.6681661412688,0,0,1,0,1.88015708203877,0,378,1769.03369774636,-40.0854025473832,174.113332130275
69.0336977463633,-39.1254110105556,11.7057075365562,11.7057075365562,0,0,1,0,1.88171403395483,0,378,1769.03369774636,-39.1254110105556,174.113332130275
69.0336977463633,-38.165419473728,11.753057295439,11.753057295439,0,0,1,0,1.88397373626968,0,378,1769.03369774636,-38.165419473728,174.113332130275
69.0336977463633,-37.2054279369004,11.8110509796824,11.8110509796824,0,0,1,0,1.88698979560723,0,378,1769.03369774636,-37.2054279369004,174.113332130275
69.0336977463633,-36.2454364000728,11.8806448103526,11.8806448103526,0,0,1,0,1.89082307353164,0,414,1769.03369774636,-36.2454364000728,174.113332130275
69.0336977463633,-35.2854448632451,11.9628682901348,11.9628682901348,0,0,1,0,1.89553495660167,0,414,1769.03369774636,-35.2854448632451,174.113332130275
69.0336977463633,-34.3254533264175,12.0589828604217,12.0589828604217,0,0,1,0,1.90120440941478,0,414,1769.03369774636,-34.3254533264175,174.113332130275
69.9936892831909,-53.5252840629697,11.8330761010019,11.8330761010018,0,0,1,0,1.9112357279954,0,414,1769.99368928319,-53.5252840629697,174.113332130275
69.9936892831909,-52.5652925261421,11.783573728019,11.783573728019,0,0,1,0,1.90644704279201,0,414,1769.99368928319,-52.5652925261421,174.113332130275
69.9936892831909,-51.6053009893145,11.7382747651898,11.7382747651898,0,0,1,0,1.90196581253812,0,450,1769.99368928319,-51.6053009893145,174.113332130275
69.9936892831909,-50.6453094524868,11.6973517329941,11.6973517329941,0,0,1,0,1.89780559523253,0,486,1769.99368928319,-50.6453094524868,174.113332130275
69.9936892831909,-49.6853179156592,11.6610617516658,11.6610617516657,0,0,1,0,1.89398815170269,0,486,1769.99368928319,-49.6853179156592,174.113332130275
69.9936892831909,-48.7253263788316,11.6296191710984,11.6296191710984,0,0,1,0,1.89052994890679,0,486,1769.99368928319,-48.7253263788316,174.113332130275
69.9936892831909,-47.765334842004,11.6032354857187,11.6032354857187,0,0,1,0,1.88744613532405,0,486,1769.99368928319,-47.765334842004,174.113332130275
69.9936892831909,-46.8053433051764,11.5822452971001,11.5822452971001,0,0,1,0,1.88476393350169,0,450,1769.99368928319,-46.8053433051764,174.113332130275
69.9936892831909,-45.8453517683488,11.5669188626144,11.5669188626144,0,0,1,0,1.8825023793861,0,450,1769.99368928319,-45.8453517683488,174.113332130275
69.9936892831909,-44.8853602315212,11.5575870156824,11.5575870156823,0,0,1,0,1.88068551533326,0,414,1769.99368928319,-44.8853602315212,174.113332130275
69.9936892831909,-43.9253686946936,11.5546560937129,11.5546560937128,0,0,1,0,1.87934387243943,0,450,1769.99368928319,-43.9253686946936,174.113332130275
69.9936892831909,-42.965377157866,11.5585093126924,11.5585093126924,0,0,1,0,1.87850338502234,0,450,1769.99368928319,-42.965377157866,174.113332130275
69.9936892831909,-42.0053856210384,11.5696246570488,11.5696246570488,0,0,1,0,1.87819799322984,0,450,1769.99368928319,-42.0053856210384,174.113332130275
69.9936892831909,-41.0453940842108,11.5885227393083,11.5885227393083,0,0,1,0,1.87846355617788,0,378,1769.99368928319,-41.0453940842108,174.113332130275
69.9936892831909,-40.0854025473832,11.6157775789006,11.6157775789006,0,0,1,0,1.87933855661241,0,378,1769.99368928319,-40.0854025473832,174.113332130275
69.9936892831909,-39.1254110105556,11.6520305007614,11.6520305007614,0,0,1,0,1.88086508846719,0,378,1769.99368928319,-39.1254110105556,174.113332130275
69.9936892831909,-38.165419473728,11.6980376676905,11.6980376676905,0,0,1,0,1.88309360308129,0,378,1769.99368928319,-38.165419473728,174.113332130275
69.9936892831909,-37.2054279369004,11.7545974262865,11.7545974262865,0,0,1,0,1.88607384745927,0,378,1769.99368928319,-37.2054279369004,174.113332130275
69.9936892831909,-36.2454364000728,11.8226480781029,11.8226480781028,0,0,1,0,1.88986500165104,0,414,1769.99368928319,-36.2454364000728,174.113332130275
69.9936892831909,-35.2854448632451,11.9032614775126,11.9032614775126,0,0,1,0,1.89453384939469,0,414,1769.99368928319,-35.2854448632451,174.113332130275
69.9936892831909,-34.3254533264175,11.9976138454227,11.9976138454227,0,0,1,0,1.90014989876679,0,414,1769.99368928319,-34.3254533264175,174.113332130275
70.9536808200185,-53.5252840629697,11.8079592701451,11.8079592701451,0,0,1,0,1.91157454580597,0,414,1770.95368082002,-53.5252840629697,174.113332130275
70.9536808200185,-52.5652925261421,11.7581128900915,11.7581128900914,0,0,1,0,1.90679777940383,0,414,1770.95368082002,-52.5652925261421,174.113332130275
70.9536808200185,-51.6053009893145,11.7125010562602,11.7125010562601,0,0,1,0,1.90233279685681,0,414,1770.95368082002,-51.6053009893145,174.113332130275
70.9536808200185,-50.6453094524868,11.6712614310105,11.6712614310104,0,0,1,0,1.89818962786043,0,414,1770.95368082002,-50.6453094524868,174.113332130275
70.9536808200185,-49.6853179156592,11.6346028051834,11.6346028051833,0,0,1,0,1.89438494197697,0,450,1770.95368082002,-49.6853179156592,174.113332130275
70.9536808200185,-48.7253263788316,11.6028094463916,11.6028094463916,0,0,1,0,1.89094256605143,0,450,1770.95368082002,-48.7253263788316,174.113332130275
70.9536808200185,-47.765334842004,11.5760564608488,11.5760564608488,0,0,1,0,1.88787388734815,0,450,1770.95368082002,-47.765334842004,174.113332130275
70.9536808200185,-46.8053433051764,11.5546607999769,11.5546607999768,0,0,1,0,1.88520418915195,0,450,1770.95368082002,-46.8053433051764,174.113332130275
70.9536808200185,-45.8453517683488,11.538936398763,11.538936398763,0,0,1,0,1.88295722476147,0,414,1770.95368082002,-45.8453517683488,174.113332130275
70.9536808200185,-44.8853602315212,11.5291632048255,11.5291632048255,0,0,1,0,1.88115157936223,0,378,1770.95368082002,-44.8853602315212,174.113332130275
70.9536808200185,-43.9253686946936,11.5257961416303,11.5257961416303,0,0,1,0,1.87982301876309,0,450,1770.95368082002,-43.9253686946936,174.113332130275
70.9536808200185,-42.965377157866,11.5291810742532,11.5291810742532,0,0,1,0,1.87899345568441,0,450,1770.95368082002,-42.965377157866,174.113332130275
70.9536808200185,-42.0053856210384,11.5398078377308,11.5398078377308,0,0,1,0,1.87869810880818,0,450,1770.95368082002,-42.0053856210384,174.113332130275
70.9536808200185,-41.0453940842108,11.5581947749121,11.5581947749121,0,0,1,0,1.87897256548163,0,450,1770.95368082002,-41.0453940842108,174.113332130275
70.9536808200185,-40.0854025473832,11.5849088189209,11.5849088189209,0,0,1,0,1.87985450749284,0,414,1770.95368082002,-40.0854025473832,174.113332130275
70.9536808200185,-39.1254110105556,11.62059986657,11.6205998665699,0,0,1,0,1.88138695200998,0,450,1770.95368082002,-39.1254110105556,174.113332130275
70.9536808200185,-38.165419473728,11.6660129911941,11.666012991194,0,0,1,0,1.88361902390211,0,450,1770.95368082002,-38.165419473728,174.113332130275
70.9536808200185,-37.2054279369004,11.7219538457985,11.7219538457984,0,0,1,0,1.88660124217916,0,414,1770.95368082002,-37.2054279369004,174.113332130275
70.9536808200185,-36.2454364000728,11.7893620562586,11.7893620562586,0,0,1,0,1.890392836796,0,414,1770.95368082002,-36.2454364000728,174.113332130275
70.9536808200185,-35.2854448632451,11.8692890488747,11.8692890488746,0,0,1,0,1.89505808796963,0,414,1770.95368082002,-35.2854448632451,174.113332130275
70.9536808200185,-34.3254533264175,11.9629383059763,11.9629383059762,0,0,1,0,1.90066948314491,0,414,1770.95368082002,-34.3254533264175,174.113332130275
71.9136723568461,-53.5252840629697,11.7980526986586,11.7980526986585,0,0,1,0,1.9129082878506,0,414,1771.91367235685,-53.5252840629697,174.113332130275
71.9136723568461,-52.5652925261421,11.7482305928111,11.7482305928111,0,0,1,0,1.90816830069933,0,414,1771.91367235685,-52.5652925261421,174.113332130275
71.9136723568461,-51.6053009893145,11.7025996516178,11.7025996516178,0,0,1,0,1.90373579094548,0,414,1771.91367235685,-51.6053009893145,174.113332130275
71.9136723568461,-50.6453094524868,11.6613658766283,11.6613658766283,0,0,1,0,1.89962776298967,0,414,1771.91367235685,-50.6453094524868,174.113332130275
71.9136723568461,-49.6853179156592,11.6247353378109,11.6247353378108,0,0,1,0,1.89586056271559,0,414,1771.91367235685,-49.6853179156592,174.113332130275
71.9136723568461,-48.7253263788316,11.5929350329856,11.5929350329856,0,0,1,0,1.89245190444955,0,414,1771.91367235685,-48.7253263788316,174.113332130275
71.9136723568461,-47.765334842004,11.5662247501028,11.5662247501028,0,0,1,0,1.88942200902087,0,414,1771.91367235685,-47.765334842004,174.113332130275
71.9136723568461,-46.8053433051764,11.5448528964775,11.5448528964775,0,0,1,0,1.88678879910384,0,414,1771.91367235685,-46.8053433051764,174.113332130275
71.9136723568461,-45.8453517683488,11.5291699409595,11.5291699409595,0,0,1,0,1.88457974647449,0,414,1771.91367235685,-45.8453517683488,174.113332130275
71.9136723568461,-44.8853602315212,11.5194628579746,11.5194628579746,0,0,1,0,1.88281410319086,0,414,1771.91367235685,-44.8853602315212,174.113332130275
71.9136723568461,-43.9253686946936,11.5161475003483,11.5161475003482,0,0,1,0,1.88152318188545,0,378,1771.91367235685,-43.9253686946936,174.113332130275
71.9136723568461,-42.965377157866,11.5196143308454,11.5196143308454,0,0,1,0,1.88073356478077,0,414,1771.91367235685,-42.965377157866,174.113332130275
71.9136723568461,-42.0053856210384,11.5303272822389,11.5303272822388,0,0,1,0,1.88047740496003,0,414,1771.91367235685,-42.0053856210384,174.113332130275
71.9136723568461,-41.0453940842108,11.5488309613284,11.5488309613284,0,0,1,0,1.88079288244004,0,450,1771.91367235685,-41.0453940842108,174.113332130275
71.9136723568461,-40.0854025473832,11.5756563573819,11.5756563573819,0,0,1,0,1.88171341597655,0,378,1771.91367235685,-40.0854025473832,174.113332130275
71.9136723568461,-39.1254110105556,11.6115210238632,11.6115210238632,0,0,1,0,1.88328912888959,0,414,1771.91367235685,-39.1254110105556,174.113332130275
71.9136723568461,-38.165419473728,11.6570886068362,11.6570886068361,0,0,1,0,1.88555964323641,0,450,1771.91367235685,-38.165419473728,174.113332130275
71.9136723568461,-37.2054279369004,11.7132450969439,11.7132450969439,0,0,1,0,1.88858393344409,0,486,1771.91367235685,-37.2054279369004,174.113332130275
71.9136723568461,-36.2454364000728,11.7808893084921,11.7808893084921,0,0,1,0,1.89241604610889,0,450,1771.91367235685,-36.2454364000728,174.113332130275
71.9136723568461,-35.2854448632451,11.8610911914869,11.8610911914869,0,0,1,0,1.89712161753207,0,450,1771.91367235685,-35.2854448632451,174.113332130275
71.9136723568461,-34.3254533264175,11.955065750327,11.955065750327,0,0,1,0,1.90277358783903,0,414,1771.91367235685,-34.3254533264175,174.113332130275
72.8736638936737,-53.5252840629697,11.8035341369149,11.8035341369149,0,0,1,0,1.91525134253181,0,414,1772.87366389367,-53.5252840629697,174.113332130275
72.8736638936737,-52.5652925261421,11.7539962346908,11.7539962346908,0,0,1,0,1.91056187870928,0,414,1772.87366389367,-52.5652925261421,174.113332130275
72.8736638936737,-51.6053009893145,11.7086715247402,11.7086715247402,0,0,1,0,1.90618134670331,0,414,1772.87366389367,-51.6053009893145,174.113332130275
72.8736638936737,-50.6453094524868,11.6678044371615,11.6678044371615,0,0,1,0,1.90213053648752,0,414,1772.87366389367,-50.6453094524868,174.113332130275
72.8736638936737,-49.6853179156592,11.631528036399,11.631528036399,0,0,1,0,1.89841815935084,0,414,1772.87366389367,-49.6853179156592,174.113332130275
72.8736638936737,-48.7253263788316,11.6001374078416,11.6001374078416,0,0,1,0,1.89506875630067,0,414,1772.87366389367,-48.7253263788316,174.113332130275
72.8736638936737,-47.765334842004,11.5738369664631,11.5738369664631,0,0,1,0,1.89209658407191,0,414,1772.87366389367,-47.765334842004,174.113332130275
72.8736638936737,-46.8053433051764,11.5529446615501,11.5529446615501,0,0,1,0,1.88952661895625,0,414,1772.87366389367,-46.8053433051764,174.113332130275
72.8736638936737,-45.8453517683488,11.5377406972106,11.5377406972106,0,0,1,0,1.88737864093491,0,414,1772.87366389367,-45.8453517683488,174.113332130275
72.8736638936737,-44.8853602315212,11.5285773148778,11.5285773148778,0,0,1,0,1.88567852543007,0,414,1772.87366389367,-44.8853602315212,174.113332130275
72.8736638936737,-43.9253686946936,11.5258332621145,11.5258332621145,0,0,1,0,1.88445325561724,0,378,1772.87366389367,-43.9253686946936,174.113332130275
72.8736638936737,-42.965377157866,11.5299256576467,11.5299256576467,0,0,1,0,1.88373188522748,0,378,1772.87366389367,-42.965377157866,174.113332130275
72.8736638936737,-42.0053856210384,11.5413079669166,11.5413079669166,0,0,1,0,1.88354497557134,0,378,1772.87366389367,-42.0053856210384,174.113332130275
72.8736638936737,-41.0453940842108,11.5605491583196,11.5605491583196,0,0,1,0,1.88393279449585,0,378,1772.87366389367,-41.0453940842108,174.113332130275
72.8736638936737,-40.0854025473832,11.5881666901768,11.5881666901767,0,0,1,0,1.8849267291586,0,378,1772.87366389367,-40.0854025473832,174.113332130275
72.8736638936737,-39.1254110105556,11.6248996878901,11.6248996878901,0,0,1,0,1.88657848369109,0,378,1772.87366389367,-39.1254110105556,174.113332130275
72.8736638936737,-38.165419473728,11.671407163767,11.6714071637669,0,0,1,0,1.8889264290795,0,414,1772.87366389367,-38.165419473728,174.113332130275
72.8736638936737,-37.2054279369004,11.7285996247542,11.7285996247542,0,0,1,0,1.89203123278663,0,450,1772.87366389367,-37.2054279369004,174.113332130275
72.8736638936737,-36.2454364000728,11.7973632920353,11.7973632920353,0,0,1,0,1.89594447507435,0,414,1772.87366389367,-36.2454364000728,174.113332130275
72.8736638936737,-35.2854448632451,11.8788133067549,11.8788133067548,0,0,1,0,1.90073553869706,0,450,1772.87366389367,-35.2854448632451,174.113332130275
72.8736638936737,-34.3254533264175,11.9741616481313,11.9741616481312,0,0,1,0,1.90647552624153,0,486,1772.87366389367,-34.3254533264175,174.113332130275
73.8336554305013,-53.5252840629697,11.8244504469663,11.8244504469662,0,0,1,0,1.91860340535678,0,414,1773.8336554305,-53.5252840629697,174.113332130275
73.8336554305013,-52.5652925261421,11.7755465174812,11.7755465174812,0,0,1,0,1.9139872763612,0,414,1773.8336554305,-52.5652925261421,174.113332130275
73.8336554305013,-51.6053009893145,11.7308709456509,11.7308709456509,0,0,1,0,1.9096799494877,0,414,1773.8336554305,-51.6053009893145,174.113332130275
73.8336554305013,-50.6453094524868,11.6906638073128,11.6906638073128,0,0,1,0,1.90570146953116,0,414,1773.8336554305,-50.6453094524868,174.113332130275
73.8336554305013,-49.6853179156592,11.6551494509715,11.6551494509715,0,0,1,0,1.90206965000786,0,414,1773.8336554305,-49.6853179156592,174.113332130275
73.8336554305013,-48.7253263788316,11.6244994796716,11.6244994796716,0,0,1,0,1.89879607428745,0,414,1773.8336554305,-48.7253263788316,174.113332130275
73.8336554305013,-47.765334842004,11.5990601305178,11.5990601305178,0,0,1,0,1.8959093006011,0,414,1773.8336554305,-47.765334842004,174.113332130275
73.8336554305013,-46.8053433051764,11.5790434411994,11.5790434411994,0,0,1,0,1.89342297804199,0,414,1773.8336554305,-46.8053433051764,174.113332130275
73.8336554305013,-45.8453517683488,11.5647872239987,11.5647872239987,0,0,1,0,1.89136247375858,0,414,1773.8336554305,-45.8453517683488,174.113332130275
73.8336554305013,-44.8853602315212,11.5566480430328,11.5566480430328,0,0,1,0,1.88975365045094,0,414,1773.8336554305,-44.8853602315212,174.113332130275
73.8336554305013,-43.9253686946936,11.5549896596018,11.5549896596018,0,0,1,0,1.88862138980808,0,414,1773.8336554305,-43.9253686946936,174.113332130275
73.8336554305013,-42.965377157866,11.5602487877148,11.5602487877148,0,0,1,0,1.88799620945952,0,378,1773.8336554305,-42.965377157866,174.113332130275
73.8336554305013,-42.0053856210384,11.5729109659286,11.5729109659285,0,0,1,0,1.88791144612546,0,378,1773.8336554305,-42.0053856210384,174.113332130275
73.8336554305013,-41.0453940842108,11.593491881158,11.593491881158,0,0,1,0,1.8884008259658,0,378,1773.8336554305,-41.0453940842108,174.113332130275
73.8336554305013,-40.0854025473832,11.6225970986505,11.6225970986505,0,0,1,0,1.88950440140031,0,378,1773.8336554305,-40.0854025473832,174.113332130275
73.8336554305013,-39.1254110105556,11.6608896965762,11.6608896965762,0,0,1,0,1.89126452890256,0,378,1773.8336554305,-39.1254110105556,174.113332130275
73.8336554305013,-38.165419473728,11.7091266571861,11.7091266571861,0,0,1,0,1.89372913172801,0,378,1773.8336554305,-38.165419473728,174.113332130275
73.8336554305013,-37.2054279369004,11.7681753525613,11.7681753525612,0,0,1,0,1.89695272820112,0,414,1773.8336554305,-37.2054279369004,174.113332130275
73.8336554305013,-36.2454364000728,11.8389623881106,11.8389623881106,0,0,1,0,1.90098980053802,0,414,1773.8336554305,-36.2454364000728,174.113332130275
73.8336554305013,-35.2854448632451,11.9226171733154,11.9226171733154,0,0,1,0,1.90590942048375,0,414,1773.8336554305,-35.2854448632451,174.113332130275
73.8336554305013,-34.3254533264175,12.0203776927933,12.0203776927933,0,0,1,0,1.91178344105747,0,450,1773.8336554305,-34.3254533264175,174.113332130275
74.7936469673289,-53.5252840629697,11.8610124170869,11.8610124170869,0,0,1,0,1.92297930068066,0,414,1774.79364696733,-53.5252840629697,174.113332130275
74.7936469673289,-52.5652925261421,11.8129998727919,11.8129998727919,0,0,1,0,1.91844994599417,0,414,1774.79364696733,-52.5652925261421,174.113332130275
74.7936469673289,-51.6053009893145,11.7692973314814,11.7692973314814,0,0,1,0,1.91423499044606,0,414,1774.79364696733,-51.6053009893145,174.113332130275
74.7936469673289,-50.6453094524868,11.7301286459627,11.7301286459626,0,0,1,0,1.91035254476293,0,414,1774.79364696733,-50.6453094524868,174.113332130275
74.7936469673289,-49.6853179156592,11.695680548201,11.695680548201,0,0,1,0,1.90681627858956,0,414,1774.79364696733,-49.6853179156592,174.113332130275
74.7936469673289,-48.7253263788316,11.6662297653705,11.6662297653705,0,0,1,0,1.90364811292135,0,414,1774.79364696733,-48.7253263788316,174.113332130275
74.7936469673289,-47.765334842004,11.641982985518,11.641982985518,0,0,1,0,1.90086188030638,0,414,1774.79364696733,-47.765334842004,174.113332130275
74.7936469673289,-46.8053433051764,11.6233145140165,11.6233145140165,0,0,1,0,1.89848743202414,0,414,1774.79364696733,-46.8053433051764,174.113332130275
74.7936469673289,-45.8453517683488,11.6104436865558,11.6104436865558,0,0,1,0,1.89653738123994,0,414,1774.79364696733,-45.8453517683488,174.113332130275
74.7936469673289,-44.8853602315212,11.6038267371061,11.6038267371061,0,0,1,0,1.89504729337802,0,414,1774.79364696733,-44.8853602315212,174.113332130275
74.7936469673289,-43.9253686946936,11.6037674213122,11.6037674213122,0,0,1,0,1.89403512064153,0,414,1774.79364696733,-43.9253686946936,174.113332130275
74.7936469673289,-42.965377157866,11.6107674007321,11.6107674007321,0,0,1,0,1.89353739909632,0,378,1774.79364696733,-42.965377157866,174.113332130275
74.7936469673289,-42.0053856210384,11.6252656510971,11.6252656510971,0,0,1,0,1.89358163739242,0,378,1774.79364696733,-42.0053856210384,174.113332130275
74.7936469673289,-41.0453940842108,11.6478475353808,11.6478475353807,0,0,1,0,1.89420794665309,0,378,1774.79364696733,-41.0453940842108,174.113332130275
74.7936469673289,-40.0854025473832,11.6790727517721,11.6790727517721,0,0,1,0,1.89545030177047,0,378,1774.79364696733,-40.0854025473832,174.113332130275
74.7936469673289,-39.1254110105556,11.7196915396836,11.7196915396835,0,0,1,0,1.89735906828399,0,378,1774.79364696733,-39.1254110105556,174.113332130275
74.7936469673289,-38.165419473728,11.7704240635723,11.7704240635723,0,0,1,0,1.89997667693249,0,378,1774.79364696733,-38.165419473728,174.113332130275
74.7936469673289,-37.2054279369004,11.8321555237947,11.8321555237947,0,0,1,0,1.90335774372995,0,414,1774.79364696733,-37.2054279369004,174.113332130275
74.7936469673289,-36.2454364000728,11.9058798154237,11.9058798154237,0,0,1,0,1.90756206114363,0,414,1774.79364696733,-36.2454364000728,174.113332130275
74.7936469673289,-35.2854448632451,11.9927121621523,11.9927121621523,0,0,1,0,1.91265473220455,0,414,1774.79364696733,-35.2854448632451,174.113332130275
74.7936469673289,-34.3254533264175,12.0939263771981,12.0939263771981,0,0,1,0,1.91870875161476,0,414,1774.79364696733,-34.3254533264175,174.113332130275
75.7536385041565,-53.5252840629697,11.913328868474,11.913328868474,0,0,1,0,1.92838219682927,0,450,1775.75363850416,-53.5252840629697,174.113332130275
75.7536385041565,-52.5652925261421,11.8665147265306,11.8665147265306,0,0,1,0,1.92395792206201,0,450,1775.75363850416,-52.5652925261421,174.113332130275
75.7536385041565,-51.6053009893145,11.8241274135864,11.8241274135864,0,0,1,0,1.91985617375876,0,450,1775.75363850416,-51.6053009893145,174.113332130275
75.7536385041565,-50.6453094524868,11.7863101176544,11.7863101176543,0,0,1,0,1.91608667509197,0,450,1775.75363850416,-50.6453094524868,174.113332130275
75.7536385041565,-49.6853179156592,11.7533362926838,11.7533362926838,0,0,1,0,1.91267135436075,0,414,1775.75363850416,-49.6853179156592,174.113332130275
75.7536385041565,-48.7253263788316,11.7254176189023,11.7254176189023,0,0,1,0,1.90962511517483,0,450,1775.75363850416,-48.7253263788316,174.113332130275
75.7536385041565,-47.765334842004,11.7028380717148,11.7028380717148,0,0,1,0,1.90696911337967,0,414,1775.75363850416,-47.765334842004,174.113332130275
75.7536385041565,-46.8053433051764,11.6858974375554,11.6858974375553,0,0,1,0,1.9047249616933,0,414,1775.75363850416,-46.8053433051764,174.113332130275
75.7536385041565,-45.8453517683488,11.6749225404486,11.6749225404486,0,0,1,0,1.90291567368372,0,414,1775.75363850416,-45.8453517683488,174.113332130275
75.7536385041565,-44.8853602315212,11.6702584108739,11.6702584108739,0,0,1,0,1.90156452532199,0,414,1775.75363850416,-44.8853602315212,174.113332130275
75.7536385041565,-43.9253686946936,11.6723650652638,11.6723650652638,0,0,1,0,1.90070483719578,0,414,1775.75363850416,-43.9253686946936,174.113332130275
75.7536385041565,-42.965377157866,11.6816135514246,11.6816135514246,0,0,1,0,1.90035854664159,0,414,1775.75363850416,-42.965377157866,174.113332130275
75.7536385041565,-42.0053856210384,11.6985883649931,11.6985883649931,0,0,1,0,1.90056729500669,0,378,1775.75363850416,-42.0053856210384,174.113332130275
75.7536385041565,-41.0453940842108,11.7237676382699,11.7237676382699,0,0,1,0,1.90135863836737,0,378,1775.75363850416,-41.0453940842108,174.113332130275
75.7536385041565,-40.0854025473832,11.7578490674042,11.7578490674042,0,0,1,0,1.90277972581443,0,378,1775.75363850416,-40.0854025473832,174.113332130275
75.7536385041565,-39.1254110105556,11.8014825944143,11.8014825944143,0,0,1,0,1.90486857151566,0,378,1775.75363850416,-39.1254110105556,174.113332130275
75.7536385041565,-38.165419473728,11.8554911086405,11.8554911086405,0,0,1,0,1.90767667801823,0,414,1775.75363850416,-38.165419473728,174.113332130275
75.7536385041565,-37.2054279369004,11.9207736020544,11.9207736020544,0,0,1,0,1.91125797284297,0,414,1775.75363850416,-37.2054279369004,174.113332130275
75.7536385041565,-36.2454364000728,11.9983199986259,11.9983199986259,0,0,1,0,1.91566927123566,0,414,1775.75363850416,-36.2454364000728,174.113332130275
75.7536385041565,-35.2854448632451,12.0893079787358,12.0893079787358,0,0,1,0,1.92097950578572,0,414,1775.75363850416,-35.2854448632451,174.113332130275
75.7536385041565,-34.3254533264175,12.1950548299778,12.1950548299778,0,0,1,0,1.92726302064713,0,414,1775.75363850416,-34.3254533264175,174.113332130275
76.7136300409841,-53.5252840629697,11.9815193182463,11.9815193182462,0,0,1,0,1.93481504847921,0,414,1776.71363004098,-53.5252840629697,174.113332130275
76.7136300409841,-52.5652925261421,11.9362930570879,11.9362930570879,0,0,1,0,1.93052203522792,0,414,1776.71363004098,-52.5652925261421,174.113332130275
76.7136300409841,-51.6053009893145,11.8955045981872,11.8955045981872,0,0,1,0,1.92654833194974,0,450,1776.71363004098,-51.6053009893145,174.113332130275
76.7136300409841,-50.6453094524868,11.8594105161279,11.8594105161279,0,0,1,0,1.92291438482815,0,450,1776.71363004098,-50.6453094524868,174.113332130275
76.7136300409841,-49.6853179156592,11.8282663923923,11.8282663923923,0,0,1,0,1.91963983232931,0,450,1776.71363004098,-49.6853179156592,174.113332130275
76.7136300409841,-48.7253263788316,11.802253737259,11.802253737259,0,0,1,0,1.91673602832488,0,414,1776.71363004098,-48.7253263788316,174.113332130275
76.7136300409841,-47.765334842004,11.7817615264199,11.7817615264199,0,0,1,0,1.91423400958054,0,414,1776.71363004098,-47.765334842004,174.113332130275
76.7136300409841,-46.8053433051764,11.7669833488045,11.7669833488045,0,0,1,0,1.9121440011955,0,450,1776.71363004098,-46.8053433051764,174.113332130275
76.7136300409841,-45.8453517683488,11.7583579958454,11.7583579958454,0,0,1,0,1.91049953542676,0,450,1776.71363004098,-45.8453517683488,174.113332130275
76.7136300409841,-44.8853602315212,11.7561944713379,11.7561944713379,0,0,1,0,1.9093193751456,0,450,1776.71363004098,-44.8853602315212,174.113332130275
76.7136300409841,-43.9253686946936,11.7609365283866,11.7609365283866,0,0,1,0,1.90863406643194,0,450,1776.71363004098,-43.9253686946936,174.113332130275
76.7136300409841,-42.965377157866,11.7730468644078,11.7730468644078,0,0,1,0,1.9084738927529,0,414,1776.71363004098,-42.965377157866,174.113332130275
76.7136300409841,-42.0053856210384,11.7930429010827,11.7930429010827,0,0,1,0,1.90887216183392,0,414,1776.71363004098,-42.0053856210384,174.113332130275
76.7136300409841,-41.0453940842108,11.8215107440742,11.8215107440742,0,0,1,0,1.90986623784571,0,378,1776.71363004098,-41.0453940842108,174.113332130275
76.7136300409841,-40.0854025473832,11.8590843468212,11.8590843468212,0,0,1,0,1.911494841499,0,378,1776.71363004098,-40.0854025473832,174.113332130275
76.7136300409841,-39.1254110105556,11.9064834521872,11.9064834521872,0,0,1,0,1.91380138462379,0,378,1776.71363004098,-39.1254110105556,174.113332130275
76.7136300409841,-38.165419473728,11.9645811669266,11.9645811669265,0,0,1,0,1.91684043666925,0,414,1776.71363004098,-38.165419473728,174.113332130275
76.7136300409841,-37.2054279369004,12.0342359777451,12.0342359777451,0,0,1,0,1.92065902352044,0,414,1776.71363004098,-37.2054279369004,174.113332130275
76.7136300409841,-36.2454364000728,12.1165455898279,12.1165455898279,0,0,1,0,1.92532249107269,0,414,1776.71363004098,-36.2454364000728,174.113332130275
76.7136300409841,-35.2854448632451,12.2126973571479,12.2126973571479,0,0,1,0,1.93089736092727,0,414,1776.71363004098,-35.2854448632451,174.113332130275
76.7136300409841,-34.3254533264175,12.3240253915376,12.3240253915376,0,0,1,0,1.93745575184651,0,414,1776.71363004098,-34.3254533264175,174.113332130275
77.6736215778117,-53.5252840629697,12.0658656544318,12.0658656544317,0,0,1,0,1.94229524956585,0,414,1777.67362157781,-53.5252840629697,174.113332130275
77.6736215778117,-52.5652925261421,12.0224524726271,12.0224524726271,0,0,1,0,1.93814333534677,0,414,1777.67362157781,-52.5652925261421,174.113332130275
77.6736215778117,-51.6053009893145,11.9836239632237,11.9836239632236,0,0,1,0,1.93431992115369,0,414,1777.67362157781,-51.6053009893145,174.113332130275
77.6736215778117,-50.6453094524868,11.9496133318821,11.9496133318821,0,0,1,0,1.93084265383688,0,414,1777.67362157781,-50.6453094524868,174.113332130275
77.6736215778117,-49.6853179156592,11.9206302754384,11.9206302754384,0,0,1,0,1.92772605948147,0,414,1777.67362157781,-49.6853179156592,174.113332130275
77.6736215778117,-48.7253263788316,11.8969968940657,11.8969968940657,0,0,1,0,1.92499478826173,0,414,1777.67362157781,-48.7253263788316,174.113332130275
77.6736215778117,-47.765334842004,11.878911886488,11.878911886488,0,0,1,0,1.92266016958616,0,450,1777.67362157781,-47.765334842004,174.113332130275
77.6736215778117,-46.8053433051764,11.8668241898743,11.8668241898743,0,0,1,0,1.92075717323697,0,414,1777.67362157781,-46.8053433051764,174.113332130275
77.6736215778117,-45.8453517683488,11.8609540331374,11.8609540331374,0,0,1,0,1.91929642532675,0,450,1777.67362157781,-45.8453517683488,174.113332130275
77.6736215778117,-44.8853602315212,11.8618031328011,11.8618031328011,0,0,1,0,1.91831510593329,0,450,1777.67362157781,-44.8853602315212,174.113332130275
77.6736215778117,-43.9253686946936,11.8697126085847,11.8697126085847,0,0,1,0,1.91783217198872,0,450,1777.67362157781,-43.9253686946936,174.113332130275
77.6736215778117,-42.965377157866,11.8852529527277,11.8852529527277,0,0,1,0,1.91788755046395,0,414,1777.67362157781,-42.965377157866,174.113332130275
77.6736215778117,-42.0053856210384,11.9088853541406,11.9088853541406,0,0,1,0,1.91850727145901,0,450,1777.67362157781,-42.0053856210384,174.113332130275
77.6736215778117,-41.0453940842108,11.94126202009,11.94126202009,0,0,1,0,1.91973374588306,0,414,1777.67362157781,-41.0453940842108,174.113332130275
77.6736215778117,-40.0854025473832,11.983038836881,11.983038836881,0,0,1,0,1.92160602080478,0,414,1777.67362157781,-40.0854025473832,174.113332130275
77.6736215778117,-39.1254110105556,12.0349742582307,12.0349742582307,0,0,1,0,1.92416930938231,0,378,1777.67362157781,-39.1254110105556,174.113332130275
77.6736215778117,-38.165419473728,12.0979184555053,12.0979184555053,0,0,1,0,1.92747312159654,0,414,1777.67362157781,-38.165419473728,174.113332130275
77.6736215778117,-37.2054279369004,12.1728411630985,12.1728411630985,0,0,1,0,1.93157326574209,0,414,1777.67362157781,-37.2054279369004,174.113332130275
77.6736215778117,-36.2454364000728,12.2608326394547,12.2608326394547,0,0,1,0,1.93653084275738,0,414,1777.67362157781,-36.2454364000728,174.113332130275
77.6736215778117,-35.2854448632451,12.3631212044628,12.3631212044628,0,0,1,0,1.94241272453519,0,414,1777.67362157781,-35.2854448632451,174.113332130275
77.6736215778117,-34.3254533264175,12.4811385721956,12.4811385721956,0,0,1,0,1.94929686294213,0,414,1777.67362157781,-34.3254533264175,174.113332130275
78.6336131146393,-53.5252840629697,12.1664730231458,12.1664730231458,0,0,1,0,1.95082151773214,0,414,1778.63361311464,-53.5252840629697,174.113332130275
78.6336131146393,-52.5652925261421,12.125223694432,12.1252236944319,0,0,1,0,1.94683252915138,0,414,1778.63361311464,-52.5652925261421,174.113332130275
78.6336131146393,-51.6053009893145,12.0886872738517,12.0886872738517,0,0,1,0,1.94317847165777,0,414,1778.63361311464,-51.6053009893145,174.113332130275
78.6336131146393,-50.6453094524868,12.0570901186258,12.0570901186257,0,0,1,0,1.93987573038416,0,414,1778.63361311464,-50.6453094524868,174.113332130275
78.6336131146393,-49.6853179156592,12.0306912329568,12.0306912329567,0,0,1,0,1.93694300093994,0,414,1778.63361311464,-49.6853179156592,174.113332130275
78.6336131146393,-48.7253263788316,12.0097640461234,12.0097640461233,0,0,1,0,1.9343993923478,0,414,1778.63361311464,-48.7253263788316,174.113332130275
78.6336131146393,-47.765334842004,11.9946031142162,11.9946031142161,0,0,1,0,1.9322649163241,0,414,1778.63361311464,-47.765334842004,174.113332130275
78.6336131146393,-46.8053433051764,11.9855552818405,11.9855552818405,0,0,1,0,1.93056339815722,0,414,1778.63361311464,-46.8053433051764,174.113332130275
78.6336131146393,-45.8453517683488,11.9829935560353,11.9829935560352,0,0,1,0,1.92931971997651,0,414,1778.63361311464,-45.8453517683488,174.113332130275
78.6336131146393,-44.8853602315212,11.9872902206353,11.9872902206353,0,0,1,0,1.92855683911229,0,414,1778.63361311464,-44.8853602315212,174.113332130275
78.6336131146393,-43.9253686946936,11.9989689341091,11.9989689341091,0,0,1,0,1.92831080502533,0,414,1778.63361311464,-43.9253686946936,174.113332130275
78.6336131146393,-42.965377157866,12.0184380835289,12.0184380835288,0,0,1,0,1.92860356778318,0,414,1778.63361311464,-42.965377157866,174.113332130275
78.6336131146393,-42.0053856210384,12.0463772390968,12.0463772390968,0,0,1,0,1.92948166939416,0,450,1778.63361311464,-42.0053856210384,174.113332130275
78.6336131146393,-41.0453940842108,12.0832959946143,12.0832959946143,0,0,1,0,1.93097098766567,0,414,1778.63361311464,-41.0453940842108,174.113332130275
78.6336131146393,-40.0854025473832,12.1299917017784,12.1299917017783,0,0,1,0,1.93312282961192,0,414,1778.63361311464,-40.0854025473832,174.113332130275
78.6336131146393,-39.1254110105556,12.1871945322634,12.1871945322634,0,0,1,0,1.9359769643414,0,414,1778.63361311464,-39.1254110105556,174.113332130275
78.6336131146393,-38.165419473728,12.2558009830165,12.2558009830165,0,0,1,0,1.93958475032095,0,414,1778.63361311464,-38.165419473728,174.113332130275
78.6336131146393,-37.2054279369004,12.3368515583788,12.3368515583788,0,0,1,0,1.94400599901812,0,450,1778.63361311464,-37.2054279369004,174.113332130275
78.6336131146393,-36.2454364000728,12.4314619425994,12.4314619425994,0,0,1,0,1.94930060544195,0,450,1778.63361311464,-36.2454364000728,174.113332130275
78.6336131146393,-35.2854448632451,12.5409276029593,12.5409276029593,0,0,1,0,1.95553802925231,0,414,1778.63361311464,-35.2854448632451,174.113332130275
78.6336131146393,-34.3254533264175,12.6667373314377,12.6667373314377,0,0,1,0,1.96279704188311,0,414,1778.63361311464,-34.3254533264175,174.113332130275
79.593604651467,-53.5252840629697,12.2835854649145,12.2835854649145,0,0,1,0,1.96040464469221,0,414,1779.59360465147,-53.5252840629697,174.113332130275
79.593604651467,-52.5652925261421,12.2447991124963,12.2447991124963,0,0,1,0,1.95659507287056,0,414,1779.59360465147,-52.5652925261421,174.113332130275
79.593604651467,-51.6053009893145,12.2108997369246,12.2108997369246,0,0,1,0,1.95313031668358,0,414,1779.59360465147,-51.6053009893145,174.113332130275
79.593604651467,-50.6453094524868,12.1820915268856,12.1820915268856,0,0,1,0,1.95002400361782,0,414,1779.59360465147,-50.6453094524868,174.113332130275
79.593604651467,-49.6853179156592,12.1586230374054,12.1586230374054,0,0,1,0,1.94729307032888,0,414,1779.59360465147,-49.6853179156592,174.113332130275
79.593604651467,-48.7253263788316,12.1408344083233,12.1408344083233,0,0,1,0,1.94496226774259,0,414,1779.59360465147,-48.7253263788316,174.113332130275
79.593604651467,-47.765334842004,12.1289850814643,12.1289850814642,0,0,1,0,1.94304728395483,0,414,1779.59360465147,-47.765334842004,174.113332130275
79.593604651467,-46.8053433051764,12.1234676260008,12.1234676260008,0,0,1,0,1.94157536310597,0,414,1779.59360465147,-46.8053433051764,174.113332130275
79.593604651467,-45.8453517683488,12.1246542173292,12.1246542173291,0,0,1,0,1.94057013247553,0,414,1779.59360465147,-45.8453517683488,174.113332130275
79.593604651467,-44.8853602315212,12.1329670792758,12.1329670792757,0,0,1,0,1.9400582166294,0,414,1779.59360465147,-44.8853602315212,174.113332130275
79.593604651467,-43.9253686946936,12.1488920034264,12.1488920034264,0,0,1,0,1.94007032326368,0,414,1779.59360465147,-43.9253686946936,174.113332130275
79.593604651467,-42.965377157866,12.1729500006852,12.1729500006851,0,0,1,0,1.94063807368688,0,414,1779.59360465147,-42.965377157866,174.113332130275
79.593604651467,-42.0053856210384,12.2057371333845,12.2057371333844,0,0,1,0,1.94179757222323,0,414,1779.59360465147,-42.0053856210384,174.113332130275
79.593604651467,-41.0453940842108,12.2479205831697,12.2479205831697,0,0,1,0,1.94358854871814,0,414,1779.59360465147,-41.0453940842108,174.113332130275
79.593604651467,-40.0854025473832,12.3002008588502,12.3002008588502,0,0,1,0,1.94604989988731,0,414,1779.59360465147,-40.0854025473832,174.113332130275
79.593604651467,-39.1254110105556,12.3634406072402,12.3634406072402,0,0,1,0,1.94923209488393,0,378,1779.59360465147,-39.1254110105556,174.113332130275
79.593604651467,-38.165419473728,12.4385692999714,12.4385692999714,0,0,1,0,1.95318666127255,0,450,1779.59360465147,-38.165419473728,174.113332130275
79.593604651467,-37.2054279369004,12.5265999082395,12.5265999082394,0,0,1,0,1.95796676762283,0,414,1779.59360465147,-37.2054279369004,174.113332130275
79.593604651467,-36.2454364000728,12.6287927050564,12.6287927050563,0,0,1,0,1.96364297354518,0,450,1779.59360465147,-36.2454364000728,174.113332130275
79.593604651467,-35.2854448632451,12.746464960997,12.746464960997,0,0,1,0,1.97028205002484,0,450,1779.59360465147,-35.2854448632451,174.113332130275
79.593604651467,-34.3254533264175,12.8811651033336,12.8811651033336,0,0,1,0,1.97796319023064,0,414,1779.59360465147,-34.3254533264175,174.113332130275
80.5535961882946,-53.5252840629697,12.4173889038962,12.4173889038962,0,0,1,0,1.97104841766611,0,414,1780.55359618829,-53.5252840629697,174.113332130275
80.5535961882946,-52.5652925261421,12.3814193759796,12.3814193759796,0,0,1,0,1.96743959061674,0,414,1780.55359618829,-52.5652925261421,174.113332130275
80.5535961882946,-51.6053009893145,12.3504992254403,12.3504992254403,0,0,1,0,1.96418339116348,0,414,1780.55359618829,-51.6053009893145,174.113332130275
80.5535961882946,-50.6453094524868,12.3248012405941,12.3248012405941,0,0,1,0,1.96128974807078,0,414,1780.55359618829,-50.6453094524868,174.113332130275
80.5535961882946,-49.6853179156592,12.3047109409115,12.3047109409115,0,0,1,0,1.95878790621608,0,414,1780.55359618829,-49.6853179156592,174.113332130275
80.5535961882946,-48.7253263788316,12.2904110938521,12.2904110938521,0,0,1,0,1.95668654919416,0,414,1780.55359618829,-48.7253263788316,174.113332130275
80.5535961882946,-47.765334842004,12.2823482891865,12.2823482891865,0,0,1,0,1.95501845677398,0,414,1780.55359618829,-47.765334842004,174.113332130275
80.5535961882946,-46.8053433051764,12.2807957392974,12.2807957392973,0,0,1,0,1.95379811990981,0,414,1780.55359618829,-46.8053433051764,174.113332130275
80.5535961882946,-45.8453517683488,12.2862337605488,12.2862337605488,0,0,1,0,1.95305842359635,0,414,1780.55359618829,-45.8453517683488,174.113332130275
80.5535961882946,-44.8853602315212,12.2990537065062,12.2990537065062,0,0,1,0,1.95282151341572,0,414,1780.55359618829,-44.8853602315212,174.113332130275
80.5535961882946,-43.9253686946936,12.3198127847843,12.3198127847843,0,0,1,0,1.95312348916241,0,414,1780.55359618829,-43.9253686946936,174.113332130275
80.5535961882946,-42.965377157866,12.3490050595706,12.3490050595706,0,0,1,0,1.95399143409061,0,414,1780.55359618829,-42.965377157866,174.113332130275
80.5535961882946,-42.0053856210384,12.3873095313406,12.3873095313406,0,0,1,0,1.9554675840064,0,414,1780.55359618829,-42.0053856210384,174.113332130275
80.5535961882946,-41.0453940842108,12.4353823263069,12.4353823263068,0,0,1,0,1.9575881426499,0,414,1780.55359618829,-41.0453940842108,174.113332130275
80.5535961882946,-40.0854025473832,12.4940068989002,12.4940068989002,0,0,1,0,1.96039763504228,0,414,1780.55359618829,-40.0854025473832,174.113332130275
80.5535961882946,-39.1254110105556,12.5640522408405,12.5640522408405,0,0,1,0,1.96394401382763,0,378,1780.55359618829,-39.1254110105556,174.113332130275
80.5535961882946,-38.165419473728,12.6465011366205,12.6465011366204,0,0,1,0,1.9682806138875,0,414,1780.55359618829,-38.165419473728,174.113332130275
80.5535961882946,-37.2054279369004,12.7424602609412,12.7424602609411,0,0,1,0,1.97346610712754,0,414,1780.55359618829,-37.2054279369004,174.113332130275
80.5535961882946,-36.2454364000728,12.8531721581758,12.8531721581758,0,0,1,0,1.97956441369428,0,414,1780.55359618829,-36.2454364000728,174.113332130275
80.5535961882946,-35.2854448632451,12.9800691960608,12.9800691960608,0,0,1,0,1.9866486716193,0,414,1780.55359618829,-35.2854448632451,174.113332130275
80.5535961882946,-34.3254533264175,13.1248195496756,13.1248195496755,0,0,1,0,1.99480413357362,0,450,1780.55359618829,-34.3254533264175,174.113332130275
81.5135877251222,-53.5252840629697,12.5681471821375,12.5681471821375,0,0,1,0,1.98276260704502,0,522,1781.51358772512,-53.5252840629697,174.113332130275
81.5135877251222,-52.5652925261421,12.5353189294185,12.5353189294185,0,0,1,0,1.97937259500005,0,522,1781.51358772512,-52.5652925261421,174.113332130275
81.5135877251222,-51.6053009893145,12.5076601242304,12.5076601242304,0,0,1,0,1.9763380747352,0,414,1781.51358772512,-51.6053009893145,174.113332130275
81.5135877251222,-50.6453094524868,12.4855502113689,12.4855502113689,0,0,1,0,1.97368778237207,0,414,1781.51358772512,-50.6453094524868,174.113332130275
81.5135877251222,-49.6853179156592,12.4691499746302,12.4691499746302,0,0,1,0,1.97142870997579,0,414,1781.51358772512,-49.6853179156592,174.113332130275
81.5135877251222,-48.7253263788316,12.45882375274,12.45882375274,0,0,1,0,1.96958590583605,0,414,1781.51358772512,-48.7253263788316,174.113332130275
81.5135877251222,-47.765334842004,12.4549275140481,12.4549275140481,0,0,1,0,1.96818227004412,0,414,1781.51358772512,-47.765334842004,174.113332130275
81.5135877251222,-46.8053433051764,12.4578218733673,12.4578218733673,0,0,1,0,1.96723951099981,0,414,1781.51358772512,-46.8053433051764,174.113332130275
81.5135877251222,-45.8453517683488,12.4679997559123,12.4679997559123,0,0,1,0,1.96679026919295,0,414,1781.51358772512,-45.8453517683488,174.113332130275
81.5135877251222,-44.8853602315212,12.4858653351465,12.4858653351464,0,0,1,0,1.96685640803228,0,414,1781.51358772512,-44.8853602315212,174.113332130275
81.5135877251222,-43.9253686946936,12.5119972391482,12.5119972391482,0,0,1,0,1.96747424627225,0,414,1781.51358772512,-43.9253686946936,174.113332130275
81.5135877251222,-42.965377157866,12.5469506604078,12.5469506604077,0,0,1,0,1.96867490501077,0,414,1781.51358772512,-42.965377157866,174.113332130275
81.5135877251222,-42.0053856210384,12.5913868534385,12.5913868534385,0,0,1,0,1.97049648395212,0,414,1781.51358772512,-42.0053856210384,174.113332130275
81.5135877251222,-41.0453940842108,12.6460536096964,12.6460536096964,0,0,1,0,1.97298167781356,0,414,1781.51358772512,-41.0453940842108,174.113332130275
81.5135877251222,-40.0854025473832,12.7117161517713,12.7117161517713,0,0,1,0,1.97617017154609,0,414,1781.51358772512,-40.0854025473832,174.113332130275
81.5135877251222,-39.1254110105556,12.7893727886131,12.7893727886131,0,0,1,0,1.98011944350622,0,414,1781.51358772512,-39.1254110105556,174.113332130275
81.5135877251222,-38.165419473728,12.8799565098192,12.8799565098191,0,0,1,0,1.98487388535353,0,378,1781.51358772512,-38.165419473728,174.113332130275
81.5135877251222,-37.2054279369004,12.9847579678246,12.9847579678245,0,0,1,0,1.9905062815655,0,414,1781.51358772512,-37.2054279369004,174.113332130275
81.5135877251222,-36.2454364000728,13.1049953391801,13.1049953391801,0,0,1,0,1.99707292336862,0,414,1781.51358772512,-36.2454364000728,174.113332130275
81.5135877251222,-35.2854448632451,13.2422082419952,13.2422082419952,0,0,1,0,2.00465188906278,0,414,1781.51358772512,-35.2854448632451,174.113332130275
81.5135877251222,-34.3254533264175,13.3981145103786,13.3981145103786,0,0,1,0,2.01332651821808,0,414,1781.51358772512,-34.3254533264175,174.113332130275
