x,y,J,J_lower,P_H,P_N,P_A,P_loc,E_radius_loss,safe_margin,angle_calls
895,590,2124.16936058886,2124.16936058886,0,0.000228452408665974,0.999771561294758,0,25.0894938098974,-67.8503323623261,630
895,595,2123.2232206556,2123.22322065559,0,0.000257609363223646,0.999742393638015,0,25.0940817346447,-70.6214106520811,630
895,600,2122.54211752257,2122.54211752256,0,0.000289476826136006,0.999710547365075,0,25.0999391953414,-73.4086256253831,630
895,605,2122.12749937895,2122.12749937895,0,0.000324228277164665,0.999675774512593,0,25.1070499435865,-76.2118519080227,630
895,610,2121.98327402544,2121.98327402544,0,0.000362044726290883,0.999637975436619,0,25.1154111082484,-79.0309647121428,558
895,615,2122.11480693162,2122.11480693161,0,0.000403114988323087,0.999596903762236,0,25.1250224443185,-81.8658398470393,558
895,620,2122.5300527705,2122.5300527705,0,0.000447635969246441,0.999552366180211,0,25.1358959442257,-84.7163537295185,558
895,625,2123.23713639885,2123.23713639884,0,0.000495812964996479,0.999504213481407,0,25.1480345459559,-87.5823833938207,558
895,630,2124.2472696544,2124.24726965439,0,0.000547859973388397,0.999452146511567,0,25.161454456978,-90.4638065011168,630
900,575,2123.354833568,2123.354833568,0,0.000188368675202253,0.999811617015692,0,25.0782438325384,-63.8382029616191,594
900,580,2121.7256299611,2121.7256299611,0,0.000213228543467033,0.999786773518763,0,25.0792236655194,-66.5493869019515,594
900,585,2120.36361409054,2120.36361409053,0,0.000240468899059321,0.999759527744794,0,25.0815040612103,-69.2770769642686,594
900,590,2119.26975583869,2119.26975583868,0,0.00027024562214984,0.999729743021413,0,25.0850800621873,-72.021147152225,630
900,595,2118.44478251268,2118.44478251268,0,0.000302721413764257,0.999697284756209,0,25.0899377886924,-74.781472003446,630
900,600,2117.89252876086,2117.89252876086,0,0.000338066040030795,0.999661915749614,0,25.0960817553838,-77.5579266017285,666
900,605,2117.61532371332,2117.61532371332,0,0.000376456586441419,0.999623542865096,0,25.1034963261258,-80.3503865887853,666
900,610,2117.61875005679,2117.61875005678,0,0.000418077722685253,0.999581917289122,0,25.1121837674857,-83.158728175543,594
900,615,2117.91140673467,2117.91140673467,0,0.000463121978651944,0.99953685460035,0,25.1221623004397,-85.9828281529969,594
900,620,2118.50069933965,2118.50069933964,0,0.00051179003224496,0.999488210646082,0,25.1334298212189,-88.8225639026332,594
900,625,2119.39615925457,2119.39615925457,0,0.000564291009690746,0.999435689955954,0,25.1459897665465,-91.6778134064214,594
900,630,2120.61018785693,2120.61018785693,0,0.000620842799079469,0.999379147399469,0,25.1598578308764,-94.5484552563889,630
900,635,2122.15693639125,2122.15693639124,0,0.00068167237792727,0.99931831623856,0,25.1750498267525,-97.4343686637799,630
900,640,2124.05295029821,2124.0529502982,0,0.000747016155608911,0.999252965057196,0,25.1915866691391,-100.335433467809,630
905,565,2122.62785262275,2122.62785262274,0,0.00017660864610939,0.999823407269495,0,25.0776056150658,-62.6970332391097,594
905,570,2120.55505609038,2120.55505609037,0,0.000199897047012462,0.999800085336066,0,25.0761182610765,-65.3641898785256,630
905,575,2118.75651167946,2118.75651167946,0,0.000225415830054619,0.999774589937759,0,25.0759749968373,-68.0480933440447,630
905,580,2117.2311587737,2117.2311587737,0,0.000253311275721178,0.999746683521288,0,25.0771599444829,-70.7486177045344,630
905,585,2115.98107962608,2115.98107962607,0,0.000283736072772345,0.999716257112929,0,25.0796781009982,-73.4656375201271,630
905,590,2115.00619965691,2115.0061996569,0,0.000316849545105283,0.999683159728867,0,25.0835091365188,-76.1990278553565,630
905,595,2114.30829840363,2114.30829840363,0,0.000352817887669899,0.999647168011928,0,25.0886407847132,-78.9486642918357,666
905,600,2113.89138834363,2113.89138834362,0,0.000391814411930357,0.999608193052572,0,25.0950722085101,-81.7144229404812,666
905,605,2113.76035307865,2113.76035307864,0,0.000434019801397872,0.99956598291757,0,25.1028004400215,-84.4961804532925,594
905,610,2113.92184808359,2113.92184808358,0,0.000479622377796609,0.999520363230239,0,25.1118282806762,-87.2938140346896,594
905,615,2114.38661639235,2114.38661639235,0,0.00052881837846376,0.999471193437758,0,25.1221825072617,-90.1072014524186,594
905,620,2115.16309834648,2115.16309834647,0,0.000581812245627462,0.999418182279651,0,25.1338585815161,-92.936221048029,594
905,625,2116.26228982724,2116.26228982724,0,0.00063881692825232,0.999361185581741,0,25.1468618727205,-95.7807517469303,558
905,630,2117.6979910984,2117.6979910984,0,0.000700054197192463,0.999299952697337,0,25.1612070925194,-98.6406730680371,594
905,635,2119.48628604767,2119.48628604767,0,0.000765754974446527,0.999234243207261,0,25.1769133337375,-101.515865133005,594
905,640,2121.64579804738,2121.64579804737,0,0.000836159677368243,0.999163851322731,0,25.1940049235948,-104.406208675066,630
905,645,2124.19751146769,2124.19751146768,0,0.000911518578750958,0.999088482890647,0,25.2125076933757,-107.311585047477,630
910,555,2123.26981637583,2123.26981637582,0,0.000166387931542223,0.999833609473515,0,25.0846101441594,-61.6723820604,630
910,560,2120.72834173942,2120.72834173941,0,0.000188269138835201,0.999811745382451,0,25.0805277153241,-64.2951279838339,630
910,565,2118.46993689855,2118.46993689854,0,0.000212243170658553,0.99978774012768,0,25.0778379470663,-66.9348584006652,630
910,570,2116.49033213041,2116.49033213041,0,0.000238447383733459,0.999761564798975,0,25.0765049556698,-69.5914475587253,594
910,575,2114.7955293252,2114.79552932519,0,0.000267025160571183,0.999732971143664,0,25.0765732856038,-72.2647701529186,630
910,580,2113.37818130094,2113.37818130094,0,0.000298126120593766,0.999701875642322,0,25.0779685076395,-74.9547013392764,630
910,585,2112.2437209349,2112.24372093489,0,0.000331906339462155,0.999668108629061,0,25.0807173889282,-77.6611167485514,594
910,590,2111.3939650106,2111.3939650106,0,0.00036852857704644,0.999631464209974,0,25.0848085083587,-80.3838924993545,594
910,595,2110.83108692233,2110.83108692233,0,0.000408162514501753,0.999591855461072,0,25.0902260693514,-83.122905210844,630
910,600,2110.55972886969,2110.55972886968,0,0.000450985000944623,0.999549027169633,0,25.0969657449454,-85.8780320149683,666
910,605,2110.58632351408,2110.58632351407,0,0.000497180310258295,0.99950281589467,0,25.1050293013194,-88.6491505682729,594
910,610,2110.91901619881,2110.91901619881,0,0.000546940408591998,0.999453083287991,0,25.1144227938111,-91.436139063273,594
910,615,2111.56720420423,2111.56720420422,0,0.00060046523315865,0.999399542132833,0,25.1251509278365,-94.2388762394005,594
910,620,2112.54262437555,2112.54262437555,0,0.000657962982978248,0.999342049122426,0,25.1372266113915,-97.0572413935329,594
910,625,2113.86056912218,2113.86056912217,0,0.000719650422260637,0.999280367730804,0,25.1506785778654,-99.8911143901062,594
910,630,2115.53754487587,2115.53754487587,0,0.000785753197171725,0.999214252488743,0,25.1655312031085,-102.740375670825,630
910,635,2117.58905490827,2117.58905490826,0,0.000856506166782044,0.999143510369416,0,25.1817854040252,-105.604906263966,630
910,640,2120.03555271253,2120.03555271253,0,0.00093215374905614,0.999067851560073,0,25.1994654421358,-108.484587793297,630
910,645,2122.90049931884,2122.90049931883,0,0.00101295028280629,0.998987058901175,0,25.2186022663867,-111.379302486598,630
915,550,2122.32316404548,2122.32316404548,0,0.000178180051801392,0.999821817692576,0,25.092821161026,-63.3425514972698,594
915,555,2119.57562874965,2119.57562874964,0,0.000200769748982901,0.999799232237207,0,25.0874295900091,-65.9377347880345,594
915,560,2117.12174566923,2117.12174566923,0,0.000225455260261116,0.999774519500951,0,25.0834918020228,-68.5500114947208,630
915,565,2114.95719588469,2114.95719588469,0,0.000252371313260542,0.999747633029596,0,25.080971858694,-71.1792565605858,630
915,570,2113.07955110355,2113.07955110355,0,0.000281658503029293,0.999718325069536,0,25.0798433117764,-73.8253453453274,630
915,575,2111.4888149463,2111.4888149463,0,0.000313463496328456,0.99968653113386,0,25.0800947289432,-76.4881536395715,630
915,580,2110.18570566513,2110.18570566513,0,0.000347939243765681,0.999652062798564,0,25.0817134584273,-79.1675576789062,630
915,585,2109.17216838718,2109.17216838717,0,0.000385245200183118,0.999614734858999,0,25.0846899156221,-81.8634341574621,630
915,590,2108.45178878309,2108.45178878308,0,0.000425547553736789,0.999574459789613,0,25.0890208239739,-84.5756602410452,630
915,595,2108.03031379703,2108.03031379703,0,0.000469019464133554,0.999530979007543,0,25.0947117608248,-87.3041135798305,666
915,600,2107.91597919782,2107.91597919781,0,0.00051584131052324,0.999484140779684,0,25.1017802685086,-90.0486723206184,666
915,605,2108.11331999703,2108.11331999702,0,0.000566200949577406,0.999433808484007,0,25.110203101748,-92.8092151186613,594
915,610,2108.63144028282,2108.63144028281,0,0.000620293984322893,0.999379698726002,0,25.1199836495504,-95.5856211490668,594
915,615,2109.4817551352,2109.4817551352,0,0.000678324044338032,0.999321669975851,0,25.1311334395432,-98.3777701177808,594
915,620,2110.67740610044,2110.67740610044,0,0.000740503077962404,0.999259498617792,0,25.1436650621959,-101.18554227216,594
915,625,2112.23360452959,2112.23360452958,0,0.000807051657217708,0.999192936052595,0,25.1575941504125,-104.008818411136,594
915,630,2114.16808649137,2114.16808649137,0,0.000878199296188009,0.999121798434845,0,25.1729423727344,-106.847479894983,630
915,635,2116.50080344587,2116.50080344587,0,0.000954184783662726,0.999045804626777,0,25.1897325339403,-109.701408654687,630
915,640,2119.25461413274,2119.25461413274,0,0.00103525653090566,0.99896473533121,0,25.2079937158381,-112.570487200931,630
915,645,2122.45814246175,2122.45814246174,0,0.00112167293547879,0.998878321600645,0,25.2277822018072,-115.454598632701,630
920,545,2122.16517916209,2122.16517916209,0,0.000190837627818452,0.99980917950512,0,25.1052129328456,-65.0570486221122,630
920,550,2119.20352137033,2119.20352137032,0,0.000214161173746469,0.999785847132284,0,25.0984880097243,-67.6246481980295,630
920,555,2116.54063745462,2116.54063745462,0,0.000239583939476866,0.999760404909626,0,25.0932288002619,-70.2094477532369,630
920,560,2114.174145396,2114.174145396,0,0.000267238123589067,0.999732778063631,0,25.0894165217133,-72.8113229643925,630
920,565,2112.1021303266,2112.1021303266,0,0.000297261639311124,0.999702730279882,0,25.0870298168628,-75.4301498939537,630
920,570,2110.32732813704,2110.32732813703,0,0.000329798312276838,0.999670210553029,0,25.0860809015591,-78.0658050050813,630
920,575,2108.84928989687,2108.84928989687,0,0.000364998085784453,0.999635011867616,0,25.0865476902586,-80.7181651760905,630
920,580,2107.66780841988,2107.66780841988,0,0.000403017233944167,0.999596971315803,0,25.0884031253283,-83.3871077144574,630
920,585,2106.78623045128,2106.78623045127,0,0.000444018583126862,0.999555998636848,0,25.091642532893,-86.0725103703801,630
920,590,2106.20867965821,2106.20867965821,0,0.000488171742153574,0.999511833058502,0,25.0962586439464,-88.7742513499027,630
920,595,2105.94117436962,2105.94117436961,0,0.00053565334169449,0.999464334971462,0,25.1022514274751,-91.4922093276082,666
920,600,2105.99132187955,2105.99132187955,0,0.000586647283377786,0.999413368178325,0,25.1096242652426,-94.2262634588812,666
920,605,2106.36793714781,2106.36793714781,0,0.000641344999142755,0.999358653697097,0,25.1183792525807,-96.9762933917518,594
920,610,2107.08211813941,2107.0821181394,0,0.00069994572140855,0.99930005148211,0,25.1285265370015,-99.74217927832,594
920,615,2108.15004916213,2108.15004916212,0,0.000762656764669793,0.999237350452581,0,25.1401053270332,-102.523801785771,594
920,620,2109.58543281988,2109.58543281988,0,0.00082969381917358,0.999170299342915,0,25.1531204112719,-105.321042106985,594
920,625,2111.40333579238,2111.40333579237,0,0.000901281257379329,0.999098719701637,0,25.1675735453185,-108.133781970748,558
920,630,2113.62321791228,2113.62321791227,0,0.000977652453953924,0.999022343269057,0,25.1834860510606,-110.961903651568,594
920,635,2116.26735626571,2116.26735626571,0,0.00105905012010998,0.998940945466703,0,25.2008851329446,-113.805289979105,630
920,640,2119.36079985873,2119.36079985872,0,0.0011457266531554,0.998854273061797,0,25.219801469906,-116.66382434722,630
920,645,2122.93162577689,2122.93162577689,0,0.00123794450218802,0.998762045996566,0,25.2402695782529,-119.537390722651,630
925,540,2122.81906786467,2122.81906786466,0,0.000204413906130013,0.999795617925319,0,25.1218593852179,-66.8156597156626,630
925,545,2119.62886506675,2119.62886506675,0,0.000228496604172378,0.999771513397483,0,25.1137266015166,-69.3556585322242,630
925,550,2116.74916859978,2116.74916859978,0,0.000254682306622546,0.999745318321027,0,25.1071247754208,-71.9129615109655,630
925,555,2114.17418864815,2114.17418864815,0,0.000283100778661865,0.999716921504306,0,25.1020067997482,-74.4874450990715,630
925,560,2111.90183396971,2111.9018339697,0,0.000313887352694137,0.99968610913682,0,25.0983506459079,-77.0789860989082,630
925,565,2109.93171166818,2109.93171166817,0,0.000347183119852591,0.999652834920762,0,25.0961428432325,-79.6874616833215,630
925,570,2108.2639418729,2108.2639418729,0,0.000383135128684945,0.999616876722471,0,25.0953668721334,-82.3127494104908,630
925,575,2106.90016523919,2106.90016523918,0,0.000421896591382466,0.99957809582691,0,25.0960120310094,-84.9547272383386,630
925,580,2105.84347049949,2105.84347049949,0,0.000463627097942397,0.999536396513615,0,25.0980721308707,-87.6132735385036,630
925,585,2105.09798425775,2105.09798425775,0,0.000508492838678471,0.999491515915278,0,25.1015406663847,-90.2882671098785,630
925,590,2104.67485187466,2104.67485187465,0,0.000556666835521462,0.999443326100561,0,25.1064610432865,-92.9795871917204,594
925,595,2104.57581841285,2104.57581841285,0,0.000608329182581158,0.999391691030941,0,25.1127886272427,-95.687113476336,630
925,600,2104.80942241633,2104.80942241632,0,0.000663667296472844,0.99933633675525,0,25.1205243179095,-98.410726121348,594
925,605,2105.38643861609,2105.38643861609,0,0.000722876176945726,0.999277124070502,0,25.1296767970157,-101.150305761547,594
925,610,2106.3193621772,2106.3193621772,0,0.000786158678387769,0.999213853029927,0,25.1402563723927,-103.905733520336,594
925,615,2107.62259151515,2107.62259151515,0,0.000853725792821606,0.999146272034418,0,25.1522754281906,-106.676891020768,594
925,620,2109.31300295622,2109.31300295621,0,0.000925796945049672,0.9990742067818,0,25.1657526932511,-109.463660396191,594
925,625,2111.40962357247,2111.40962357246,0,0.00100260030065392,0.998997402324618,0,25.1807083756704,-112.265924300496,594
925,630,2113.93414030981,2113.93414030981,0,0.0010843730876067,0.998915626885687,0,25.1971675762491,-115.08356591798,630
925,635,2116.91132752616,2116.91132752616,0,0.00117136193230523,0.998828642361598,0,25.2151620504133,-117.91646897283,630
925,640,2120.37414663433,2120.37414663433,0,0.00126382321090244,0.998736174919433,0,25.2347696976198,-120.764517738228,630
925,645,2124.34750464501,2124.34750464501,0,0.00136202341687346,0.998637984852059,0,25.2559814284368,-123.62759704509,630
930,535,2124.32602877494,2124.32602877494,0,0.000218964719170685,0.999781071530119,0,25.1429785882594,-68.6181669845805,630
930,540,2120.89496888742,2120.89496888742,0,0.00024383179284404,0.999756172590136,0,25.133385383704,-71.1305520009253,630
930,545,2117.78066694735,2117.78066694735,0,0.000270806000346751,0.99972920068088,0,25.1253388105903,-73.6603429623956,630
930,550,2114.97992360763,2114.97992360763,0,0.000300014764898431,0.999700005487508,0,25.1188146024674,-76.2074171229497,630
930,555,2112.49048573517,2112.49048573517,0,0.000331590934634898,0.999668403196386,0,25.1137902925595,-78.7716520611636,630
930,560,2110.31169849052,2110.31169849051,0,0.000365672968131227,0.999634344885261,0,25.1102509468271,-81.3529256959055,594
930,565,2108.44940710678,2108.44940710678,0,0.000402405126797335,0.999597598364504,0,25.1082287532134,-83.9511163015684,630
930,570,2106.89915919851,2106.89915919851,0,0.00044193767449204,0.999558047970637,0,25.1076625365074,-86.5661025228692,630
930,575,2105.66369679328,2105.66369679327,0,0.000484427084723494,0.999515589080447,0,25.1085438913748,-89.1977633892111,630
930,580,2104.74661445441,2104.74661445441,0,0.000530036255827553,0.999469961058603,0,25.1108626937267,-91.8459783286203,630
930,585,2104.15348521997,2104.15348521996,0,0.000578934734541053,0.999421047498684,0,25.1146169169828,-94.5106271812549,630
930,590,2103.89135455342,2103.89135455341,0,0.000631298948414418,0.999368710826205,0,25.1198070848952,-97.1915902124958,630
930,595,2103.96845497448,2103.96845497448,0,0.000687312447537553,0.999312682234183,0,25.1264326616361,-99.8887481256218,666
930,600,2104.3952519815,2104.39525198149,0,0.000747166156084928,0.999252824549079,0,25.1345009764511,-102.601982074071,594
930,605,2105.18391935059,2105.18391935059,0,0.000811058634220205,0.999188947354726,0,25.1440211367835,-105.331173673298,594
930,610,2106.35303946338,2106.35303946338,0,0.000879196350938095,0.999120797983016,0,25.1550414467656,-108.076205012233,594
930,615,2107.91640353028,2107.91640353028,0,0.00095179396846146,0.999048203760997,0,25.1675570644183,-110.836958664337,594
930,620,2109.89072690755,2109.89072690754,0,0.00102907463885547,0.998970926958746,0,25.1815715642391,-113.613317698274,594
930,625,2112.29712268971,2112.2971226897,0,0.00111127031356806,0.998888725337049,0,25.1971079265441,-116.405165688192,630
930,630,2115.15950560851,2115.1595056085,0,0.00119862206665744,0.998801375293119,0,25.2141940584504,-119.212386723628,630
930,635,2118.50462021498,2118.50462021498,0,0.00129138043252358,0.998708614610528,0,25.2328611307993,-122.03486541904,594
930,640,2122.3624235097,2122.36242350969,0,0.0013898057590213,0.998610192416761,0,25.2531452723778,-124.87248692296,594
935,535,2123.01696228229,2123.01696228229,0,0.000260225121895572,0.999739773958718,0,25.1574557552244,-72.9491108271291,630
935,540,2119.65742025625,2119.65742025624,0,0.000288013265757652,0.999711997848648,0,25.1479273405327,-75.4513782803242,630
935,545,2116.62400941452,2116.62400941452,0,0.000318038155274482,0.999681976176593,0,25.1399879918819,-77.9710291401022,630
935,550,2113.91124666679,2113.91124666678,0,0.000350430246626408,0.999649561149751,0,25.133588965864,-80.5079417966776,630
935,555,2111.51814822612,2111.51814822612,0,0.0003853254632982,0.999614690935643,0,25.1287133648464,-83.0619949504344,630
935,560,2109.44423043796,2109.44423043795,0,0.000422865382453328,0.999577128793134,0,25.1253411779528,-85.6330676275188,630
935,565,2107.69078162468,2107.69078162467,0,0.000463197428219233,0.999536781985423,0,25.1234604142899,-88.2210391950059,630
935,570,2106.26029983346,2106.26029983345,0,0.000506475072231413,0.999493534970426,0,25.1230613848477,-90.8257893756363,630
935,575,2105.15611073345,2105.15611073345,0,0.000552858041806269,0.999447130262908,0,25.1241325934218,-93.4471982621301,630
935,580,2104.3835520493,2104.38355204929,0,0.000602512536136408,0.999397462979428,0,25.1266709668431,-96.0851463310796,630
935,585,2103.95505449242,2103.95505449242,0,0.000655611450927678,0.999344393228989,0,25.1307224717867,-98.7395144564275,630
935,590,2103.87396496478,2103.87396496478,0,0.000712334611924795,0.999287657309562,0,25.1362470773682,-101.410183922533,630
935,595,2104.14937995228,2104.14937995227,0,0.000772869017802123,0.999227119737344,0,25.143241968108,-104.09703643683,666
935,600,2104.79314798059,2104.79314798059,0,0.000837409092928283,0.999162597800025,0,25.1517149806779,-106.79995414208,558
935,605,2105.81888269319,2105.81888269319,0,0.000906156950547924,0.999093840061641,0,25.1616752845397,-109.518819628236,558
935,610,2107.24261822533,2107.24261822532,0,0.000979322666961496,0.999020674700754,0,25.173138468152,-112.253515943894,558
935,615,2109.08253587884,2109.08253587883,0,0.00105712456732446,0.998942879718224,0,25.1861224059601,-115.003926607381,558
935,620,2111.35920061084,2111.35920061083,0,0.00113978952373135,0.99886020511574,0,25.2006480804902,-117.769935617432,558
935,625,2114.09599408056,2114.09599408056,0,0.00122755326629785,0.998772441929203,0,25.2167420598783,-120.551427463515,594
935,630,2117.32009686983,2117.32009686983,0,0.00132066070800585,0.998679335810644,0,25.2344424768443,-123.348287135758,594
935,635,2121.06522600478,2121.06522600478,0,0.00141936628413276,0.998580626831194,0,25.2538195850682,-126.16040013453,594
940,535,2122.42639732788,2122.42639732787,0,0.00030636502092134,0.999693642687113,0,25.1751456962241,-77.2858497353288,630
940,540,2119.14029314858,2119.14029314857,0,0.000337231673900317,0.999662772534114,0,25.1656757532024,-79.778067317674,630
940,545,2116.18476850358,2116.18476850358,0,0.000370465782692603,0.999629523013506,0,25.1577884262198,-82.2876453515548,630
940,550,2113.55846906769,2113.55846906769,0,0.000406200828883606,0.999593814366754,0,25.1514646316575,-84.8144633534966,630
940,555,2111.26062796665,2111.26062796665,0,0.000444575803772053,0.999555415723589,0,25.1466829690909,-87.3584011361006,630
940,560,2109.29604154257,2109.29604154256,0,0.000485735395596583,0.999514248835999,0,25.1434615680596,-89.9193388235567,630
940,565,2107.66643028928,2107.66643028927,0,0.00052983018371175,0.999470187014413,0,25.1417849271601,-92.4971568667356,630
940,570,2106.37161926922,2106.37161926921,0,0.000577016840063185,0.999422978177995,0,25.1416132616608,-95.0917360578621,594
940,575,2105.41668552603,2105.41668552602,0,0.000627458338333869,0.99937252667183,0,25.1429422704643,-97.7029575447741,594
940,580,2104.80807309145,2104.80807309144,0,0.000681324171157378,0.999318689854207,0,25.1457693900944,-100.33070284477,594
940,585,2104.55341280194,2104.55341280193,0,0.000738790575819659,0.999261208437099,0,25.1500913368104,-102.974853858051,594
940,590,2104.66253491763,2104.66253491763,0,0.00080004076889865,0.999199950482244,0,25.1559125991187,-105.635292880754,594
940,595,2105.14695691005,2105.14695691005,0,0.000865265190320893,0.999134741300994,0,25.1632396955098,-108.311902617594,594
940,600,2106.01992579167,2106.01992579166,0,0.000934661757346614,0.999065334389964,0,25.172080390306,-111.004566194106,558
940,605,2107.3005795409,2107.30057954089,0,0.00100843612902956,0.998991556834874,0,25.18247735884,-113.713167168493,594
940,610,2109.00659421429,2109.00659421429,0,0.0010868019817356,0.998913201521365,0,25.1944463259076,-116.437589543096,594
940,615,2111.15460378935,2111.15460378935,0,0.00116998129634496,0.998830012389284,0,25.207978538603,-119.177717775474,558
940,620,2113.76745800784,2113.76745800783,0,0.00125820465780706,0.998741791713492,0,25.2230990855506,-121.933436789118,558
940,625,2116.87065230469,2116.87065230469,0,0.00135171156776515,0.998648292257623,0,25.2398357394907,-124.704631983777,594
940,630,2120.49265942807,2120.49265942807,0,0.00145075077101968,0.998549245236428,0,25.2582201546761,-127.491189245435,594
940,635,2124.66534187222,2124.66534187222,0,0.00155558059665645,0.998444425500487,0,25.2782899799992,-130.292994955912,594
945,535,2122.55012399984,2122.55012399983,0,0.000357658761011168,0.999642337435731,0,25.1959114423196,-81.6283140040352,630
945,540,2119.34362566304,2119.34362566304,0,0.000391760732424649,0.999608231823961,0,25.1865209926471,-84.1105489181136,630
945,545,2116.47770969193,2116.47770969193,0,0.000428361966678786,0.999571657458414,0,25.178745633099,-86.6101209246374,594
945,550,2113.95022530654,2113.95022530654,0,0.000467598963279158,0.999532395446451,0,25.1725534415244,-89.1269106565026,594
945,555,2111.76199275122,2111.76199275121,0,0.000509613773873384,0.999490381787789,0,25.1679304184676,-91.6607990289378,594
945,560,2109.9148135308,2109.9148135308,0,0.000554554190331101,0.99944547285328,0,25.1648628179243,-94.2116672549332,594
945,565,2108.4114655971,2108.41146559709,0,0.000602573939811763,0.999397426632977,0,25.1633365491854,-96.7793968602541,594
945,570,2107.25676282363,2107.25676282363,0,0.000653832887171911,0.999346154623433,0,25.163346113445,-99.363869698047,594
945,575,2106.45682832011,2106.45682832011,0,0.000708497245085893,0.9992915139705,0,25.1648873423635,-101.964967963041,630
945,580,2106.02178928081,2106.0217892808,0,0.000766739792278048,0.999233252790461,0,25.1679786468057,-104.582574205346,630
945,585,2105.96277726777,2105.96277726776,0,0.000828740100290216,0.999171241904037,0,25.1726362673159,-107.21657134385,594
945,590,2106.28658688591,2106.28658688591,0,0.000894684769236304,0.999105313434921,0,25.1788292128575,-109.866842679225,594
945,595,2107.00608935675,2107.00608935674,0,0.000964767673025698,0.999035224562942,0,25.1865637331514,-112.533271906541,558
945,600,2108.13646698682,2108.13646698682,0,0.00103919021456975,0.998960799029758,0,25.1958519610944,-115.215743127488,558
945,605,2109.69508463938,2109.69508463937,0,0.0011181615915206,0.99888184402385,0,25.2067093456193,-117.914140862221,558
945,610,2111.70145815734,2111.70145815733,0,0.00120189907312954,0.99879809916929,0,25.2191530084193,-120.628350060822,558
945,615,2114.17792138741,2114.17792138741,0,0.00129062828885314,0.998709376424087,0,25.2332065723624,-123.358256114389,558
945,620,2117.14936779954,2117.14936779953,0,0.00138458352937982,0.998615431597535,0,25.2488960387917,-126.103744865758,558
945,625,2120.64736258846,2120.64736258845,0,0.00148400806079782,0.998515996126251,0,25.2662814876931,-128.864702619851,594
945,630,2124.70221466886,2124.70221466885,0,0.00158915445267793,0.998410860366512,0,25.2853920667546,-131.641016153677,594
950,535,2123.43271394427,2123.43271394427,0,0.000414381044470622,0.999585622814607,0,25.2200119660568,-85.9764349517229,594
950,540,2120.30576122748,2120.30576122748,0,0.000451874518237752,0.999548147812733,0,25.2106603382831,-88.4487539111685,594
950,545,2117.52785165533,2117.52785165532,0,0.000492000157252577,0.999507989868635,0,25.2029349757382,-90.9383862121167,630
950,550,2115.09950247696,2115.09950247695,0,0.000534897471526103,0.999465093283431,0,25.1968204517119,-93.4452135939046,630
950,555,2113.02213397997,2113.02213397997,0,0.00058071156565909,0.999419300936176,0,25.1923009052793,-95.9691180648026,630
950,560,2111.30477032409,2111.30477032408,0,0.000629593327776484,0.999370387223438,0,25.1894150377406,-98.5099819173529,594
950,565,2109.94642248488,2109.94642248488,0,0.000681699625488055,0.999318273011933,0,25.1881102275565,-101.067687743303,594
950,570,2108.95192195079,2108.95192195078,0,0.000737193509228816,0.999262808491783,0,25.1883726628401,-103.642118448144,594
950,575,2108.32827175817,2108.32827175817,0,0.000796244423355201,0.999203746672787,0,25.1901962530461,-106.233157265243,594
950,580,2108.08463765247,2108.08463765247,0,0.000859028425397188,0.999140958721867,0,25.1935824655001,-108.840687769596,594
950,585,2108.23185483414,2108.23185483414,0,0.000925728413892517,0.999074281424748,0,25.1985349957477,-111.464593891174,594
950,590,2108.78241610718,2108.78241610718,0,0.000996534365257181,0.99900347598554,0,25.2050585647741,-114.104759927896,594
950,595,2109.75108265356,2109.75108265356,0,0.00107164358017658,0.998928363518101,0,25.2131635737156,-116.761070558209,558
950,600,2111.15909790725,2111.15909790725,0,0.00115126094003435,0.998848763190979,0,25.2228989547682,-119.433410853293,558
950,605,2113.02390059289,2113.02390059289,0,0.00123559917393112,0.998764413688876,0,25.2342670344565,-122.121666288892,558
950,610,2115.36463378335,2115.36463378335,0,0.00132487913688352,0.998675131449523,0,25.2472680896427,-124.825722756766,558
950,615,2118.20560544608,2118.20560544607,0,0.00141933009983512,0.998580678401384,0,25.2619263914616,-127.545466575785,558
950,620,2121.57396561411,2121.57396561411,0,0.00151919005215562,0.998480795967864,0,25.2782699498144,-130.28078450265,558
955,540,2122.03256193797,2122.03256193797,0,0.000517847465696208,0.999482130089236,0,25.2380018563865,-92.7926141340897,594
955,545,2119.35777444641,2119.35777444641,0,0.000561654166040309,0.999438330208457,0,25.2303945362095,-95.2723725751232,594
955,550,2117.04463237155,2117.04463237155,0,0.000608369541076977,0.999391637415631,0,25.2244242130524,-97.7693030626524,594
955,555,2115.09534865976,2115.09534865976,0,0.000658141741033074,0.999341839330401,0,25.2200744555146,-100.28328868841,594
955,560,2113.51412854029,2113.51412854028,0,0.000711124742981052,0.99928885801774,0,25.2173369157103,-102.814212815244,594
955,565,2112.30639026638,2112.30639026637,0,0.00076747854769349,0.999232539296148,0,25.2162038102208,-105.361959091965,594
955,570,2111.47880558144,2111.47880558143,0,0.000827369383917671,0.99917264106495,0,25.2166675713284,-107.926411467814,594
955,575,2111.04201672668,2111.04201672668,0,0.000890969920448245,0.99910903703664,0,25.2187430197429,-110.507454206531,594
955,580,2111.01010334242,2111.01010334241,0,0.000958459486400278,0.999041567816384,0,25.2224616399667,-113.104971900042,594
955,585,2111.38980166389,2111.38980166389,0,0.00103002430011116,0.998969997461301,0,25.2277825532583,-115.718849481766,594
955,590,2112.19544914566,2112.19544914565,0,0.00110585770712799,0.998894145201998,0,25.2347144023349,-118.34897223954,594
955,595,2113.44359296903,2113.44359296903,0,0.0011861604277674,0.998813843957597,0,25.2432700134148,-120.995225828174,558
955,600,2115.15277522605,2115.15277522604,0,0.00127114081476771,0.998728840022077,0,25.253463114325,-123.657496281621,558
955,605,2117.34429537414,2117.34429537413,0,0.00136101512158848,0.998638958323567,0,25.265314093996,-126.335670024794,558
955,610,2120.04189595326,2120.04189595325,0,0.00145600778195114,0.998543968051704,0,25.2788455622195,-129.029633885012,558
955,615,2123.27681268421,2123.27681268421,0,0.00155635170125564,0.998443621373982,0,25.294121624559,-131.73927510308,558
960,540,2124.56479595684,2124.56479595684,0,0.00058995436236366,0.999410049141457,0,25.2687289462813,-97.1420624154648,594
960,545,2121.99415930309,2121.99415930308,0,0.000637598162002673,0.999362426097686,0,25.2611796380744,-99.6120123668993,594
960,550,2119.79838029932,2119.79838029931,0,0.000688288720822104,0.999311708803959,0,25.2552934676489,-102.099110952324,594
960,555,2117.98528684229,2117.98528684229,0,0.000742177227415984,0.999257821787457,0,25.251093087102,-104.603242337368,594
960,560,2116.55948526872,2116.55948526872,0,0.000799420740563783,0.999200606235835,0,25.2485651006541,-107.124290945939,594
960,565,2115.52383322517,2115.52383322516,0,0.000860182386979878,0.999139827886358,0,25.2476718696308,-109.662141474994,594
960,570,2114.88679099499,2114.88679099499,0,0.000924631566523327,0.999075362130216,0,25.2484116946396,-112.216678908922,594
960,575,2114.65847376948,2114.65847376947,0,0.000992944165248007,0.999007054680009,0,25.2507852383107,-114.787788533546,594
960,580,2114.85060839648,2114.85060839648,0,0.00106530277669759,0.99893468003085,0,25.2547941785437,-117.375355949752,594
960,585,2115.47711571863,2115.47711571862,0,0.00114189693187613,0.998858064202662,0,25.2604455548437,-119.979267086742,594
960,590,2116.55730343299,2116.55730343298,0,0.00122292333835327,0.998777051771041,0,25.2677764868183,-122.599408214916,594
960,595,2118.10938720585,2118.10938720585,0,0.00130858612899374,0.99869139083018,0,25.2768000650305,-125.235665958381,558
960,600,2120.15084348802,2120.15084348802,0,0.00139909712083369,0.99860089838738,0,25.2875080439636,-127.887927307107,558
960,605,2122.70484241158,2122.70484241158,0,0.00149467608466207,0.998505338600305,0,25.2999210986067,-130.556079628713,558
965,550,2123.40994768161,2123.4099476816,0,0.000774928916849559,0.999225050276836,0,25.2896382307753,-106.434570129272,594
965,555,2121.74588794644,2121.74588794643,0,0.000833091313476662,0.999166909523841,0,25.2855936237587,-108.928911426457,594
965,560,2120.48259949574,2120.48259949573,0,0.000894753990417957,0.999105228182433,0,25.2832235946206,-111.440148284103,594
965,565,2119.62817138847,2119.62817138847,0,0.000960083193174556,0.99903988530417,0,25.2825248276078,-113.968166438391,594
965,570,2119.19812093976,2119.19812093976,0,0.00102925148558194,0.998970731878261,0,25.2835434389475,-116.512851900252,594
965,575,2119.19895507127,2119.19895507126,0,0.0011024379638386,0.998897546732281,0,25.2862400693977,-119.074090969296,594
965,580,2119.6432548024,2119.6432548024,0,0.0011798284788239,0.998820154177126,0,25.29061255752,-121.651770247378,594
965,585,2120.54671997264,2120.54671997264,0,0.00126161586713832,0.998738401184992,0,25.2966707110483,-124.245776651795,594
965,590,2121.92692774254,2121.92692774254,0,0.00134800019132746,0.998652030331361,0,25.3044246559424,-126.855997428119,558
965,595,2123.80429418119,2123.80429418119,0,0.00143918898978217,0.998560855104247,0,25.3138923286512,-129.482320162668,558
970,565,2124.6725925931,2124.6725925931,0,0.00106745338111772,0.998932572335122,0,25.3209468749934,-118.279966490214,594
970,570,2124.46450531201,2124.464505312,0,0.00114150093859196,0.998858529379956,0,25.3222208252832,-120.814862532468,594
970,575,2124.71188584748,2124.71188584748,0,0.00121972249519059,0.998780297093671,0,25.3252242416926,-123.366293198259,594
