x,y,expected_radius,worst_lower,worst_upper,normal_lower,no_signal_radius,P_N,worst_calls
902,481.9294006882276,25.32647257644032,54.36649172390975,54.36806974645224,54.36649172390975,10.52391944400337,5.7172376735186e-06,475
898.0000000000001,482.7820145990307,25.32642859968107,54.61299167948879,54.61458314824262,54.61299167948879,8.741587432617861,3.548915783405713e-06,475
892,484.7109302413246,25.32645126076256,54.94974945453698,54.95135988312703,54.94974945453698,6.250910472772394,1.530743393269865e-06,471
888,486.4620656018277,25.32643407075667,55.15021160055923,55.15183376723855,55.15021160055923,4.722765593480129,7.736305314612118e-07,471
882,489.8058093422102,25.32649111917438,55.41345879821392,55.41509712884161,55.41345879821392,2.638332558034352,1.979324304227574e-07,471
878.0000000000001,492.5754310756584,25.32644248652388,55.56075379216163,55.56240179073315,55.56075379216163,1.408519725762671,4.847104444994921e-08,471
874,495.7946720700009,25.326447333909,55.68477557862865,55.68643230877309,55.68477557862865,0.3220922120715442,1.793848797995877e-09,471
870,499.5193024953625,25.32646029197527,55.7830059246902,55.7846703328696,55.7830059246902,0,0,471
867.6209852856299,502,25.32647049860531,55.82810755008308,55.82977597340692,55.82810755008308,0,0,467
864,506.209560624785,25.32645893290691,55.8754223450408,55.87709598726625,55.8754223450408,0,0,467
860,511.5530269619315,25.32643830326047,55.89445865576367,55.89613665666882,55.89445865576367,0,0,467
858,514.5393718546593,25.32644350593669,55.8893085270713,55.8909880801188,55.8893085270713,0,0,467
854.7144599323062,520,25.32644683857251,55.85570216917496,55.85738319081891,55.85570216917496,0,0,467
852,525.1388970359549,25.32645756213289,55.80028886886693,55.80196990891016,55.80028886886693,0,0,463
850,529.3895947503006,25.32644691442556,55.7395411864571,55.74122137788168,55.7395411864571,0,0,463
847.9999999999999,534.1255028112693,25.32645895037213,55.65855742126999,55.66023588507773,55.65855742126999,0,0,459
846,539.5125550678117,25.32644272412584,55.55093572468585,55.55261130730486,55.55093572468585,0,0,459
844,545.778666432029,25.32645805588853,55.40830902757551,55.40998021208275,55.40830902757551,0.5788247568917395,6.513671104952201e-09,459
842.3427659255235,552,25.32644803128954,55.24988056376533,55.25154636804829,55.24988056376533,1.803303261790997,7.957919066153762e-08,459
841.4380588075635,556,25.32644069698805,55.14018581218326,55.1418476810531,55.14018581218326,2.692207594039769,1.960262134683432e-07,459
840,563.8586534705147,25.32648230139269,54.90909039359527,54.91079517766261,54.90909039359527,4.653007422547197,7.001812021979011e-07,479
839.4287157383449,568,25.3264442068891,54.77884043581219,54.78057326378072,54.77884043581219,5.803547916529278,1.190957748193088e-06,483
838.65137918379,576,25.32644730699431,54.51367573466807,54.51545569432731,54.51367573466807,8.236535839141718,2.825208999669279e-06,491
838.3079510301291,584,25.32645811553492,54.23097480466587,54.23280139296763,54.23097480466587,10.95002098393399,5.821048732234693e-06,503
838.3360276366684,590,25.32644941653806,54.00780592973581,54.0096659410631,54.00780592973581,13.17055759632726,9.390062586772318e-06,503
838.7572823527763,598,25.32642189571249,53.69576876138171,53.69767123790516,53.69576876138171,16.38126878928726,1.666979159409837e-05,507
839.6212473685023,606,25.32643596483249,53.36758466229751,53.36952716955048,53.36758466229751,19.88127714471587,2.795425263320315e-05,507
840.2277208189723,610,25.32645033224927,53.19714662449695,53.19910821711436,53.19714662449695,21.7446094583024,3.558585513735734e-05,515
841.8141306050754,618,25.3264857487207,52.84259716850417,52.84459502633899,52.84259716850417,25.71149476779656,5.608530029335861e-05,515
842.8162795535202,622,25.3264518252172,52.65738113575326,52.65909031399649,52.65738113575326,27.82679580155767,6.961393844734566e-05,519
844.5932462444812,628,25.32642670557514,52.36925097729429,52.37095951146939,52.36925097729429,31.17165868902188,9.507907193206382e-05,519
846.7413527693502,634.0000000000001,25.3264200141602,52.0666881627567,52.06839500720345,52.0666881627567,34.74525383029931,0.0001282961497977265,519
848.4052998378987,638,25.32645645808204,51.8557543520141,51.85745943427504,51.8557543520141,37.26822731564859,0.000155808221210265,523
851.3436344662299,644,25.32643669461411,51.52061670357163,51.52231797595078,51.52061670357163,41.31231166812107,0.0002075201340454018,523
854,648.568492078353,25.32644020992247,51.2472968632806,51.24899415373947,51.2472968632806,44.63306176957349,0.0002575313188082769,527
856.2957096163269,652,25.32645908225269,51.02854180103574,51.03024668755099,51.02854180103574,47.29659376564899,0.0003029256228686287,527
860,656.6948513247432,25.32645096057597,51.25046109493609,51.25046149493609,50.70304841813277,51.25046149493609,0.0003795852844218398,363
863.1430455388654,660,25.32641497800429,54.32248675664255,54.32248715664256,50.44831902717841,54.32248715664256,0.0004472997830606573,295
867.818679207518,664,25.32645988367387,58.50203785071606,58.50203825071607,50.09744712206444,58.50203825071607,0.0005517177027431793,267
872,666.7527539460127,25.3264539846429,61.88013159663948,61.88013199663948,49.80765680488729,61.88013199663948,0.0006472107169644684,247
876,668.7669417034007,25.32644454672634,64.83622264828185,64.83622304828187,49.54769006292682,64.83622304828187,0.0007394961011273758,239
882,670.8021518173068,25.32644630220479,68.8239366828582,68.82393708285822,49.18395521474848,68.82393708285822,0.0008778516870642321,231
888.0000000000001,671.7960921294355,25.3264680682468,72.33356851015185,72.33356891015187,48.84649247978873,72.33356891015187,0.00101390612389482,219
895.9999999999999,671.6853433767837,25.32647582636348,76.34758611381282,76.34758651381284,48.43055120930149,76.34758651381284,0.001187753709405234,219
904,670.0975232106023,25.32648088821938,79.67731078985808,79.6773111898581,48.04745019955453,79.6773111898581,0.001348824083999229,211
908,668.7741511549239,25.32643342432962,81.09909123194096,81.09909163194098,47.86705862529158,81.09909163194098,0.001423040066741516,211
914,666.1734171392245,25.32645543024782,82.95365106819328,82.9536514681933,47.60896226647368,82.9536514681933,0.001525636642485903,207
918.0305298372535,664,25.32646846844585,84.00990505858266,84.00990545858268,47.44401758219986,84.00990545858268,0.001587637714439461,207
922,661.5161989211972,25.32646452606712,84.90046743973406,84.90046783973408,47.28823253205761,84.90046783973408,0.001642548665048165,207
926.8441963693424,658,25.32639557349864,85.77999027937226,85.77999067937228,47.10742439569867,85.77999067937228,0.001700217516403975,207
930.0000000000001,655.4402831132618,25.326480512947,86.24122404921509,86.24122444921511,46.99476309934062,86.24122444921511,0.001732474721694914,203
934,651.8154296931625,25.32645274552572,86.66942674490848,86.66942714490848,46.85923600212541,86.66942714490848,0.001765353378030199,199
938,647.7662440488164,25.32645384153313,86.92815745528884,86.92815785528886,46.73186468879906,86.92815785528886,0.001789219650256761,199
941.3536473816736,644,25.32643078867866,86.99960180326303,86.99960220326305,46.63229892602796,86.99960220326305,0.001801230469232409,199
944.5970427214663,640,25.32640815386763,86.93164952143894,86.93164992143896,46.54307497274553,86.93164992143896,0.001805158764366775,199
947.5625573696377,636,25.32641770228151,86.74079327277228,86.7407936727723,46.46839884567291,86.7407936727723,0.001801462755001291,199
950.2824023820768,632,25.32645284370962,86.44319766116439,86.44319806116442,46.40672258652479,86.44319806116442,0.001791130295728798,199
953.9425099251694,626,25.32646775824512,85.81705703386397,85.81705743386399,46.33672459283742,85.81705743386399,0.001764550850197646,199
956,622.2477810251667,25.32645191162367,85.32806017911814,85.32806057911816,46.30556897200852,85.32806057911816,0.001742031750153432,199
958.137922939705,618,25.32645217532258,84.69575924686771,84.69575964686773,46.28093593364462,84.69575964686773,0.00171191407208064,203
960.8253642894015,612,25.32640926195863,83.6667759231613,83.66677632316132,46.26495383761637,83.66677632316132,0.001661702285213772,203
962.425208063818,608,25.32644162380682,82.90454022713318,82.9045406271332,46.26543513914222,82.9045406271332,0.001624168773186125,211
964.5332533085584,602,25.32642618711641,81.64433852399478,81.64433892399479,46.28341438909747,81.64433892399479,0.001562032227944534,211
966,597.1592920975643,25.32644287863357,80.53581318675137,80.53581358675137,46.31216384568025,80.53581358675137,0.001507730699955948,215
967.792861580059,590,25.32645074979856,78.74873930875222,78.74873970875224,46.37823043645818,78.74873970875224,0.001421451809983916,215
968.9546375381273,584,25.32640801346209,77.11744637441323,77.11744677441325,46.45553386211061,77.11744677441325,0.001344466087856483,215
969.8279453059968,578,25.3264576159579,75.37506981659422,75.37507021659424,46.55219665781251,75.37507021659424,0.001264460880467053,223
970.3954553979046,572,25.32644371920277,73.51234322213053,73.51234362213054,46.66976959350039,73.51234362213054,0.001181650337972871,227
970.6848063410887,564,25.32641404593906,70.84491788299007,70.84491828299011,46.8597061343488,70.84491828299011,0.001068297226876733,231
970.5489537931601,558,25.32641399817875,68.70472417308656,68.70472457308658,47.02807171344868,68.70472457308658,0.0009819728478111371,235
970,551.0270034845614,25.32644826259686,66.06087108225455,66.06087148225457,47.25339549575245,66.06087148225457,0.0008811315577328827,239
969.324664951931,546,25.32643230405726,64.04057679381054,64.04057719381056,47.43741907519126,64.04057719381056,0.0008084119292132481,243
968,539.0830313063132,25.32642864156411,61.09741409089494,61.09741449089494,47.72206997378684,61.09741449089494,0.0007091910195965002,263
966.136354812652,532,25.32647734909117,57.8705700483214,57.87057044832141,48.05478763126332,57.87057044832141,0.0006094551438498004,271
964.8217498306444,528,25.32642341918773,55.9349216984137,55.93492209841371,48.26401654641212,55.93492209841371,0.0005540806563243349,287
962.4824635775149,522,25.32641292522818,52.8714192187102,52.87141961871021,48.60862458010123,52.87141961871021,0.0004731157746305091,307
960.6486024863476,518,25.32643599096609,50.70739494304187,50.70739534304187,48.86139219178541,50.70739534304187,0.0004207271942929384,343
958,513.011809512148,25.32643470757563,49.20680507284622,49.20845623811402,49.20680507284622,47.84481935324673,0.0003573356305574827,519
954.8684094532708,508,25.32640697109007,49.59306715394339,49.594417584094,49.59306715394339,44.75188036823113,0.0002961259444262042,511
952,504.0197687510097,25.32649383892702,49.93180849070368,49.93317368383987,49.93180849070368,42.11768921198576,0.0002497017055847506,507
948.6238061710231,500,25.32640646282182,50.3127142606073,50.31409629770268,50.3127142606073,39.22843958623033,0.0002045156486320381,503
944.7121233410785,496,25.32643201726881,50.73672396802228,50.73812501885661,50.73672396802228,36.08766810461208,0.0001618362584946125,503
942,493.5966101483177,25.32644235042971,51.02029196330347,51.02170589249135,51.02029196330347,34.02409142855336,0.0001372401023140234,503
937.220160383599,490,25.32642958300843,51.50096347135742,51.50239953554243,51.50096347135742,30.5805601733274,0.0001018790380400587,495
934,487.9749259755187,25.32646669157436,51.81237027881024,51.81382088855788,51.81237027881024,28.3792414319755,8.275745748781844e-05,491
928,484.9966846695722,25.3264346445291,52.36540510519158,52.36688199162433,52.36540510519158,24.50953605511879,5.514994426807136e-05,487
922,482.9289198283152,25.32643889167582,52.88500406675825,52.88650619452328,52.88500406675825,20.90095856397173,3.561289419293892e-05,483
917.9053419916584,482,25.32647450772835,53.22044182298024,53.22196056608294,53.22044182298024,18.57452007538635,2.582687504080444e-05,483
910,481.2850271690803,25.32643551417592,53.82150274831308,53.82305203172319,53.82150274831308,14.38418282480712,1.299246796976638e-05,479
902,481.9294006882276,25.32647257644032,54.36649172390975,54.36806974645224,54.36649172390975,10.52391944400337,5.7172376735186e-06,475
901.8119781318669,481.9647003441138,25.32645263005811,54.37831432210624,54.37989298521131,54.37831432210624,10.43880040022634,5.598196372222522e-06,475
892.9555062403567,484.3554651206623,25.32641193477184,54.89860279831368,54.90021030013427,54.89860279831368,6.633863931042922,1.773345295584961e-06,475
883,489.2001644934412,25.32639884647624,55.37212061808629,55.37375635528927,55.37212061808629,2.971412264415623,2.600582396111537e-07,471
876.077710984335,494.0615900633003,25.32644974498452,55.62349061388289,55.62514293543837,55.62349061388289,0.8651682635421847,1.663069772180321e-08,471
868.7629010045882,500.793266007298,25.32641773061015,55.80724292580904,55.8089094563412,55.80724292580904,0,0,467
863.2995679698649,507.1047803123924,25.32638874747295,55.88063270854433,55.88230719680612,55.88063270854433,0,0,467
857.5402182439158,515.2696859273296,25.32640662506335,55.88608953313656,55.88776935749558,55.88608953313656,0,0,467
853.0944925134393,523,25.32641592040514,55.8254825756425,55.82716373362639,55.8254825756425,0,0,463
848.4620050773433,533,25.32640381898968,55.67847358491192,55.68015250302714,55.67847358491192,0,0,459
845.5005499181766,541,25.32640095325947,55.51827789144713,55.51995250609458,55.51827789144713,0,0,459
842.1713829627618,552.723135583975,25.32643753263056,55.23039880837168,55.23206392335312,55.23039880837168,1.958946914420764,9.570837006766567e-08,459
839.988848346697,563.9293267352573,25.32648446508564,54.9069372482756,54.90864248503075,54.9069372482756,4.671799058528826,7.069315867036355e-07,479
838.7281933957909,575,25.3264208765743,54.54757682935665,54.54935079574862,54.54757682935665,7.918811378043292,2.560361847859985e-06,491
838.3176976275522,589,25.32642777683866,54.04543790059822,54.04729243287322,54.04543790059822,12.7910961874272,8.701275268037192e-06,503
839.0325096375309,601,25.32639368231089,53.57436083408508,53.57627860710976,53.57436083408508,17.66135878012032,2.036209897531481e-05,507
840.7707671521764,613,25.32640963259996,53.06590520697286,53.06788069261115,53.06590520697286,23.19788518013872,4.239705554946007e-05,515
843.0930580650424,623,25.32641974023987,52.61000602309855,52.61171515224713,52.61000602309855,28.37166912668859,7.341321348239541e-05,519
846.3706763846751,633.0349637353797,25.32640687262949,52.11631093222132,52.11801811890157,52.11631093222132,34.15493821064683,0.0001223564832910861,519
850.1470964103232,641.7080564753204,25.32648160995328,51.65189964482366,51.65360256401729,51.65189964482366,39.72486675841855,0.0001860593800051718,523
855.4646571343239,650.7921087965776,25.32640317153874,51.10647847835939,51.10817339889431,51.10647847835939,46.34572102644594,0.0002861639970611943,527
861.5925624587221,658.432122540695,25.32640708425599,52.83323614863971,52.83323654863972,50.57198815764107,52.83323654863972,0.0004135529139625711,315
867.909339603759,664.0682134879846,25.32646331460035,58.57904482527508,58.57904522527509,50.0909239817595,58.57904522527509,0.0005537806679280169,267
877,669.169586771151,25.32637592754503,65.52964455577306,65.52964495577308,49.48535141821433,65.52964495577308,0.0007623911299870468,239
887,671.684209479301,25.3263985643143,71.77346976661387,71.77347016661389,48.90138605410613,71.77347016661389,0.0009912572246702509,223
901,670.8415341371118,25.32639059786349,78.49715412627225,78.49715452627227,48.18790396770401,78.49715452627227,0.001289847934033234,215
910.0007148883018,668.0003088201745,25.32649124117731,81.7595342028,81.75953460280002,47.77912725082015,81.75953460280002,0.001458735924976466,207
919.0152649186268,663.4060430908228,25.32641514038824,84.24023493894991,84.24023533894993,47.40494366118307,84.24023533894993,0.0016016205772385,207
926.4220981846712,658.3272217477236,25.32639886717923,85.71210252707978,85.7121029270798,47.12278128046655,85.7121029270798,0.001695604339303005,207
933.9023084145726,651.9077148465813,25.32644718494035,86.66043848032976,86.66043888032978,46.86247429265566,86.66043888032978,0.001764626040479897,199
939.8066184917707,645.7849586181774,25.32645888878962,86.9852223374764,86.98522273747642,46.67729553838059,86.98522273747642,0.001796724814320229,199
946.0590636092547,638.0801187440354,25.32644754396505,86.85741465921561,86.85741505921563,46.50520280995994,86.85741505921563,0.001804461698963132,199
951.7762305413428,629.6404583023341,25.3264464987612,86.2198742058664,86.21987460586642,46.37624685399442,86.21987460586642,0.001782081277768039,199
956.0650100494632,622.1238905125833,25.3264505129914,85.31069109826534,85.31069149826536,46.30470155590709,85.31069149826536,0.001741215571299865,199
960.4126821447007,612.9744178540005,25.32640751406379,83.84335492379923,83.84335532379924,46.26617893600033,83.84335532379924,0.001670370883554755,203
963.9358650436048,603.8111550775715,25.3264621862593,82.04058686185864,82.04058726185866,46.27567127226551,82.04058726185866,0.001581559097163551,211
967.0863666308995,593,25.32637714299772,79.51405735881251,79.51405775881253,46.34762152973558,79.51405775881253,0.001458151920185695,215
969.1161381794591,583,25.32637722247505,76.83270998696514,76.83271038696515,46.47051115598907,76.83271038696515,0.001331220282730049,215
970.4562123756882,571,25.32640201716369,73.18808037023183,73.18808077023185,46.69167428056451,73.18808077023185,0.001167528898010464,227
970.5885703649733,559,25.32637727479521,69.06771682109058,69.0677172210906,46.99866424140691,69.0677172210906,0.0009963147339074349,235
969.4738391596643,547,25.3264038374758,64.44816923976977,64.44816963976979,47.39956660442806,64.44816963976979,0.0008227766159831103,243
966.9805960441304,535,25.3263692865629,59.25972295243326,59.25972335243326,47.90912457877366,59.25972335243326,0.0006512360654522446,263
964.0498093257561,525.8691734929154,25.32645339323003,54.8731780970738,54.8731784970738,48.38159684888524,54.8731784970738,0.0005251055508226823,291
959.8214000266946,516.3445248625865,25.32646995411613,49.78123765078801,49.78123805078802,48.97179713556532,49.78123805078802,0.0003994923748551799,367
955.4342047266355,508.85549930048,25.32637764845476,49.52442583292726,49.52577329630793,49.52442583292726,45.29414422332185,0.0003063242424314569,511
949.3119030855116,500.7833167605088,25.32637056316269,50.23587282848321,50.2372514537544,50.23587282848321,39.80566634737913,0.0002130768387028179,503
943.2368949276872,494.6690105586737,25.32638427426349,50.89150954295811,50.89291761256611,50.89150954295811,34.95778676252792,0.0001480406332716083,503
935.0210792855505,488.5985599676649,25.32637639290235,51.7140594499656,51.71550545760289,51.7140594499656,29.07164535511561,8.849169597509315e-05,491
927,484.6003714143262,25.326381345989,52.4538968697122,52.45537802096683,52.4538968697122,23.89335743840827,5.141172641756672e-05,487
916.9526709958292,481.8517397939654,25.3264053562056,53.29555535827063,53.2970778701192,53.29555535827063,18.05223518911099,2.390601554608367e-05,483
903,481.7829292494836,25.3264114323488,54.30153540778614,54.30310994907781,54.30153540778614,10.98811232391314,6.39524923910233e-06,475
916.6688388690682,580.9577936949926,25.08408871811293,49.5267048810306,49.52863247871741,49.52670488103036,49.52670528103061,0.0003728747712888142,539
919.0043849096462,577.6871914476643,25.0858184657569,49.52670488103066,49.52670528103067,49.48563249230456,49.52670528103067,0.0003740068033964938,455
921.326767868713,574.4072292894488,25.08863165939756,49.52670488103066,49.52670528103067,49.44595410997181,49.52670528103067,0.0003751330106108813,435
923.8130318079101,570.8645555257477,25.09288803741079,49.52670488103066,49.52670528103067,49.40480569704988,49.52670528103067,0.000376339316073355,419
926.1079564486072,567.5653229996273,25.09799403985117,49.5267048810306,49.52670528103061,49.36808775086354,49.52670528103061,0.0003774533730327469,415
928.5645635410048,564.0020201265964,25.10475146363675,49.52670488103077,49.52670528103078,49.33017654594832,49.52670528103078,0.0003786465557746096,403
930.8318699726143,560.6837470948717,25.11221041717716,49.52670488103066,49.52670528103067,49.29651147837873,49.52670528103067,0.0003797483924277229,399
933.2586490628438,557.1000633729743,25.1215359171589,49.52670488103066,49.52842804285412,49.2619400466676,49.52670528103067,0.0003809283774576185,391
935.4981793188484,553.7629810245253,25.13141206594531,49.52670488103066,49.5280040751737,49.23142599035212,49.52670528103067,0.0003820179245864046,391
937.894961329702,550.1591661341881,25.14337687346089,49.52670488103066,49.52670528103067,49.20030324068507,49.52670528103067,0.0003831846378110117,391
940.1065593787904,546.8035069683672,25.15573849833519,49.5267048810306,49.52670528103061,49.17304442746666,49.52670528103061,0.0003842618270319514,391
942.473177323,543.1798119925843,25.17041862984387,49.52670488103066,49.52808133483985,49.1454860714143,49.52670528103067,0.0003854151952573857,379
944.6566890799382,539.8058098030176,25.18533852996724,49.52670488103055,49.52670528103055,49.12159327671225,49.52670528103055,0.0003864799590228276,379
946.9929780718095,536.1624872098575,25.20281489712512,49.52670488103066,49.52670528103067,49.0977223275468,49.52670528103067,0.0003876199099560905,379
949.1482514081766,532.7703770681561,25.22037071150958,49.52670488103072,49.52777650491922,49.07731335355106,49.52670528103072,0.0003886721815556054,379
951.4540486750774,529.107680693172,25.24072961563093,49.52670488103072,49.52670528103072,49.05726066905788,49.52670528103072,0.0003897986438060647,379
953.5809334298634,525.697698932554,25.26100432319654,49.5267048810306,49.52670528103061,49.04046087062738,49.52670528103061,0.0003908383573678194,379
955.8560783235641,522.0158839610982,25.28433809743695,49.52670488103072,49.52670528103072,49.02436574417586,49.52670528103072,0.0003919512604487051,379
957.9544263136331,518.5882681599235,25.30742007382863,49.52670488103066,49.52670528103067,49.0113086017636,49.52670528103067,0.0003929783509408793,379
960.1987603214994,514.8875911093686,25.33382721358532,49.5267048810306,49.52670528103061,48.99931940653789,49.52670528103061,0.000394077625270804,383
962.2684253519128,511.4425800745861,25.3598112143,49.5267048810306,49.52670528103061,48.99014715095829,49.52670528103061,0.0003950920285029975,383
964.4817921079492,507.7232987764531,25.38939711718998,49.52670488103072,49.52670528103072,48.98242204284515,49.52670528103072,0.0003961776054074948,379
966.5226299821517,504.261132526963,25.41838442096051,49.52670488103066,49.52670528103067,48.97728633726467,49.52670528103067,0.000397179258032167,383
968.7048752778961,500.5235061089577,25.45126211619099,49.52670488103072,49.52670528103072,48.97399402250962,49.52670528103072,0.000398251069745244,383
970.7167438077621,497.0444258588882,25.48336112078051,49.5267048810306,49.52670528103061,48.97305670767734,49.52670528103061,0.0003992399092591599,383
972.8677156030292,493.2887147268476,25.51965142178918,49.52670488103066,49.52670528103067,48.97437728217057,49.52670528103067,0.0004002978889248545,383
974.8504746187695,489.7929628687504,25.5549785130681,49.5267048810306,49.52670528103061,48.97781119162069,49.52670528103061,0.0004012738536705465,383
976.9700230522442,486.0194286884993,25.59481116122109,49.52670488103066,49.52670528103067,48.98393705949141,49.52670528103067,0.0004023179353445112,387
978.923534412171,482.5072487764608,25.63349108154769,49.5267048810306,49.52670528103061,48.99192691227284,49.52670528103061,0.0004032809645117326,387
981.0115118118495,478.7161544555819,25.67700539557293,49.52670488103066,49.52670528103067,49.00306379240637,49.52670528103067,0.0004043110831628091,391
982.9356394120018,475.1877911882551,25.71917209725798,49.52670488103072,49.52670528103072,49.01580717182247,49.52670528103072,0.0004052611167900146,391
984.9919003054794,471.3794008577712,25.76651773299836,49.52670488103066,49.52670528103067,49.03217520199433,49.52670528103067,0.0004062772083018133,399
986.8865100891051,467.8351000613265,25.81231539603586,49.5267048810306,49.52670528103061,49.0498836298928,49.52670528103061,0.0004072141872776213,407
988.9109112137123,464.0096790572986,25.86365317911805,49.52670488103066,49.52670528103067,49.07171857942195,49.52670528103067,0.0004082161884501205,411
990.7758711806085,460.4496876682973,25.91323682140159,49.52670488103066,49.52670528103067,49.09461869679448,49.52670528103067,0.0004091400545147996,411
992.7682714933918,456.607502513338,25.96874017601296,49.52670488103072,49.52670528103072,49.12217330002031,49.52670528103072,0.0004101279030659179,415
994.6034517091009,453.0320685615275,26.02227690360359,49.5267048810306,49.52670528103061,49.1505081660444,49.52670528103061,0.000411038598812849,415
996.5637123966496,449.173386946232,26.08213248450698,49.5267048810306,49.52670528103061,49.18405359052664,49.52670528103061,0.000412012233380044,423
998.3689850015127,445.5827595372656,26.13980220390526,49.52670488103066,49.52670528103067,49.21808411377902,49.52670528103067,0.0004129097022572006,427
1000.29696948963,441.7078503015613,26.20421116327601,49.5267048810306,49.52670528103061,49.25791157894595,49.52670528103061,0.0004138690623990466,435
1002.072208707694,438.1022795996425,26.26620777098582,49.52670488103072,49.52670528103072,49.29791809633961,49.52670528103072,0.0004147532487104557,447
1003.967782670914,434.2114127140587,26.33538700139227,49.52670488103072,49.52670528103072,49.34434066042886,49.52670528103072,0.0004156982749082233,459
1005.712864818696,430.5911499245113,26.40191981118354,49.5267048810306,49.52670528103061,49.39062468152095,49.52670528103061,0.0004165691238154319,479
1007.575896189639,426.6845964713698,26.47610357747187,49.5267048810306,49.52670528103061,49.44397921707793,49.52670528103061,0.0004174997574746588,491
1009.290699684743,423.0498938231372,26.54739865657349,49.5267048810306,49.52670528103061,49.49686535382714,49.52670528103061,0.0004183572149981965,527
1009.170539427574,422.625896946491,26.55107511896022,49.52670488103037,49.52851778050108,49.52670488103037,49.36584784302999,0.0004145640327867641,591
1006.929593786436,425.9585305955235,26.4757101253272,49.52670488103046,49.52852723931647,49.52670488103046,49.02736644558536,0.0004056890465627832,579
1004.526825432099,429.5545971696657,26.39750730437521,49.52670488103027,49.52853730038652,49.52670488103027,48.67830090899284,0.0003966360520817065,571
1002.30550601757,432.9003443902189,26.32757051766489,49.52670488103037,49.52854652693017,49.52670488103037,48.36861247814131,0.0003886845397658278,559
999.9239150092233,436.5104710970285,26.25506748774785,49.52670488103046,49.52855633899062,49.52670488103046,48.05076256497841,0.0003805967499707242,555
997.7222985571882,439.8692163096538,26.19029161067524,49.52670488103037,49.52856533537336,49.52670488103037,47.77025525666797,0.0003735156850228315,547
995.3619671673262,443.4932784366455,26.12320838010502,49.52670488103046,49.52857490072599,49.52670488103046,47.48404388030747,0.000366339023412442,543
993.1801297330278,446.8649056128755,26.06334063544383,49.52670488103027,49.52858366911344,49.52670488103027,47.23311506767568,0.0003600809688954533,539
990.8411394997297,450.5027779661611,26.00141252688236,49.52670488103037,49.52859299012115,49.52670488103037,46.97897533039776,0.0003537673033624399,535
988.6791564551397,453.8871706325208,25.94621368312295,49.52670488103037,49.52861976854396,49.52670488103037,46.75803209941186,0.0003482902772442906,531
986.3615881792507,457.5387275411356,25.88919031710044,49.52670488103027,49.52867355138955,49.52670488103027,46.53640784343493,0.0003427972860039578,531
984.2195342104683,460.9357687831618,25.83843466213508,49.52670488103037,49.52861893092971,49.52670488103037,46.34586752121731,0.0003380646473424313,535
981.9234679528067,464.6008841034067,25.7860799269533,49.52670488103046,49.52862777056942,49.52670488103046,46.15721391631775,0.0003333557084006835,527
979.8014170574777,468.0104565696892,25.7395544047421,49.52670488103037,49.5286358685125,49.52670488103037,45.99750463479708,0.0003293360663819113,523
977.526932136072,471.6890036894855,25.69164555919459,49.52670488103046,49.52864447124428,49.52670488103046,45.84228880549649,0.0003253801727109533,519
975.424957620831,475.1109895957222,25.64914931598195,49.52670488103036,49.52865235039793,49.52670488103036,45.71385010328016,0.0003220473205992796,519
973.1721326081783,478.8028414389879,25.60547621610741,49.52670488103046,49.52866071881648,49.52670488103046,45.59255179886581,0.0003188190232861315,515
971.0903070861195,482.2371225720503,25.56681973150199,49.52670488103046,49.52866838161684,49.52670488103046,45.49583526451708,0.0003161518994358847,511
968.8592198064705,485.9421516030907,25.52718392147409,49.52670488103018,49.52867651837075,49.52670488103018,45.40894757549452,0.0003136312811723472,511
966.7976151946364,489.3886093251097,25.49218814342754,49.52670488103036,49.52868396730334,49.52670488103036,45.34441753571553,0.0003116139593516091,511
964.5883427213084,493.1066875530198,25.45640239261247,49.52670488103065,49.5286918750955,49.52670488103065,45.29244766065004,0.0003097866407456132,511
962.5470302382064,496.5652028054852,25.42489829379358,49.52670488103037,49.5286991126946,49.52670488103037,45.26058191723552,0.0003084083521295402,511
960.3596488909211,500.2962017885736,25.39278560361437,49.52670488103018,49.52804647571859,49.52670488103018,45.24405198435392,0.0003072655334380571,511
958.3386990540637,503.7666550964442,25.36461348688637,49.52670488103027,49.52804894365764,49.52670488103027,45.24534260417304,0.0003065207227454149,515
956.173284396308,507.510445946671,25.33600673399015,49.52670488103046,49.52805154374384,49.52670488103046,45.26479055254751,0.0003060592637594844,515
954.1727670197765,510.9927174225031,25.31101575583685,49.52670488103057,49.52805390495035,49.52670488103057,45.2997447152714,0.0003059476821324756,511
952.0293938561958,514.7491708099293,25.28575693211681,49.52670488103046,49.5282684834051,49.52670488103046,45.35572524092905,0.0003061702230870286,507
950.0493780482277,518.2431401580205,25.26380442281378,49.52670488103037,49.52828517195092,49.52670488103037,45.42486614971811,0.0003066970604522645,519
947.928120422039,522.0121263152776,25.24174429632769,49.52670488103037,49.52812154569288,49.52670488103037,45.51795172258986,0.0003076121869885934,527
945.9686745826421,525.5176728358181,25.22269552907822,49.52670488103037,49.52837700756635,49.52670488103037,45.62181958353224,0.0003087882467880836,531
943.869605773077,529.2990615625923,25.20369300199457,49.52670488103016,49.52816555700954,49.52670488103016,45.75260154181399,0.0003104107021673904,535
941.9307975916659,532.8160641558374,25.18742071116009,49.52670488103037,49.52818647014479,49.52670488103037,45.89175461854425,0.0003122526215144537,531
939.8539901114398,536.6097248233643,25.17134244585947,49.52670488103046,49.52820879128954,49.52670488103046,46.06084434777219,0.0003146035694684735,539
937.9358865644961,540.1380619938182,25.15772624558598,49.52670488103046,49.52838172350003,49.52670488103046,46.23586009842816,0.0003171340879665989,543
935.881412157303,543.9438635493971,25.14444626142135,49.52670488103037,49.52859368566203,49.52670488103037,46.44389030340724,0.000320241429778903,543
933.9840795060645,547.4834134100076,25.13337249581236,49.52670488103037,49.52827142669394,49.52670488103037,46.65536660790766,0.0003234897104444335,543
931.952009144097,551.3012243815302,25.12277205009702,49.52670488103037,49.52829295307948,49.52670488103037,46.90299268657532,0.0003273884600859475,539
930.0755129322667,554.8518646579008,25.11413347034185,49.52670488103046,49.52831275929412,49.52670488103046,47.15154917312832,0.0003313904660405409,539
928.065916813767,558.6815531583894,25.10610015827126,49.52670488103046,49.52833389331926,49.52670488103046,47.43945070250653,0.0003361231874387248,539
926.2103218652483,562.2431611930048,25.0997955412649,49.52670488103046,49.52835333681048,49.52670488103046,47.72573018333122,0.0003409221182884734,539
924.2232694120812,566.0845949251706,25.09422366061385,49.52670488103057,49.52837408197164,49.52670488103057,48.05461252894195,0.0003465394290949679,539
922.3886398287409,569.6570476816303,25.09015771902605,49.52670488103057,49.52839316603323,49.52670488103057,48.37928255638811,0.0003521862211931624,539
920.4241996839955,573.5100939424449,25.08694767190238,49.52670488103037,49.52844217379345,49.52670488103037,48.74987861790346,0.0003587473677339833,539
918.6105988434476,577.0932680097159,25.08503063621945,49.52670488103018,49.52853416669912,49.52670488103018,49.11363317354151,0.0003653012628383831,539
916.6688388690682,580.9577936949922,25.08408871811291,49.52670488103055,49.52863247871721,49.52670488103026,49.52670528103055,0.0003728747712888118,539
916.7589007985016,580.8321680547031,25.08413531425979,49.52669743712536,49.52859302978788,49.52510041515916,49.52669783712537,0.0003729182596029386,523
921.0594638326302,574.7861555638212,25.08825135432974,49.52669747776999,49.52669787776999,49.45046138523701,49.52669787776999,0.0003750032024740424,435
925.3150503614979,568.7084016410527,25.09609987582141,49.52669751757002,49.52669791757003,49.38063470587484,49.52669791757003,0.0003770682429580838,415
929.6998738735841,562.344015883903,25.10833741925845,49.52669755814949,49.5266979581495,49.31315818407477,49.5266979581495,0.000379198052592933,399
933.8629086494494,556.2024972683367,25.12407886888355,49.52669759628005,49.52669799628006,49.25357405283668,49.52669799628006,0.0003812221415224871,391
938.1508237910665,549.7724220715568,25.1447413745671,49.5266976351575,49.5266980351575,49.19707765706156,49.5266980351575,0.0003833090740671108,395
942.2203515492702,543.5685480177399,25.16877724702355,49.52669767168842,49.52669807168843,49.14834947645134,49.52669807168843,0.0003852917928242984,383
946.4103744002691,537.0742588490889,25.19830762018953,49.52669770893416,49.52669810893416,49.10350826478729,49.52669810893416,0.0003873354170178015,379
950.3854613326022,530.8094529198677,25.23108845251641,49.5266977439307,49.52669814393071,49.06632102290953,49.52669814393071,0.0003892763562062426,379
954.4766304355448,524.252439981869,25.26998430854026,49.52669777961033,49.52669817961034,49.03388959320662,49.52669817961034,0.0003912762504075537,379
958.356364404524,517.9281397217328,25.31201699634607,49.52669781313367,49.52669821313368,49.00900978664232,49.52669821313368,0.0003931750098796596,379
962.3477409853024,511.3099076097283,25.36083899931113,49.52669784730912,49.52669824730912,48.98983344154373,49.52669824730912,0.0003951307620964061,383
966.1312317334717,504.9275642149455,25.41269543446327,49.52669787941644,49.52669827941644,48.97812066176698,49.52669827941644,0.0003969869509814553,379
970.021899916722,498.2496315718442,25.4720770675586,49.52669791214529,49.52669831214529,48.97314846649176,49.52669831214529,0.0003988981588995379,383
973.7082792709352,491.8107095574661,25.53440422946614,49.52669794289027,49.52669834289028,48.97556897278803,49.52669834289028,0.0004007113956323666,383
977.497346290198,485.074608725272,25.60506329663572,49.52669797422663,49.52669837422663,48.98586907756057,49.52669837422663,0.0004025776666460835,387
981.085768360832,478.5805855890799,25.67859555296081,49.52669800365964,49.52669840365964,49.00351175156021,49.52669840365964,0.0004043475789961775,391
984.7723647634103,471.7878622572747,25.76134765964378,49.52669803365429,49.5266984336543,49.03028943475874,49.5266984336543,0.0004061685302386935,395
988.2620061384659,465.2402281407476,25.84692087181589,49.52669806182252,49.52669846182253,49.06438460230358,49.52669846182253,0.0004078947553395523,411
991.8452859849318,458.392440991612,25.94269614001006,49.52669809052323,49.52669849052323,49.10900359639022,49.52669849052323,0.0004096700137135655,411
995.2353459189776,451.7926983379938,26.0412648178255,49.52669811747102,49.52669851747103,49.16094531689478,49.52669851747103,0.0004113521980922012,419
998.7144869772849,444.8914186889466,26.1511270080987,49.52669814492234,49.52669854492234,49.22495311349513,49.52669854492234,0.0004130814003006825,427
1002.004187575198,438.2410818984899,26.26378363704269,49.52669817069125,49.52669857069125,49.2963256824192,49.52669857069125,0.0004147191999071053,447
1005.378391509355,431.2878933415275,26.3889508107526,49.52669819693514,49.52669859693514,49.38148368414726,49.52669859693514,0.000416401992483983,475
1008.56697790482,424.5884884239945,26.5169482264657,49.52669822156416,49.52669862156417,49.47409328027781,49.52669862156417,0.0004179950727205999,503
1008.221303088868,424.035087995605,26.51886267780233,49.52670413746745,49.52852105242055,49.52670413746745,49.22096841879684,0.0004107533662311984,579
1004.098920436677,430.1975263390572,26.38385956851488,49.52670414730023,49.52853834960686,49.52670414730023,48.61766695200579,0.0003950734204643876,571
999.8390687701238,436.6395429391258,26.25253117065586,49.52670415730087,49.5285559632814,49.52670415730087,48.03971720493149,0.0003803169449943856,555
995.7826517522262,442.8456017565107,26.13498720841384,49.52670416667699,49.52857248757158,49.52670416667699,47.53394548938132,0.0003675870788844126,543
991.5917556378147,449.3326892273876,26.0210341854451,49.52670417621796,49.52858930297977,49.52670417621796,47.05884103837198,0.0003557493231879651,535
987.6017657756199,455.5816624204426,25.91943000754503,49.52670418516762,49.52864409852454,49.52670418516762,46.65302877580677,0.0003456883683138031,531
983.4803020352039,462.1130826896509,25.82134842735133,49.52670419427847,49.52862109892855,49.52670419427847,46.28335695172686,0.0003365076987714744,531
979.55719329233,468.4042592775019,25.73431336758969,49.52670420282811,49.528636117844,49.52670420282811,45.98004476741161,0.0003288939372040659,523
975.5056308480504,474.9792692285741,25.65074895197261,49.52670421153606,49.52865137975936,49.52670421153606,45.71851417844753,0.0003221696043130126,519
971.6498495786739,481.3119334286289,25.57705004620663,49.52670421971108,49.52866566738486,49.52670421971108,45.52036495982392,0.0003168389814812517,515
967.6686493996083,487.9297849856529,25.50678415997386,49.52670422804015,49.52868017529736,49.52670422804015,45.36981802789439,0.0003124297302618367,511
963.880634297679,494.3032162950413,25.44531113344457,49.52670423586333,49.52869374666362,49.52670423586333,45.2796297078949,0.0003092750092425998,511
959.9702493473936,500.9631565077738,25.38724588610867,49.52670424383728,49.52804631712539,49.52670424383728,45.2430568241169,0.0003070987456364678,511
956.2504313967238,507.376629785321,25.33699795984383,49.52670425132946,49.52805082217824,49.52670425132946,45.26377683837708,0.0003060697505771265,515
952.4113065817372,514.0779009148564,25.29014326913596,49.52670425896904,49.52807194209425,49.52670425896904,45.34433239841885,0.000306104424335384,511
948.7601090069646,520.5306864635874,25.25021760459947,49.52670426614934,49.52811186977171,49.52670426614934,45.47907409021206,0.0003072095339248009,527
944.9926811261286,527.2725260685683,25.2136801725581,49.52670427347415,49.52857939957146,49.52670427347415,45.68009472187184,0.0003094954132854149,531
941.4105193445645,533.7638897187297,25.1832618635168,49.52670428036158,49.52819146926048,49.52670428036158,45.93215602351775,0.0003128044805254306,535
937.7152170393666,540.545530742095,25.15623528274714,49.52670428738917,49.52840391766505,49.52670428738917,46.25718138251314,0.0003174480112792031,543
934.2024986137312,547.0747339346858,25.13458935980087,49.52670429399958,49.52826852114871,49.52670429399958,46.63006617006531,0.000323096903850249,543
930.5797423195265,553.8954047909426,25.11634653458226,49.52670430074714,49.52830686383182,49.52670430074714,47.08286275911674,0.0003302763658736733,539
927.1368669115785,560.4617046617439,25.10281035546392,49.52670430709605,49.52834306287418,49.52670430709605,47.58030536199531,0.0003384733428720881,539
923.5870688097535,567.3206293247556,25.09269664057652,49.52670431357895,49.52838014004945,49.52670431357895,48.16489392723345,0.000348446541730737,539
920.214428134818,573.92327878885,25.08667456400022,49.52670431968065,49.52845226183046,49.52670431968065,48.79088738096246,0.0003594807084243204,539
916.737992105895,580.819676880129,25.0841025584849,49.52670432591314,49.52862842613737,49.52670432591314,49.51157456430511,0.0003725949693355591,539
