case,a,beta_deg,w,x,y,J,P_finish,P_onsite,representative_only
a0_b0,0.0,0.0,0,906.61940693127,572.792222899373,25.075721932282,0.266211850594134,0,True
a0_b0,0.0,0.0,0,906.61940693127,-572.792222899373,25.075721932282,0.266211850594134,0,True
a0_b0,0.0,0.0,0.05,895.786469470461,562.29002494931,25.0862294463774,0.287677304755808,0,True
a0_b0,0.0,0.0,0.05,895.786469470461,-562.29002494931,25.0862294463774,0.287677304755808,0,True
a0_b0,0.0,0.0,0.1,885.869215864265,554.025922660584,25.1124513325215,0.304022582091715,0,True
a0_b0,0.0,0.0,0.1,885.869215864265,-554.025922660584,25.1124513325215,0.304022582091715,0,True
a0_b0,0.0,0.0,0.2,867.443056398354,541.793287188394,25.1970352314579,0.328364013031888,0,True
a0_b0,0.0,0.0,0.2,867.443056398354,-541.793287188394,25.1970352314579,0.328364013031888,0,True
a0_b0,0.0,0.0,0.35,840.921239985028,529.583659829511,25.3912445756733,0.35419697032876,0,True
a0_b0,0.0,0.0,0.35,840.921239985028,-529.583659829511,25.3912445756733,0.35419697032876,0,True
a0_b0,0.0,0.0,0.5,813.824371479152,521.018510869701,25.6746025616283,0.373364048581302,0,True
a0_b0,0.0,0.0,0.5,813.824371479152,-521.018510869701,25.6746025616283,0.373364048581302,0,True
a0_b0,0.0,0.0,0.65,785.070084106417,513.089848289038,26.0760243822584,0.388135209679873,0,True
a0_b0,0.0,0.0,0.65,785.070084106417,-513.089848289038,26.0760243822584,0.388135209679873,0,True
a0_b0,0.0,0.0,0.8,754.029054966445,502.358537975245,26.6505996163508,0.398915466793782,0,True
a0_b0,0.0,0.0,0.8,754.029054966445,-502.358537975245,26.6505996163508,0.398915466793782,0,True
a0_b0,0.0,0.0,0.9,731.423130778445,490.731442402798,27.1956181040777,0.403657784398248,0,True
a0_b0,0.0,0.0,0.9,731.423130778445,-490.731442402798,27.1956181040777,0.403657784398248,0,True
a0_b0,0.0,0.0,0.95,719.103049974651,482.248273896758,27.5563608098308,0.405105218188298,0,True
a0_b0,0.0,0.0,0.95,719.103049974651,-482.248273896758,27.5563608098308,0.405105218188298,0,True
a0_b0,0.0,0.0,1,705.537443819203,470.667965920054,28.0245163683768,0.405679556046621,0,True
a0_b0,0.0,0.0,1,705.537443819203,-470.667965920054,28.0245163683768,0.405679556046621,0,True
a1700_b0,1700.0,0.0,0,1770.09721066063,41.9598383601912,1.87819025027083,1,0,True
a1700_b0,1700.0,0.0,0,1770.09721066063,-41.9598383601912,1.87819025027083,1,0,True
a1700_b0,1700.0,0.0,0.05,1770.09721066063,41.9598383601912,1.87819025027083,1,0,True
a1700_b0,1700.0,0.0,0.05,1770.09721066063,-41.9598383601912,1.87819025027083,1,0,True
a1700_b0,1700.0,0.0,0.1,1770.09721066063,41.9598383601912,1.87819025027083,1,0,True
a1700_b0,1700.0,0.0,0.1,1770.09721066063,-41.9598383601912,1.87819025027083,1,0,True
a1700_b0,1700.0,0.0,0.2,1770.09721066063,41.9598383601912,1.87819025027083,1,0,True
a1700_b0,1700.0,0.0,0.2,1770.09721066063,-41.9598383601912,1.87819025027083,1,0,True
a1700_b0,1700.0,0.0,0.35,1770.09721066063,41.9598383601912,1.87819025027083,1,0,True
a1700_b0,1700.0,0.0,0.35,1770.09721066063,-41.9598383601912,1.87819025027083,1,0,True
a1700_b0,1700.0,0.0,0.5,1770.09721066063,41.9598383601912,1.87819025027083,1,0,True
a1700_b0,1700.0,0.0,0.5,1770.09721066063,-41.9598383601912,1.87819025027083,1,0,True
a1700_b0,1700.0,0.0,0.65,1770.09721066063,41.9598383601912,1.87819025027083,1,0,True
a1700_b0,1700.0,0.0,0.65,1770.09721066063,-41.9598383601912,1.87819025027083,1,0,True
a1700_b0,1700.0,0.0,0.8,1770.09721066063,41.9598383601912,1.87819025027083,1,0,True
a1700_b0,1700.0,0.0,0.8,1770.09721066063,-41.9598383601912,1.87819025027083,1,0,True
a1700_b0,1700.0,0.0,0.9,1770.09721066063,41.9598383601912,1.87819025027083,1,0,True
a1700_b0,1700.0,0.0,0.9,1770.09721066063,-41.9598383601912,1.87819025027083,1,0,True
a1700_b0,1700.0,0.0,0.95,1770.09721066063,41.9598383601912,1.87819025027083,1,0,True
a1700_b0,1700.0,0.0,0.95,1770.09721066063,-41.9598383601912,1.87819025027083,1,0,True
a1700_b0,1700.0,0.0,1,1770.09721066063,41.9598383601912,1.87819025027083,1,0,True
a1700_b0,1700.0,0.0,1,1770.09721066063,-41.9598383601912,1.87819025027083,1,0,True
a1700_b90,1700.0,90.0,0,1454.61686507056,412.05763239786,10.727921358426,1,0,True
a1700_b90,1700.0,90.0,0.05,1454.61686507056,412.05763239786,10.727921358426,1,0,True
a1700_b90,1700.0,90.0,0.1,1454.61686507056,412.05763239786,10.727921358426,1,0,True
a1700_b90,1700.0,90.0,0.2,1454.61686507056,412.05763239786,10.727921358426,1,0,True
a1700_b90,1700.0,90.0,0.35,1454.61686507056,412.05763239786,10.727921358426,1,0,True
a1700_b90,1700.0,90.0,0.5,1454.61686507056,412.05763239786,10.727921358426,1,0,True
a1700_b90,1700.0,90.0,0.65,1454.61686507056,412.05763239786,10.727921358426,1,0,True
a1700_b90,1700.0,90.0,0.8,1454.61686507056,412.05763239786,10.727921358426,1,0,True
a1700_b90,1700.0,90.0,0.9,1454.61686507056,412.05763239786,10.727921358426,1,0,True
a1700_b90,1700.0,90.0,0.95,1454.61686507056,412.05763239786,10.727921358426,1,0,True
a1700_b90,1700.0,90.0,1,1454.61686507056,412.05763239786,10.727921358426,1,0,True
a1780_b0,1780.0,0.0,0,1792.5034106813,4.4086956307865e-13,0.0,1,1,True
a1780_b0,1780.0,0.0,0.05,1792.5034106813,4.4086956307865e-13,0.0,1,1,True
a1780_b0,1780.0,0.0,0.1,1792.5034106813,4.4086956307865e-13,0.0,1,1,True
a1780_b0,1780.0,0.0,0.2,1792.5034106813,4.4086956307865e-13,0.0,1,1,True
a1780_b0,1780.0,0.0,0.35,1792.5034106813,4.4086956307865e-13,0.0,1,1,True
a1780_b0,1780.0,0.0,0.5,1792.5034106813,4.4086956307865e-13,0.0,1,1,True
a1780_b0,1780.0,0.0,0.65,1792.5034106813,4.4086956307865e-13,0.0,1,1,True
a1780_b0,1780.0,0.0,0.8,1792.5034106813,4.4086956307865e-13,0.0,1,1,True
a1780_b0,1780.0,0.0,0.9,1792.5034106813,4.4086956307865e-13,0.0,1,1,True
a1780_b0,1780.0,0.0,0.95,1792.5034106813,4.4086956307865e-13,0.0,1,1,True
a1780_b0,1780.0,0.0,1,1792.5034106813,4.4086956307865e-13,0.0,1,1,True
